account_id,client_id,balance,account_type,currency,opened_months_ago
ACC00000001389,CLI00000001,5537,Ahorros,COP,26
ACC00000001556,CLI00000001,6045,Ahorros,COP,116
ACC00000002946,CLI00000002,2635,Corriente,COP,60
ACC00000002171,CLI00000002,1636,Ahorros,COP,24
ACC00000002760,CLI00000002,6102,Ahorros,COP,85
ACC00000003190,CLI00000003,9438,Ahorros,COP,83
ACC00000004938,CLI00000004,579,Ahorros,COP,119
ACC00000004764,CLI00000004,1203,Ahorros,COP,111
ACC00000005826,CLI00000005,52585,Corriente,COP,94
ACC00000005419,CLI00000005,3922,Ahorros,COP,118
ACC00000006299,CLI00000006,8624,Corriente,COP,47
ACC00000006370,CLI00000006,945,Nomina,COP,83
ACC00000007547,CLI00000007,1274,Corriente,COP,65
ACC00000008823,CLI00000008,691,Ahorros,COP,35
ACC00000009358,CLI00000009,4744,Ahorros,COP,3
ACC00000009227,CLI00000009,8882,Ahorros,COP,23
ACC00000010268,CLI00000010,2145,Nomina,COP,3
ACC00000011109,CLI00000011,1044,Corriente,COP,74
ACC00000011547,CLI00000011,12965,CDT,COP,67
ACC00000011706,CLI00000011,569,Corriente,COP,41
ACC00000012806,CLI00000012,1303,Ahorros,COP,12
ACC00000012939,CLI00000012,11697,Corriente,COP,55
ACC00000012378,CLI00000012,33343,Ahorros,COP,100
ACC00000013800,CLI00000013,1061,Ahorros,COP,84
ACC00000014256,CLI00000014,591,Ahorros,COP,64
ACC00000015145,CLI00000015,7928,Corriente,COP,43
ACC00000016825,CLI00000016,1341,Ahorros,COP,70
ACC00000017402,CLI00000017,1277,Corriente,COP,85
ACC00000017698,CLI00000017,1795,Corriente,COP,31
ACC00000018441,CLI00000018,2323,Corriente,COP,52
ACC00000019957,CLI00000019,5690,Corriente,COP,25
ACC00000019259,CLI00000019,1439,Corriente,COP,37
ACC00000020563,CLI00000020,817,Corriente,COP,116
ACC00000020804,CLI00000020,247,Corriente,COP,103
ACC00000020507,CLI00000020,10794,Nomina,COP,4
ACC00000021565,CLI00000021,31793,Ahorros,COP,103
ACC00000022182,CLI00000022,5136,Corriente,COP,96
ACC00000023371,CLI00000023,130,Corriente,COP,25
ACC00000024715,CLI00000024,1562,Ahorros,COP,60
ACC00000024611,CLI00000024,1399,Ahorros,COP,102
ACC00000024939,CLI00000024,600,Corriente,COP,25
ACC00000025748,CLI00000025,7257,Nomina,COP,111
ACC00000026483,CLI00000026,1738,Ahorros,COP,73
ACC00000026555,CLI00000026,2305,Nomina,COP,16
ACC00000027754,CLI00000027,979,Corriente,COP,26
ACC00000028847,CLI00000028,11044,Ahorros,COP,106
ACC00000028891,CLI00000028,3066,Corriente,COP,88
ACC00000029185,CLI00000029,1581,CDT,COP,85
ACC00000030835,CLI00000030,2800,Ahorros,COP,88
ACC00000031403,CLI00000031,3474,Ahorros,COP,13
ACC00000032306,CLI00000032,8618,Corriente,COP,48
ACC00000032171,CLI00000032,9480,Corriente,COP,62
ACC00000032754,CLI00000032,1823,Ahorros,COP,46
ACC00000033405,CLI00000033,540,CDT,COP,12
ACC00000033118,CLI00000033,9188,Corriente,COP,87
ACC00000034397,CLI00000034,3440,Ahorros,COP,31
ACC00000035921,CLI00000035,5710,Ahorros,COP,119
ACC00000035337,CLI00000035,5703,Ahorros,COP,102
ACC00000036489,CLI00000036,1963,Corriente,COP,7
ACC00000036852,CLI00000036,2933,Corriente,COP,9
ACC00000037514,CLI00000037,16958,Ahorros,COP,39
ACC00000038787,CLI00000038,2195,Corriente,COP,101
ACC00000038191,CLI00000038,2626,Ahorros,COP,14
ACC00000038989,CLI00000038,9328,Ahorros,COP,110
ACC00000039157,CLI00000039,2343,Ahorros,COP,47
ACC00000039965,CLI00000039,1280,Ahorros,COP,116
ACC00000040302,CLI00000040,4272,Ahorros,COP,63
ACC00000041322,CLI00000041,1217,Ahorros,COP,86
ACC00000041834,CLI00000041,2326,Ahorros,COP,70
ACC00000041616,CLI00000041,11437,Ahorros,COP,69
ACC00000042584,CLI00000042,748,Ahorros,COP,86
ACC00000042108,CLI00000042,28708,Ahorros,COP,32
ACC00000043778,CLI00000043,9454,Corriente,COP,30
ACC00000044157,CLI00000044,3199,Ahorros,COP,22
ACC00000044310,CLI00000044,3147,CDT,COP,72
ACC00000044835,CLI00000044,2548,Corriente,COP,53
ACC00000045794,CLI00000045,2305,Corriente,COP,42
ACC00000046486,CLI00000046,4901,Ahorros,COP,30
ACC00000047565,CLI00000047,8634,CDT,COP,27
ACC00000047825,CLI00000047,503,Corriente,COP,92
ACC00000047810,CLI00000047,14698,Ahorros,COP,106
ACC00000048645,CLI00000048,345,Ahorros,COP,41
ACC00000048244,CLI00000048,251,Ahorros,COP,93
ACC00000049564,CLI00000049,8709,Ahorros,COP,35
ACC00000050503,CLI00000050,341,Ahorros,COP,28
ACC00000051490,CLI00000051,13627,Ahorros,COP,46
ACC00000051135,CLI00000051,2987,Ahorros,COP,60
ACC00000052976,CLI00000052,4291,Ahorros,COP,60
ACC00000053756,CLI00000053,1767,Ahorros,COP,13
ACC00000053460,CLI00000053,620,Corriente,COP,80
ACC00000053230,CLI00000053,1092,Corriente,COP,50
ACC00000054132,CLI00000054,1056,Corriente,COP,20
ACC00000054522,CLI00000054,3406,Ahorros,COP,54
ACC00000054414,CLI00000054,2256,Ahorros,COP,80
ACC00000055892,CLI00000055,6604,Ahorros,COP,1
ACC00000055133,CLI00000055,490,Corriente,COP,88
ACC00000056252,CLI00000056,3897,Ahorros,COP,81
ACC00000056532,CLI00000056,60805,Nomina,COP,64
ACC00000056455,CLI00000056,5503,Corriente,COP,85
ACC00000057693,CLI00000057,5285,Corriente,COP,22
ACC00000058535,CLI00000058,511,CDT,COP,100
ACC00000058825,CLI00000058,6793,Ahorros,COP,67
ACC00000059348,CLI00000059,12754,Ahorros,COP,37
ACC00000059102,CLI00000059,3253,Ahorros,COP,24
ACC00000059946,CLI00000059,414,Ahorros,COP,30
ACC00000060641,CLI00000060,726,Nomina,COP,44
ACC00000060696,CLI00000060,4118,CDT,COP,83
ACC00000060766,CLI00000060,1075,Ahorros,COP,39
ACC00000061329,CLI00000061,2536,CDT,COP,100
ACC00000061101,CLI00000061,2317,Ahorros,COP,111
ACC00000062557,CLI00000062,5779,Corriente,COP,101
ACC00000062961,CLI00000062,1392,Ahorros,COP,83
ACC00000063505,CLI00000063,977,Ahorros,COP,71
ACC00000063940,CLI00000063,2535,Ahorros,COP,38
ACC00000064556,CLI00000064,9763,Nomina,COP,89
ACC00000065742,CLI00000065,4249,Ahorros,COP,60
ACC00000066663,CLI00000066,1717,CDT,COP,32
ACC00000067883,CLI00000067,986,Ahorros,COP,29
ACC00000068407,CLI00000068,7532,Corriente,COP,64
ACC00000069896,CLI00000069,2325,Corriente,COP,16
ACC00000069957,CLI00000069,1309,Ahorros,COP,106
ACC00000069393,CLI00000069,25963,Ahorros,COP,113
ACC00000070868,CLI00000070,874,Ahorros,COP,88
ACC00000070328,CLI00000070,9022,Ahorros,COP,41
ACC00000071130,CLI00000071,76789,Ahorros,COP,29
ACC00000072893,CLI00000072,1134,Corriente,COP,51
ACC00000072466,CLI00000072,5915,Ahorros,COP,7
ACC00000072520,CLI00000072,6047,Ahorros,COP,21
ACC00000073483,CLI00000073,1057,Corriente,COP,62
ACC00000073935,CLI00000073,8496,Ahorros,COP,73
ACC00000074803,CLI00000074,1931,Ahorros,COP,10
ACC00000075732,CLI00000075,1323,Ahorros,COP,112
ACC00000076447,CLI00000076,2149,CDT,COP,31
ACC00000076864,CLI00000076,13597,Nomina,COP,37
ACC00000076394,CLI00000076,1350,Ahorros,COP,98
ACC00000077637,CLI00000077,2345,Ahorros,COP,84
ACC00000077181,CLI00000077,1227,Corriente,COP,51
ACC00000078153,CLI00000078,286,Nomina,COP,119
ACC00000079708,CLI00000079,1315,Corriente,COP,75
ACC00000079604,CLI00000079,10288,Ahorros,COP,8
ACC00000080799,CLI00000080,1440,Ahorros,COP,119
ACC00000080175,CLI00000080,935,Corriente,COP,41
ACC00000080490,CLI00000080,3177,CDT,COP,48
ACC00000081966,CLI00000081,1608,Ahorros,COP,18
ACC00000082468,CLI00000082,2532,Ahorros,COP,30
ACC00000082431,CLI00000082,1836,Ahorros,COP,5
ACC00000083735,CLI00000083,1534,Corriente,COP,36
ACC00000083687,CLI00000083,6354,Ahorros,COP,39
ACC00000083595,CLI00000083,3275,Ahorros,COP,14
ACC00000084297,CLI00000084,9990,Ahorros,COP,42
ACC00000085207,CLI00000085,715,Ahorros,COP,76
ACC00000085234,CLI00000085,1185,Ahorros,COP,119
ACC00000086655,CLI00000086,17512,Corriente,COP,5
ACC00000086848,CLI00000086,2312,Nomina,COP,1
ACC00000087457,CLI00000087,377,Nomina,COP,96
ACC00000088833,CLI00000088,30775,Corriente,COP,69
ACC00000089783,CLI00000089,2655,CDT,COP,44
ACC00000089311,CLI00000089,3861,CDT,COP,108
ACC00000090964,CLI00000090,2489,Nomina,COP,66
ACC00000090619,CLI00000090,419,Ahorros,COP,54
ACC00000091158,CLI00000091,1580,Ahorros,COP,99
ACC00000092302,CLI00000092,8021,Ahorros,COP,11
ACC00000092666,CLI00000092,295,Ahorros,COP,107
ACC00000093809,CLI00000093,24186,Corriente,COP,22
ACC00000093338,CLI00000093,34608,Ahorros,COP,75
ACC00000093792,CLI00000093,1864,Ahorros,COP,105
ACC00000094751,CLI00000094,1456,Ahorros,COP,52
ACC00000095130,CLI00000095,25007,Ahorros,COP,27
ACC00000095581,CLI00000095,1545,Corriente,COP,4
ACC00000096782,CLI00000096,4226,Ahorros,COP,74
ACC00000097233,CLI00000097,1029,Ahorros,COP,107
ACC00000097510,CLI00000097,12511,Corriente,COP,22
ACC00000097354,CLI00000097,7909,Ahorros,COP,38
ACC00000098662,CLI00000098,2024,Ahorros,COP,89
ACC00000099809,CLI00000099,5832,Ahorros,COP,89
ACC00000099658,CLI00000099,1234,Corriente,COP,89
ACC00000099763,CLI00000099,2669,Ahorros,COP,31
ACC00000100198,CLI00000100,1792,Corriente,COP,65
ACC00000101215,CLI00000101,32409,Corriente,COP,45
ACC00000101231,CLI00000101,2814,Ahorros,COP,21
ACC00000101811,CLI00000101,5610,Ahorros,COP,108
ACC00000102515,CLI00000102,9159,Nomina,COP,68
ACC00000102280,CLI00000102,260,Ahorros,COP,45
ACC00000102263,CLI00000102,9437,Ahorros,COP,102
ACC00000103230,CLI00000103,5580,Ahorros,COP,105
ACC00000104586,CLI00000104,2546,Nomina,COP,75
ACC00000104716,CLI00000104,8481,Ahorros,COP,84
ACC00000105862,CLI00000105,6218,Ahorros,COP,27
ACC00000105566,CLI00000105,4109,Ahorros,COP,23
ACC00000106964,CLI00000106,2357,Ahorros,COP,32
ACC00000106632,CLI00000106,1883,Ahorros,COP,10
ACC00000107956,CLI00000107,7823,Ahorros,COP,38
ACC00000107960,CLI00000107,2489,Ahorros,COP,38
ACC00000107890,CLI00000107,488,Corriente,COP,36
ACC00000108433,CLI00000108,1252,Ahorros,COP,70
ACC00000108880,CLI00000108,27117,Corriente,COP,97
ACC00000109989,CLI00000109,3836,Ahorros,COP,104
ACC00000110703,CLI00000110,33145,Nomina,COP,88
ACC00000110593,CLI00000110,1466,Corriente,COP,12
ACC00000110351,CLI00000110,19095,Corriente,COP,25
ACC00000111688,CLI00000111,8300,Ahorros,COP,21
ACC00000111717,CLI00000111,10105,Ahorros,COP,88
ACC00000112687,CLI00000112,858,Ahorros,COP,74
ACC00000112590,CLI00000112,1628,Ahorros,COP,91
ACC00000113587,CLI00000113,5266,Ahorros,COP,3
ACC00000114924,CLI00000114,1804,CDT,COP,69
ACC00000114765,CLI00000114,1556,Ahorros,COP,19
ACC00000114747,CLI00000114,1626,Corriente,COP,105
ACC00000115307,CLI00000115,6022,Corriente,COP,12
ACC00000116140,CLI00000116,2309,Ahorros,COP,47
ACC00000117488,CLI00000117,6873,Ahorros,COP,88
ACC00000117421,CLI00000117,975,Nomina,COP,15
ACC00000117648,CLI00000117,5786,Corriente,COP,10
ACC00000118301,CLI00000118,5762,Ahorros,COP,12
ACC00000118167,CLI00000118,2861,Corriente,COP,87
ACC00000118383,CLI00000118,384,Corriente,COP,11
ACC00000119126,CLI00000119,7387,Corriente,COP,96
ACC00000119383,CLI00000119,619,CDT,COP,24
ACC00000120145,CLI00000120,1457,CDT,COP,45
ACC00000120863,CLI00000120,14721,Nomina,COP,67
ACC00000120487,CLI00000120,8834,Ahorros,COP,87
ACC00000121488,CLI00000121,9575,Ahorros,COP,78
ACC00000121509,CLI00000121,1398,Ahorros,COP,97
ACC00000121883,CLI00000121,389,Corriente,COP,42
ACC00000122344,CLI00000122,2836,Ahorros,COP,117
ACC00000122910,CLI00000122,6929,CDT,COP,75
ACC00000123255,CLI00000123,5927,Ahorros,COP,8
ACC00000123748,CLI00000123,719,Ahorros,COP,88
ACC00000123643,CLI00000123,2817,Ahorros,COP,30
ACC00000124651,CLI00000124,11932,Ahorros,COP,102
ACC00000125541,CLI00000125,1534,Ahorros,COP,105
ACC00000126407,CLI00000126,10454,Corriente,COP,64
ACC00000126508,CLI00000126,859,Ahorros,COP,87
ACC00000126565,CLI00000126,2264,Ahorros,COP,109
ACC00000127288,CLI00000127,7838,Ahorros,COP,65
ACC00000127124,CLI00000127,4992,CDT,COP,53
ACC00000127629,CLI00000127,879,Ahorros,COP,98
ACC00000128688,CLI00000128,2878,Nomina,COP,86
ACC00000128844,CLI00000128,3538,Ahorros,COP,32
ACC00000128410,CLI00000128,5854,Corriente,COP,115
ACC00000129544,CLI00000129,12640,Ahorros,COP,31
ACC00000129392,CLI00000129,15220,Corriente,COP,90
ACC00000130574,CLI00000130,1000,Ahorros,COP,119
ACC00000130798,CLI00000130,14100,Ahorros,COP,44
ACC00000131172,CLI00000131,2318,Nomina,COP,39
ACC00000131408,CLI00000131,4391,CDT,COP,31
ACC00000132411,CLI00000132,1878,Ahorros,COP,11
ACC00000132938,CLI00000132,13144,Ahorros,COP,95
ACC00000132820,CLI00000132,3267,Ahorros,COP,46
ACC00000133427,CLI00000133,1575,Ahorros,COP,99
ACC00000133144,CLI00000133,2451,CDT,COP,12
ACC00000134427,CLI00000134,3839,Corriente,COP,98
ACC00000134658,CLI00000134,11804,Corriente,COP,60
ACC00000135440,CLI00000135,3978,Ahorros,COP,40
ACC00000135344,CLI00000135,5287,Corriente,COP,104
ACC00000135849,CLI00000135,8791,Ahorros,COP,115
ACC00000136923,CLI00000136,1329,Ahorros,COP,116
ACC00000137848,CLI00000137,2562,Ahorros,COP,98
ACC00000138152,CLI00000138,2286,Nomina,COP,94
ACC00000138736,CLI00000138,667,Ahorros,COP,39
ACC00000139142,CLI00000139,640,Ahorros,COP,71
ACC00000139928,CLI00000139,2198,Ahorros,COP,96
ACC00000140106,CLI00000140,369,Corriente,COP,32
ACC00000140807,CLI00000140,12498,Ahorros,COP,46
ACC00000141825,CLI00000141,27878,Ahorros,COP,22
ACC00000141246,CLI00000141,3218,CDT,COP,55
ACC00000141840,CLI00000141,15214,Corriente,COP,101
ACC00000142456,CLI00000142,8670,Ahorros,COP,43
ACC00000142295,CLI00000142,452,Corriente,COP,103
ACC00000142846,CLI00000142,3278,Ahorros,COP,94
ACC00000143533,CLI00000143,144,Corriente,COP,110
ACC00000144465,CLI00000144,15834,Nomina,COP,46
ACC00000144444,CLI00000144,85890,Ahorros,COP,88
ACC00000145200,CLI00000145,5739,Ahorros,COP,47
ACC00000145233,CLI00000145,784,Ahorros,COP,61
ACC00000145109,CLI00000145,563,Corriente,COP,103
ACC00000146889,CLI00000146,1767,CDT,COP,118
ACC00000146803,CLI00000146,2183,Ahorros,COP,23
ACC00000147990,CLI00000147,5854,Ahorros,COP,53
ACC00000148440,CLI00000148,7951,Ahorros,COP,28
ACC00000148537,CLI00000148,6885,Corriente,COP,69
ACC00000148869,CLI00000148,2669,Ahorros,COP,20
ACC00000149229,CLI00000149,2960,Ahorros,COP,113
ACC00000149484,CLI00000149,737,Corriente,COP,48
ACC00000149534,CLI00000149,3232,Ahorros,COP,64
ACC00000150996,CLI00000150,891,Ahorros,COP,100
ACC00000150742,CLI00000150,3588,Ahorros,COP,95
ACC00000151972,CLI00000151,2632,Ahorros,COP,118
ACC00000152556,CLI00000152,8995,Nomina,COP,32
ACC00000152117,CLI00000152,20447,CDT,COP,53
ACC00000153284,CLI00000153,2837,Ahorros,COP,38
ACC00000154234,CLI00000154,15667,Ahorros,COP,46
ACC00000154466,CLI00000154,1948,Ahorros,COP,1
ACC00000154962,CLI00000154,1240,Nomina,COP,95
ACC00000155518,CLI00000155,1465,Ahorros,COP,26
ACC00000155193,CLI00000155,8459,Corriente,COP,94
ACC00000155357,CLI00000155,2578,Ahorros,COP,8
ACC00000156873,CLI00000156,751,Nomina,COP,48
ACC00000156976,CLI00000156,4599,Ahorros,COP,39
ACC00000156720,CLI00000156,319,Nomina,COP,96
ACC00000157897,CLI00000157,4326,Ahorros,COP,1
ACC00000157657,CLI00000157,18100,Ahorros,COP,29
ACC00000158795,CLI00000158,7199,Ahorros,COP,65
ACC00000158395,CLI00000158,9478,Corriente,COP,19
ACC00000159520,CLI00000159,1729,Nomina,COP,64
ACC00000159925,CLI00000159,1533,Corriente,COP,78
ACC00000159322,CLI00000159,66260,Ahorros,COP,55
ACC00000160364,CLI00000160,1587,Ahorros,COP,112
ACC00000161901,CLI00000161,1550,Ahorros,COP,60
ACC00000161454,CLI00000161,1164,Corriente,COP,74
ACC00000161525,CLI00000161,3460,Corriente,COP,46
ACC00000162880,CLI00000162,2091,Corriente,COP,10
ACC00000162921,CLI00000162,2708,Ahorros,COP,97
ACC00000163646,CLI00000163,1886,Corriente,COP,117
ACC00000163521,CLI00000163,6578,Ahorros,COP,79
ACC00000163947,CLI00000163,4750,Ahorros,COP,56
ACC00000164701,CLI00000164,2467,Corriente,COP,93
ACC00000164619,CLI00000164,1192,Ahorros,COP,66
ACC00000165349,CLI00000165,4504,Corriente,COP,55
ACC00000165692,CLI00000165,1584,Corriente,COP,34
ACC00000166470,CLI00000166,3730,Ahorros,COP,115
ACC00000166657,CLI00000166,12653,CDT,COP,86
ACC00000166247,CLI00000166,11547,Ahorros,COP,68
ACC00000167822,CLI00000167,770,Ahorros,COP,51
ACC00000167200,CLI00000167,8163,Ahorros,COP,54
ACC00000167229,CLI00000167,3159,Ahorros,COP,99
ACC00000168212,CLI00000168,25022,Corriente,COP,64
ACC00000168506,CLI00000168,22397,CDT,COP,59
ACC00000169438,CLI00000169,4508,Ahorros,COP,68
ACC00000170623,CLI00000170,2121,Ahorros,COP,112
ACC00000170511,CLI00000170,4852,CDT,COP,24
ACC00000171807,CLI00000171,15400,Ahorros,COP,1
ACC00000171696,CLI00000171,1618,Corriente,COP,109
ACC00000172298,CLI00000172,3136,Ahorros,COP,30
ACC00000172427,CLI00000172,7960,CDT,COP,102
ACC00000172778,CLI00000172,1309,Corriente,COP,56
ACC00000173481,CLI00000173,1704,Corriente,COP,72
ACC00000174694,CLI00000174,904,CDT,COP,4
ACC00000174645,CLI00000174,3226,CDT,COP,9
ACC00000174331,CLI00000174,2875,Nomina,COP,92
ACC00000175740,CLI00000175,377,Ahorros,COP,37
ACC00000175877,CLI00000175,7125,Corriente,COP,19
ACC00000176506,CLI00000176,2181,CDT,COP,30
ACC00000176246,CLI00000176,202,Ahorros,COP,25
ACC00000177832,CLI00000177,9323,Ahorros,COP,72
ACC00000177568,CLI00000177,7657,CDT,COP,118
ACC00000178259,CLI00000178,408,Ahorros,COP,23
ACC00000178117,CLI00000178,1269,CDT,COP,69
ACC00000179943,CLI00000179,1481,Ahorros,COP,112
ACC00000179124,CLI00000179,1640,Ahorros,COP,27
ACC00000179489,CLI00000179,2585,Ahorros,COP,71
ACC00000180617,CLI00000180,1605,Corriente,COP,34
ACC00000180651,CLI00000180,16656,Nomina,COP,9
ACC00000180528,CLI00000180,1455,Ahorros,COP,100
ACC00000181513,CLI00000181,468,Ahorros,COP,68
ACC00000181925,CLI00000181,1375,Corriente,COP,102
ACC00000181585,CLI00000181,4879,Ahorros,COP,41
ACC00000182236,CLI00000182,510,Ahorros,COP,52
ACC00000182717,CLI00000182,2586,Corriente,COP,25
ACC00000182591,CLI00000182,5497,Ahorros,COP,102
ACC00000183116,CLI00000183,1099,CDT,COP,10
ACC00000183556,CLI00000183,3084,Ahorros,COP,51
ACC00000183167,CLI00000183,1031,Nomina,COP,7
ACC00000184718,CLI00000184,1641,Ahorros,COP,113
ACC00000185210,CLI00000185,11868,Corriente,COP,32
ACC00000185638,CLI00000185,832,Ahorros,COP,77
ACC00000185111,CLI00000185,3531,Corriente,COP,108
ACC00000186468,CLI00000186,1496,Ahorros,COP,19
ACC00000186185,CLI00000186,2862,Corriente,COP,95
ACC00000187174,CLI00000187,12874,Corriente,COP,69
ACC00000188304,CLI00000188,47874,Ahorros,COP,17
ACC00000189682,CLI00000189,2339,Ahorros,COP,109
ACC00000190900,CLI00000190,647,Ahorros,COP,24
ACC00000190163,CLI00000190,1231,Corriente,COP,100
ACC00000190645,CLI00000190,14000,Ahorros,COP,69
ACC00000191330,CLI00000191,2291,CDT,COP,104
ACC00000191765,CLI00000191,935,CDT,COP,97
ACC00000192890,CLI00000192,10725,Corriente,COP,90
ACC00000193962,CLI00000193,452,Corriente,COP,3
ACC00000193373,CLI00000193,2337,Ahorros,COP,4
ACC00000194732,CLI00000194,1224,Ahorros,COP,106
ACC00000194644,CLI00000194,1004,Ahorros,COP,70
ACC00000195135,CLI00000195,6828,Ahorros,COP,50
ACC00000195947,CLI00000195,3295,Corriente,COP,87
ACC00000195288,CLI00000195,2168,Ahorros,COP,18
ACC00000196361,CLI00000196,751,Ahorros,COP,113
ACC00000196557,CLI00000196,2747,Ahorros,COP,17
ACC00000196868,CLI00000196,9193,Corriente,COP,47
ACC00000197398,CLI00000197,227,Corriente,COP,54
ACC00000197164,CLI00000197,1204,Corriente,COP,4
ACC00000197890,CLI00000197,2862,Corriente,COP,86
ACC00000198609,CLI00000198,4450,Ahorros,COP,59
ACC00000198740,CLI00000198,5656,Ahorros,COP,85
ACC00000198354,CLI00000198,163,Ahorros,COP,60
ACC00000199796,CLI00000199,4838,Corriente,COP,65
ACC00000200371,CLI00000200,14074,Ahorros,COP,58
ACC00000200972,CLI00000200,9352,Corriente,COP,11
ACC00000200880,CLI00000200,959,Corriente,COP,12
ACC00000201826,CLI00000201,965,Ahorros,COP,53
ACC00000201346,CLI00000201,1034,CDT,COP,12
ACC00000202921,CLI00000202,896,Ahorros,COP,86
ACC00000203403,CLI00000203,4226,Corriente,COP,57
ACC00000203530,CLI00000203,1893,Ahorros,COP,112
ACC00000203289,CLI00000203,9989,Ahorros,COP,102
ACC00000204678,CLI00000204,562,Corriente,COP,94
ACC00000204571,CLI00000204,4728,Corriente,COP,97
ACC00000204644,CLI00000204,2446,Corriente,COP,32
ACC00000205293,CLI00000205,5126,Corriente,COP,106
ACC00000205945,CLI00000205,2512,Ahorros,COP,67
ACC00000206685,CLI00000206,958,Ahorros,COP,98
ACC00000206679,CLI00000206,4750,CDT,COP,59
ACC00000206928,CLI00000206,19636,CDT,COP,34
ACC00000207596,CLI00000207,2233,Ahorros,COP,51
ACC00000207705,CLI00000207,6872,Ahorros,COP,2
ACC00000208359,CLI00000208,6224,Ahorros,COP,70
ACC00000208487,CLI00000208,2278,Ahorros,COP,72
ACC00000209886,CLI00000209,1350,Corriente,COP,36
ACC00000209256,CLI00000209,1411,Corriente,COP,50
ACC00000209702,CLI00000209,22661,Nomina,COP,21
ACC00000210716,CLI00000210,2235,Corriente,COP,24
ACC00000210709,CLI00000210,5875,Nomina,COP,77
ACC00000210873,CLI00000210,1760,Ahorros,COP,56
ACC00000211807,CLI00000211,1931,Ahorros,COP,94
ACC00000211549,CLI00000211,1221,Ahorros,COP,1
ACC00000211698,CLI00000211,21609,CDT,COP,56
ACC00000212226,CLI00000212,9910,Nomina,COP,49
ACC00000212132,CLI00000212,1109,Ahorros,COP,7
ACC00000213515,CLI00000213,1346,Ahorros,COP,15
ACC00000213719,CLI00000213,1406,Ahorros,COP,24
ACC00000213635,CLI00000213,9978,Ahorros,COP,96
ACC00000214739,CLI00000214,4041,CDT,COP,43
ACC00000215574,CLI00000215,982,Corriente,COP,70
ACC00000216994,CLI00000216,3866,Corriente,COP,58
ACC00000217956,CLI00000217,2482,CDT,COP,30
ACC00000218471,CLI00000218,23271,Ahorros,COP,98
ACC00000218897,CLI00000218,3357,CDT,COP,75
ACC00000218430,CLI00000218,932,Ahorros,COP,70
ACC00000219263,CLI00000219,887,Ahorros,COP,58
ACC00000220979,CLI00000220,5368,Ahorros,COP,71
ACC00000220572,CLI00000220,4727,Corriente,COP,46
ACC00000220811,CLI00000220,3390,Ahorros,COP,9
ACC00000221335,CLI00000221,12444,Corriente,COP,18
ACC00000221693,CLI00000221,3186,Ahorros,COP,83
ACC00000222729,CLI00000222,11712,Corriente,COP,48
ACC00000222741,CLI00000222,28303,Corriente,COP,107
ACC00000223282,CLI00000223,2695,CDT,COP,57
ACC00000224570,CLI00000224,3700,Corriente,COP,28
ACC00000225955,CLI00000225,239,Corriente,COP,43
ACC00000225675,CLI00000225,5270,Ahorros,COP,10
ACC00000226906,CLI00000226,5035,Ahorros,COP,111
ACC00000226861,CLI00000226,1370,Nomina,COP,14
ACC00000227187,CLI00000227,5350,Ahorros,COP,55
ACC00000228279,CLI00000228,18981,Corriente,COP,37
ACC00000228455,CLI00000228,10979,Ahorros,COP,30
ACC00000229479,CLI00000229,2196,Ahorros,COP,35
ACC00000230259,CLI00000230,784,Corriente,COP,52
ACC00000231958,CLI00000231,17958,Ahorros,COP,112
ACC00000231248,CLI00000231,11432,Nomina,COP,55
ACC00000232446,CLI00000232,771,Nomina,COP,44
ACC00000233238,CLI00000233,3670,Ahorros,COP,93
ACC00000233640,CLI00000233,2019,Corriente,COP,79
ACC00000234580,CLI00000234,10555,CDT,COP,11
ACC00000235751,CLI00000235,3041,Ahorros,COP,44
ACC00000235492,CLI00000235,221,Corriente,COP,100
ACC00000235677,CLI00000235,2121,Corriente,COP,75
ACC00000236881,CLI00000236,2580,Ahorros,COP,19
ACC00000237978,CLI00000237,8708,Corriente,COP,43
ACC00000238921,CLI00000238,412,Ahorros,COP,5
ACC00000239368,CLI00000239,1713,Corriente,COP,109
ACC00000239210,CLI00000239,5126,Nomina,COP,30
ACC00000240904,CLI00000240,546,Corriente,COP,33
ACC00000241303,CLI00000241,1463,Ahorros,COP,15
ACC00000241622,CLI00000241,24608,CDT,COP,103
ACC00000241635,CLI00000241,3049,Corriente,COP,10
ACC00000242850,CLI00000242,2210,Ahorros,COP,108
ACC00000242785,CLI00000242,7584,Ahorros,COP,91
ACC00000243793,CLI00000243,1422,Ahorros,COP,61
ACC00000243520,CLI00000243,1220,CDT,COP,117
ACC00000243694,CLI00000243,513,CDT,COP,105
ACC00000244965,CLI00000244,1623,Ahorros,COP,53
ACC00000245530,CLI00000245,3635,Corriente,COP,119
ACC00000245675,CLI00000245,1099,Ahorros,COP,118
ACC00000246598,CLI00000246,8702,Corriente,COP,11
ACC00000246781,CLI00000246,893,Ahorros,COP,49
ACC00000246283,CLI00000246,3880,Corriente,COP,3
ACC00000247769,CLI00000247,788,Ahorros,COP,3
ACC00000247414,CLI00000247,1059,Corriente,COP,65
ACC00000247861,CLI00000247,3836,Corriente,COP,32
ACC00000248720,CLI00000248,4496,Nomina,COP,38
ACC00000248578,CLI00000248,565,Ahorros,COP,18
ACC00000248899,CLI00000248,3209,Ahorros,COP,6
ACC00000249901,CLI00000249,5574,Ahorros,COP,17
ACC00000249321,CLI00000249,13197,Ahorros,COP,102
ACC00000249330,CLI00000249,26313,Corriente,COP,116
ACC00000250164,CLI00000250,5958,Ahorros,COP,112
ACC00000251485,CLI00000251,799,Corriente,COP,61
ACC00000251923,CLI00000251,4656,CDT,COP,70
ACC00000251819,CLI00000251,5715,Ahorros,COP,55
ACC00000252430,CLI00000252,6435,Corriente,COP,117
ACC00000252694,CLI00000252,1788,Corriente,COP,14
ACC00000253939,CLI00000253,11119,Ahorros,COP,108
ACC00000253647,CLI00000253,1676,Ahorros,COP,76
ACC00000254298,CLI00000254,2549,Ahorros,COP,108
ACC00000254822,CLI00000254,775,Corriente,COP,18
ACC00000255670,CLI00000255,2811,Ahorros,COP,75
ACC00000255809,CLI00000255,22268,Corriente,COP,93
ACC00000255826,CLI00000255,3779,Ahorros,COP,15
ACC00000256343,CLI00000256,14174,Nomina,COP,21
ACC00000256175,CLI00000256,4352,Ahorros,COP,8
ACC00000256368,CLI00000256,3512,Corriente,COP,58
ACC00000257996,CLI00000257,10774,Nomina,COP,23
ACC00000257756,CLI00000257,463,Corriente,COP,97
ACC00000258856,CLI00000258,1535,CDT,COP,113
ACC00000258715,CLI00000258,4936,Corriente,COP,34
ACC00000258678,CLI00000258,4448,CDT,COP,31
ACC00000259667,CLI00000259,8687,Ahorros,COP,28
ACC00000259352,CLI00000259,28630,Nomina,COP,31
ACC00000259486,CLI00000259,6228,Ahorros,COP,42
ACC00000260946,CLI00000260,47,Ahorros,COP,92
ACC00000261519,CLI00000261,911,Ahorros,COP,48
ACC00000261145,CLI00000261,2604,Ahorros,COP,93
ACC00000261835,CLI00000261,6779,Nomina,COP,104
ACC00000262708,CLI00000262,512,CDT,COP,61
ACC00000262298,CLI00000262,50638,Ahorros,COP,2
ACC00000263957,CLI00000263,10004,Ahorros,COP,4
ACC00000263667,CLI00000263,2982,Ahorros,COP,69
ACC00000264633,CLI00000264,760,Ahorros,COP,72
ACC00000264807,CLI00000264,3619,Ahorros,COP,17
ACC00000265680,CLI00000265,1184,Ahorros,COP,58
ACC00000265729,CLI00000265,1663,Ahorros,COP,108
ACC00000265939,CLI00000265,2397,Corriente,COP,34
ACC00000266326,CLI00000266,29168,Ahorros,COP,75
ACC00000266495,CLI00000266,12906,Ahorros,COP,71
ACC00000267905,CLI00000267,3429,Ahorros,COP,68
ACC00000267482,CLI00000267,1156,Ahorros,COP,115
ACC00000268235,CLI00000268,9366,Ahorros,COP,89
ACC00000268610,CLI00000268,4449,Corriente,COP,79
ACC00000269764,CLI00000269,7418,Ahorros,COP,26
ACC00000269361,CLI00000269,7745,Ahorros,COP,86
ACC00000269951,CLI00000269,2233,Ahorros,COP,91
ACC00000270224,CLI00000270,14848,Ahorros,COP,29
ACC00000270494,CLI00000270,12118,Nomina,COP,89
ACC00000271179,CLI00000271,3437,Ahorros,COP,41
ACC00000271559,CLI00000271,4900,Nomina,COP,86
ACC00000272397,CLI00000272,7741,Ahorros,COP,56
ACC00000272269,CLI00000272,1742,Corriente,COP,14
ACC00000273189,CLI00000273,12288,Ahorros,COP,52
ACC00000273525,CLI00000273,649,Ahorros,COP,87
ACC00000274554,CLI00000274,3244,Corriente,COP,37
ACC00000275354,CLI00000275,1168,Corriente,COP,54
ACC00000275423,CLI00000275,240,Corriente,COP,102
ACC00000276900,CLI00000276,7945,Ahorros,COP,60
ACC00000276284,CLI00000276,4091,CDT,COP,10
ACC00000277976,CLI00000277,3553,Nomina,COP,119
ACC00000278167,CLI00000278,3359,Nomina,COP,51
ACC00000278850,CLI00000278,3689,Corriente,COP,64
ACC00000278938,CLI00000278,1947,Ahorros,COP,73
ACC00000279997,CLI00000279,6694,Ahorros,COP,55
ACC00000280474,CLI00000280,3282,Ahorros,COP,48
ACC00000280338,CLI00000280,3140,Nomina,COP,108
ACC00000281889,CLI00000281,326,Ahorros,COP,65
ACC00000282414,CLI00000282,1974,CDT,COP,119
ACC00000283985,CLI00000283,16833,Nomina,COP,13
ACC00000283814,CLI00000283,18835,Nomina,COP,25
ACC00000283630,CLI00000283,2557,Ahorros,COP,76
ACC00000284317,CLI00000284,4842,Ahorros,COP,93
ACC00000284598,CLI00000284,5081,Corriente,COP,7
ACC00000284459,CLI00000284,4427,Ahorros,COP,101
ACC00000285128,CLI00000285,1407,Corriente,COP,104
ACC00000285321,CLI00000285,3389,Ahorros,COP,117
ACC00000285747,CLI00000285,11558,Corriente,COP,45
ACC00000286218,CLI00000286,1021,Ahorros,COP,53
ACC00000287227,CLI00000287,1525,Corriente,COP,98
ACC00000288891,CLI00000288,1157,CDT,COP,68
ACC00000288232,CLI00000288,4904,CDT,COP,90
ACC00000289454,CLI00000289,19971,Corriente,COP,33
ACC00000290713,CLI00000290,3342,Nomina,COP,20
ACC00000290712,CLI00000290,931,Ahorros,COP,112
ACC00000290259,CLI00000290,5507,Ahorros,COP,71
ACC00000291167,CLI00000291,1852,Ahorros,COP,101
ACC00000291343,CLI00000291,2198,Corriente,COP,114
ACC00000291783,CLI00000291,2751,Corriente,COP,14
ACC00000292496,CLI00000292,399,Ahorros,COP,43
ACC00000293981,CLI00000293,11183,Ahorros,COP,77
ACC00000294339,CLI00000294,848,CDT,COP,82
ACC00000294195,CLI00000294,822,Ahorros,COP,91
ACC00000294187,CLI00000294,1034,Corriente,COP,16
ACC00000295834,CLI00000295,2133,CDT,COP,96
ACC00000295437,CLI00000295,363,Ahorros,COP,97
ACC00000296964,CLI00000296,304,Ahorros,COP,58
ACC00000297642,CLI00000297,1452,Ahorros,COP,9
ACC00000297558,CLI00000297,1738,Corriente,COP,10
ACC00000297558,CLI00000297,5882,Ahorros,COP,70
ACC00000298542,CLI00000298,391,Ahorros,COP,92
ACC00000299360,CLI00000299,1894,Corriente,COP,80
ACC00000300711,CLI00000300,8930,Ahorros,COP,78
ACC00000301710,CLI00000301,458,Ahorros,COP,83
ACC00000302398,CLI00000302,934,Corriente,COP,115
ACC00000302299,CLI00000302,4153,Ahorros,COP,72
ACC00000302646,CLI00000302,696,Ahorros,COP,36
ACC00000303769,CLI00000303,3239,Ahorros,COP,57
ACC00000303653,CLI00000303,418,Ahorros,COP,64
ACC00000304231,CLI00000304,310,Ahorros,COP,18
ACC00000304655,CLI00000304,1548,Corriente,COP,116
ACC00000304852,CLI00000304,3565,Ahorros,COP,69
ACC00000305359,CLI00000305,2749,Ahorros,COP,20
ACC00000305973,CLI00000305,9343,Corriente,COP,13
ACC00000306312,CLI00000306,5813,Corriente,COP,73
ACC00000306819,CLI00000306,1160,Corriente,COP,15
ACC00000306708,CLI00000306,3374,CDT,COP,12
ACC00000307852,CLI00000307,4498,Ahorros,COP,58
ACC00000308899,CLI00000308,9276,CDT,COP,109
ACC00000308805,CLI00000308,1165,Ahorros,COP,105
ACC00000308363,CLI00000308,647,Corriente,COP,111
ACC00000309956,CLI00000309,306,Ahorros,COP,47
ACC00000309548,CLI00000309,1867,Ahorros,COP,75
ACC00000309164,CLI00000309,42996,Corriente,COP,41
ACC00000310386,CLI00000310,1371,Ahorros,COP,22
ACC00000311229,CLI00000311,7365,CDT,COP,33
ACC00000312998,CLI00000312,11564,Ahorros,COP,75
ACC00000312760,CLI00000312,4475,Corriente,COP,118
ACC00000313467,CLI00000313,2956,Ahorros,COP,9
ACC00000313485,CLI00000313,2938,CDT,COP,50
ACC00000314837,CLI00000314,1770,Ahorros,COP,2
ACC00000314648,CLI00000314,3335,Corriente,COP,73
ACC00000314641,CLI00000314,71098,Ahorros,COP,40
ACC00000315215,CLI00000315,22490,Ahorros,COP,110
ACC00000315559,CLI00000315,1970,Corriente,COP,44
ACC00000316781,CLI00000316,1797,Ahorros,COP,63
ACC00000317557,CLI00000317,3214,Ahorros,COP,62
ACC00000318509,CLI00000318,2221,Ahorros,COP,34
ACC00000318652,CLI00000318,6525,Nomina,COP,90
ACC00000318609,CLI00000318,897,Ahorros,COP,19
ACC00000319173,CLI00000319,4660,Ahorros,COP,104
ACC00000319466,CLI00000319,178,Ahorros,COP,117
ACC00000319666,CLI00000319,984,Corriente,COP,59
ACC00000320301,CLI00000320,685,Ahorros,COP,28
ACC00000320655,CLI00000320,1624,Corriente,COP,53
ACC00000320115,CLI00000320,52292,Corriente,COP,60
ACC00000321567,CLI00000321,3885,Ahorros,COP,25
ACC00000321470,CLI00000321,16810,Corriente,COP,109
ACC00000321259,CLI00000321,546,Corriente,COP,31
ACC00000322712,CLI00000322,1405,Corriente,COP,8
ACC00000323379,CLI00000323,9681,Ahorros,COP,18
ACC00000324546,CLI00000324,2019,Corriente,COP,76
ACC00000324602,CLI00000324,6796,Nomina,COP,30
ACC00000325247,CLI00000325,4557,Corriente,COP,69
ACC00000326273,CLI00000326,9538,Ahorros,COP,42
ACC00000326432,CLI00000326,534,Corriente,COP,23
ACC00000326339,CLI00000326,7109,Ahorros,COP,60
ACC00000327547,CLI00000327,1090,Ahorros,COP,63
ACC00000327670,CLI00000327,18590,Corriente,COP,51
ACC00000327102,CLI00000327,3651,CDT,COP,66
ACC00000328312,CLI00000328,14573,Ahorros,COP,18
ACC00000328276,CLI00000328,2122,Ahorros,COP,8
ACC00000328566,CLI00000328,816,Ahorros,COP,54
ACC00000329801,CLI00000329,10348,Ahorros,COP,117
ACC00000329512,CLI00000329,1323,CDT,COP,75
ACC00000330143,CLI00000330,15234,Corriente,COP,45
ACC00000330857,CLI00000330,6923,Ahorros,COP,90
ACC00000330989,CLI00000330,520,Ahorros,COP,40
ACC00000331577,CLI00000331,1171,Ahorros,COP,27
ACC00000332461,CLI00000332,7220,Ahorros,COP,17
ACC00000332438,CLI00000332,341,Nomina,COP,108
ACC00000333103,CLI00000333,10216,Ahorros,COP,114
ACC00000334530,CLI00000334,9457,Corriente,COP,106
ACC00000335762,CLI00000335,5101,Ahorros,COP,83
ACC00000336887,CLI00000336,3614,Corriente,COP,78
ACC00000336193,CLI00000336,16333,Ahorros,COP,93
ACC00000336683,CLI00000336,14702,Corriente,COP,106
ACC00000337889,CLI00000337,1612,Ahorros,COP,60
ACC00000338450,CLI00000338,365,Ahorros,COP,77
ACC00000339617,CLI00000339,11801,Ahorros,COP,32
ACC00000340515,CLI00000340,9976,Ahorros,COP,20
ACC00000341464,CLI00000341,2776,Nomina,COP,55
ACC00000342448,CLI00000342,1777,Ahorros,COP,35
ACC00000343531,CLI00000343,2427,Ahorros,COP,27
ACC00000343959,CLI00000343,662,Corriente,COP,68
ACC00000344630,CLI00000344,1694,Corriente,COP,105
ACC00000344901,CLI00000344,4455,Corriente,COP,49
ACC00000344727,CLI00000344,872,Corriente,COP,43
ACC00000345343,CLI00000345,13483,Ahorros,COP,87
ACC00000346285,CLI00000346,3379,Ahorros,COP,18
ACC00000346475,CLI00000346,1306,Ahorros,COP,77
ACC00000347680,CLI00000347,64626,Ahorros,COP,12
ACC00000347708,CLI00000347,4716,Corriente,COP,109
ACC00000348773,CLI00000348,7660,Ahorros,COP,78
ACC00000348323,CLI00000348,3039,Corriente,COP,66
ACC00000348701,CLI00000348,3295,Ahorros,COP,85
ACC00000349733,CLI00000349,1327,Ahorros,COP,104
ACC00000349571,CLI00000349,812,Ahorros,COP,42
ACC00000350861,CLI00000350,2042,Ahorros,COP,19
ACC00000350730,CLI00000350,1009,Corriente,COP,6
ACC00000350649,CLI00000350,1550,Ahorros,COP,63
ACC00000351380,CLI00000351,469,Corriente,COP,78
ACC00000352534,CLI00000352,15358,Ahorros,COP,94
ACC00000352185,CLI00000352,8386,Ahorros,COP,66
ACC00000352820,CLI00000352,2234,Ahorros,COP,16
ACC00000353989,CLI00000353,1140,Ahorros,COP,62
ACC00000353269,CLI00000353,323,Ahorros,COP,77
ACC00000354710,CLI00000354,2467,Corriente,COP,6
ACC00000354412,CLI00000354,1594,Corriente,COP,25
ACC00000355542,CLI00000355,1490,Ahorros,COP,31
ACC00000356878,CLI00000356,20210,CDT,COP,25
ACC00000356838,CLI00000356,6770,Ahorros,COP,95
ACC00000356764,CLI00000356,84325,Corriente,COP,102
ACC00000357197,CLI00000357,2181,Nomina,COP,69
ACC00000358690,CLI00000358,1363,Corriente,COP,96
ACC00000359148,CLI00000359,2586,Ahorros,COP,53
ACC00000360941,CLI00000360,897,Nomina,COP,81
ACC00000360885,CLI00000360,8254,Ahorros,COP,42
ACC00000360105,CLI00000360,14380,Nomina,COP,21
ACC00000361732,CLI00000361,830,Nomina,COP,117
ACC00000361788,CLI00000361,796,Corriente,COP,108
ACC00000362384,CLI00000362,486,Ahorros,COP,14
ACC00000362496,CLI00000362,1529,Corriente,COP,71
ACC00000363843,CLI00000363,2173,Ahorros,COP,48
ACC00000364620,CLI00000364,13533,Ahorros,COP,35
ACC00000365483,CLI00000365,2373,Nomina,COP,31
ACC00000365207,CLI00000365,2136,Corriente,COP,82
ACC00000366629,CLI00000366,1287,Corriente,COP,78
ACC00000367358,CLI00000367,1216,Nomina,COP,77
ACC00000368391,CLI00000368,6493,Ahorros,COP,87
ACC00000368672,CLI00000368,456,Nomina,COP,85
ACC00000368252,CLI00000368,3638,Ahorros,COP,114
ACC00000369427,CLI00000369,1181,Ahorros,COP,23
ACC00000370676,CLI00000370,7852,Ahorros,COP,56
ACC00000370143,CLI00000370,4763,Nomina,COP,49
ACC00000370474,CLI00000370,1075,Ahorros,COP,12
ACC00000371753,CLI00000371,2405,Ahorros,COP,104
ACC00000372206,CLI00000372,2177,Ahorros,COP,90
ACC00000372240,CLI00000372,1693,Ahorros,COP,63
ACC00000373185,CLI00000373,760,Ahorros,COP,29
ACC00000374231,CLI00000374,810,Nomina,COP,32
ACC00000375757,CLI00000375,1616,Corriente,COP,65
ACC00000376895,CLI00000376,14916,CDT,COP,115
ACC00000376422,CLI00000376,703,Nomina,COP,31
ACC00000377857,CLI00000377,842,CDT,COP,85
ACC00000377507,CLI00000377,2530,Corriente,COP,17
ACC00000378819,CLI00000378,3054,CDT,COP,57
ACC00000379761,CLI00000379,19429,Corriente,COP,106
ACC00000379782,CLI00000379,44842,Ahorros,COP,11
ACC00000379667,CLI00000379,5411,CDT,COP,25
ACC00000380308,CLI00000380,1810,Ahorros,COP,10
ACC00000380267,CLI00000380,2672,Corriente,COP,48
ACC00000380190,CLI00000380,2083,Corriente,COP,52
ACC00000381740,CLI00000381,11682,Corriente,COP,38
ACC00000381676,CLI00000381,437,Ahorros,COP,60
ACC00000382522,CLI00000382,15675,Ahorros,COP,20
ACC00000382587,CLI00000382,8971,Corriente,COP,110
ACC00000382190,CLI00000382,271,Ahorros,COP,33
ACC00000383980,CLI00000383,4458,Corriente,COP,116
ACC00000383922,CLI00000383,15049,Ahorros,COP,43
ACC00000383308,CLI00000383,44229,Ahorros,COP,44
ACC00000384503,CLI00000384,5229,Corriente,COP,24
ACC00000385269,CLI00000385,2006,Ahorros,COP,87
ACC00000385990,CLI00000385,6804,CDT,COP,80
ACC00000385998,CLI00000385,1978,Corriente,COP,5
ACC00000386995,CLI00000386,857,Corriente,COP,42
ACC00000387946,CLI00000387,5516,Ahorros,COP,39
ACC00000387750,CLI00000387,7921,Corriente,COP,87
ACC00000388333,CLI00000388,1084,Corriente,COP,72
ACC00000388647,CLI00000388,1407,Corriente,COP,61
ACC00000389516,CLI00000389,13849,Corriente,COP,115
ACC00000389463,CLI00000389,5573,Ahorros,COP,63
ACC00000389526,CLI00000389,9325,Ahorros,COP,38
ACC00000390666,CLI00000390,5776,Ahorros,COP,85
ACC00000390488,CLI00000390,9889,Nomina,COP,15
ACC00000390556,CLI00000390,3197,Ahorros,COP,74
ACC00000391398,CLI00000391,3868,CDT,COP,24
ACC00000392600,CLI00000392,595,Ahorros,COP,118
ACC00000392186,CLI00000392,6450,Ahorros,COP,75
ACC00000393115,CLI00000393,1458,Ahorros,COP,40
ACC00000394584,CLI00000394,435,Ahorros,COP,100
ACC00000394513,CLI00000394,2079,Ahorros,COP,9
ACC00000394337,CLI00000394,1537,Corriente,COP,53
ACC00000395603,CLI00000395,4429,Corriente,COP,22
ACC00000395305,CLI00000395,464,Ahorros,COP,10
ACC00000396482,CLI00000396,2347,Ahorros,COP,14
ACC00000396587,CLI00000396,4257,Ahorros,COP,16
ACC00000396843,CLI00000396,5370,Ahorros,COP,49
ACC00000397373,CLI00000397,1728,Ahorros,COP,69
ACC00000397792,CLI00000397,3701,Ahorros,COP,25
ACC00000397975,CLI00000397,2999,CDT,COP,37
ACC00000398270,CLI00000398,1655,Nomina,COP,69
ACC00000398438,CLI00000398,7127,CDT,COP,52
ACC00000398615,CLI00000398,21631,Corriente,COP,51
ACC00000399915,CLI00000399,2850,CDT,COP,50
ACC00000400195,CLI00000400,4298,Ahorros,COP,74
ACC00000401291,CLI00000401,5391,Ahorros,COP,23
ACC00000401711,CLI00000401,4388,Corriente,COP,66
ACC00000402553,CLI00000402,5066,Corriente,COP,83
ACC00000402882,CLI00000402,1941,Ahorros,COP,113
ACC00000402828,CLI00000402,1494,Corriente,COP,87
ACC00000403387,CLI00000403,3283,CDT,COP,2
ACC00000404285,CLI00000404,11254,Ahorros,COP,43
ACC00000404373,CLI00000404,4545,Nomina,COP,86
ACC00000404933,CLI00000404,4385,Ahorros,COP,66
ACC00000405604,CLI00000405,855,Corriente,COP,18
ACC00000405572,CLI00000405,2229,Ahorros,COP,55
ACC00000406481,CLI00000406,15900,Corriente,COP,30
ACC00000407134,CLI00000407,4834,Ahorros,COP,107
ACC00000407421,CLI00000407,4575,CDT,COP,3
ACC00000408421,CLI00000408,668,Ahorros,COP,56
ACC00000409656,CLI00000409,21728,Ahorros,COP,46
ACC00000409151,CLI00000409,2014,Ahorros,COP,33
ACC00000410218,CLI00000410,1465,CDT,COP,50
ACC00000411876,CLI00000411,11732,Ahorros,COP,97
ACC00000411977,CLI00000411,4756,Corriente,COP,3
ACC00000411749,CLI00000411,2531,Ahorros,COP,18
ACC00000412927,CLI00000412,2860,Ahorros,COP,70
ACC00000412486,CLI00000412,1085,Corriente,COP,57
ACC00000413776,CLI00000413,566,Ahorros,COP,73
ACC00000414552,CLI00000414,1150,Ahorros,COP,31
ACC00000414218,CLI00000414,3142,Corriente,COP,107
ACC00000415485,CLI00000415,3208,Corriente,COP,104
ACC00000415290,CLI00000415,6872,Ahorros,COP,85
ACC00000415427,CLI00000415,2064,Ahorros,COP,86
ACC00000416199,CLI00000416,4186,Corriente,COP,44
ACC00000417532,CLI00000417,1709,Corriente,COP,37
ACC00000418801,CLI00000418,10369,Corriente,COP,40
ACC00000419262,CLI00000419,11630,Ahorros,COP,25
ACC00000419469,CLI00000419,755,Corriente,COP,26
ACC00000419136,CLI00000419,206,CDT,COP,1
ACC00000420458,CLI00000420,2589,Ahorros,COP,7
ACC00000420817,CLI00000420,2669,Ahorros,COP,41
ACC00000420244,CLI00000420,4199,Corriente,COP,36
ACC00000421621,CLI00000421,16988,Corriente,COP,108
ACC00000422244,CLI00000422,3782,Ahorros,COP,70
ACC00000423987,CLI00000423,1072,Corriente,COP,71
ACC00000423612,CLI00000423,4884,Corriente,COP,23
ACC00000423818,CLI00000423,5336,Ahorros,COP,40
ACC00000424171,CLI00000424,13659,Ahorros,COP,115
ACC00000425306,CLI00000425,1669,CDT,COP,43
ACC00000425706,CLI00000425,1519,CDT,COP,10
ACC00000425950,CLI00000425,6384,Corriente,COP,8
ACC00000426162,CLI00000426,169,Corriente,COP,88
ACC00000426266,CLI00000426,3666,Ahorros,COP,64
ACC00000426931,CLI00000426,245,Nomina,COP,11
ACC00000427186,CLI00000427,1427,Corriente,COP,38
ACC00000427126,CLI00000427,10229,Corriente,COP,98
ACC00000427363,CLI00000427,1585,Corriente,COP,74
ACC00000428467,CLI00000428,4761,Ahorros,COP,29
ACC00000428455,CLI00000428,6875,Corriente,COP,58
ACC00000428360,CLI00000428,1126,CDT,COP,66
ACC00000429424,CLI00000429,5199,Ahorros,COP,101
ACC00000429779,CLI00000429,1012,Ahorros,COP,37
ACC00000430281,CLI00000430,5808,Ahorros,COP,33
ACC00000430825,CLI00000430,2181,Corriente,COP,33
ACC00000430956,CLI00000430,10270,Ahorros,COP,62
ACC00000431486,CLI00000431,9423,Ahorros,COP,96
ACC00000432190,CLI00000432,2715,Ahorros,COP,63
ACC00000432738,CLI00000432,10023,CDT,COP,86
ACC00000432957,CLI00000432,2671,CDT,COP,7
ACC00000433436,CLI00000433,417,Ahorros,COP,101
ACC00000434412,CLI00000434,1218,Ahorros,COP,73
ACC00000435776,CLI00000435,9704,Corriente,COP,73
ACC00000435730,CLI00000435,2355,CDT,COP,116
ACC00000435859,CLI00000435,17420,CDT,COP,38
ACC00000436870,CLI00000436,3214,Corriente,COP,24
ACC00000436586,CLI00000436,12715,Ahorros,COP,115
ACC00000436164,CLI00000436,3427,Ahorros,COP,20
ACC00000437686,CLI00000437,328,Ahorros,COP,8
ACC00000437371,CLI00000437,1573,Ahorros,COP,87
ACC00000437170,CLI00000437,1571,Ahorros,COP,112
ACC00000438254,CLI00000438,4983,CDT,COP,101
ACC00000438187,CLI00000438,16006,Ahorros,COP,81
ACC00000438298,CLI00000438,541,Ahorros,COP,28
ACC00000439915,CLI00000439,17673,Nomina,COP,100
ACC00000440594,CLI00000440,4768,CDT,COP,62
ACC00000440779,CLI00000440,2907,Ahorros,COP,114
ACC00000441260,CLI00000441,3415,Ahorros,COP,76
ACC00000441738,CLI00000441,8500,CDT,COP,74
ACC00000442945,CLI00000442,8383,Corriente,COP,49
ACC00000442300,CLI00000442,2297,Ahorros,COP,2
ACC00000442512,CLI00000442,5513,Ahorros,COP,22
ACC00000443437,CLI00000443,706,Corriente,COP,88
ACC00000443396,CLI00000443,1209,Ahorros,COP,15
ACC00000444356,CLI00000444,6267,Ahorros,COP,51
ACC00000444277,CLI00000444,13786,Ahorros,COP,102
ACC00000445873,CLI00000445,16654,Corriente,COP,85
ACC00000446192,CLI00000446,2520,Ahorros,COP,71
ACC00000447264,CLI00000447,426,Corriente,COP,56
ACC00000448848,CLI00000448,402,CDT,COP,29
ACC00000448290,CLI00000448,539,Ahorros,COP,79
ACC00000449656,CLI00000449,4235,Ahorros,COP,116
ACC00000449373,CLI00000449,2721,Ahorros,COP,103
ACC00000450865,CLI00000450,1018,Ahorros,COP,64
ACC00000450945,CLI00000450,1141,Corriente,COP,32
ACC00000450808,CLI00000450,1853,Ahorros,COP,57
ACC00000451804,CLI00000451,1136,Ahorros,COP,5
ACC00000452954,CLI00000452,1881,Nomina,COP,72
ACC00000452584,CLI00000452,578,Corriente,COP,95
ACC00000453371,CLI00000453,698,Ahorros,COP,100
ACC00000454330,CLI00000454,1134,Corriente,COP,12
ACC00000454951,CLI00000454,1578,Ahorros,COP,79
ACC00000454534,CLI00000454,1454,Nomina,COP,45
ACC00000455524,CLI00000455,930,Ahorros,COP,30
ACC00000455858,CLI00000455,2630,Nomina,COP,51
ACC00000455229,CLI00000455,15114,Ahorros,COP,72
ACC00000456479,CLI00000456,2335,Corriente,COP,99
ACC00000456382,CLI00000456,890,Ahorros,COP,39
ACC00000456715,CLI00000456,3412,Ahorros,COP,41
ACC00000457619,CLI00000457,1864,Nomina,COP,39
ACC00000457451,CLI00000457,5353,Nomina,COP,86
ACC00000458384,CLI00000458,16702,Corriente,COP,93
ACC00000458893,CLI00000458,508,Ahorros,COP,10
ACC00000459716,CLI00000459,5290,Ahorros,COP,39
ACC00000460339,CLI00000460,1136,Ahorros,COP,51
ACC00000460356,CLI00000460,826,Ahorros,COP,29
ACC00000461701,CLI00000461,7869,Corriente,COP,97
ACC00000461820,CLI00000461,1306,Ahorros,COP,57
ACC00000461910,CLI00000461,120177,Ahorros,COP,6
ACC00000462846,CLI00000462,13086,Corriente,COP,55
ACC00000462782,CLI00000462,48374,Ahorros,COP,6
ACC00000462892,CLI00000462,12985,Nomina,COP,62
ACC00000463636,CLI00000463,14752,Ahorros,COP,109
ACC00000463427,CLI00000463,5477,Ahorros,COP,84
ACC00000463998,CLI00000463,1583,CDT,COP,108
ACC00000464142,CLI00000464,9625,Nomina,COP,50
ACC00000465230,CLI00000465,209,Corriente,COP,70
ACC00000465865,CLI00000465,5545,CDT,COP,115
ACC00000465326,CLI00000465,14576,Corriente,COP,96
ACC00000466826,CLI00000466,1481,Ahorros,COP,34
ACC00000466573,CLI00000466,4950,Corriente,COP,97
ACC00000467192,CLI00000467,595,Nomina,COP,34
ACC00000467752,CLI00000467,1434,Corriente,COP,90
ACC00000468836,CLI00000468,948,CDT,COP,72
ACC00000468571,CLI00000468,2179,Ahorros,COP,7
ACC00000468488,CLI00000468,1573,Ahorros,COP,78
ACC00000469975,CLI00000469,833,CDT,COP,69
ACC00000470448,CLI00000470,3101,Ahorros,COP,8
ACC00000470138,CLI00000470,765,Ahorros,COP,40
ACC00000470687,CLI00000470,1077,Nomina,COP,15
ACC00000471441,CLI00000471,49514,Ahorros,COP,9
ACC00000471771,CLI00000471,14423,Corriente,COP,13
ACC00000472884,CLI00000472,1865,Ahorros,COP,91
ACC00000473937,CLI00000473,2308,Ahorros,COP,7
ACC00000474235,CLI00000474,6925,Ahorros,COP,50
ACC00000474977,CLI00000474,8143,Corriente,COP,106
ACC00000475265,CLI00000475,2126,CDT,COP,62
ACC00000475612,CLI00000475,5762,Corriente,COP,54
ACC00000476773,CLI00000476,3826,Ahorros,COP,119
ACC00000476351,CLI00000476,3650,Corriente,COP,99
ACC00000477313,CLI00000477,19122,Nomina,COP,99
ACC00000477885,CLI00000477,3778,Corriente,COP,112
ACC00000478968,CLI00000478,1647,Ahorros,COP,47
ACC00000479144,CLI00000479,6071,Corriente,COP,72
ACC00000479444,CLI00000479,5328,CDT,COP,14
ACC00000479189,CLI00000479,6714,Corriente,COP,95
ACC00000480995,CLI00000480,3213,Corriente,COP,7
ACC00000480790,CLI00000480,1210,Ahorros,COP,65
ACC00000481862,CLI00000481,6691,Ahorros,COP,78
ACC00000482228,CLI00000482,1566,Ahorros,COP,31
ACC00000482746,CLI00000482,849,CDT,COP,31
ACC00000482161,CLI00000482,8372,Corriente,COP,90
ACC00000483828,CLI00000483,3479,Corriente,COP,33
ACC00000484534,CLI00000484,2618,CDT,COP,20
ACC00000484936,CLI00000484,4801,Corriente,COP,98
ACC00000485949,CLI00000485,1097,CDT,COP,69
ACC00000485820,CLI00000485,1655,Corriente,COP,1
ACC00000486714,CLI00000486,4157,Ahorros,COP,13
ACC00000486599,CLI00000486,20921,Ahorros,COP,29
ACC00000486470,CLI00000486,2394,Ahorros,COP,92
ACC00000487115,CLI00000487,2689,Corriente,COP,7
ACC00000488457,CLI00000488,1131,Ahorros,COP,72
ACC00000488894,CLI00000488,3960,Corriente,COP,115
ACC00000488479,CLI00000488,2039,Ahorros,COP,34
ACC00000489436,CLI00000489,1465,Ahorros,COP,33
ACC00000489930,CLI00000489,1871,Nomina,COP,110
ACC00000490378,CLI00000490,11107,CDT,COP,52
ACC00000490678,CLI00000490,2693,Ahorros,COP,25
ACC00000490235,CLI00000490,97,Ahorros,COP,53
ACC00000491683,CLI00000491,1555,Ahorros,COP,87
ACC00000491819,CLI00000491,428,Ahorros,COP,90
ACC00000491596,CLI00000491,2419,Corriente,COP,4
ACC00000492414,CLI00000492,10074,Ahorros,COP,3
ACC00000492450,CLI00000492,2004,Ahorros,COP,101
ACC00000492386,CLI00000492,832,Ahorros,COP,113
ACC00000493788,CLI00000493,7740,Nomina,COP,107
ACC00000493249,CLI00000493,440,Corriente,COP,69
ACC00000493606,CLI00000493,5405,Ahorros,COP,65
ACC00000494862,CLI00000494,6113,Ahorros,COP,19
ACC00000494932,CLI00000494,8160,CDT,COP,101
ACC00000494298,CLI00000494,186,Ahorros,COP,83
ACC00000495810,CLI00000495,259,Nomina,COP,57
ACC00000495498,CLI00000495,3724,CDT,COP,57
ACC00000496321,CLI00000496,681,Nomina,COP,84
ACC00000497572,CLI00000497,477,CDT,COP,108
ACC00000498440,CLI00000498,7608,Ahorros,COP,12
ACC00000499258,CLI00000499,543,Ahorros,COP,56
ACC00000499987,CLI00000499,1580,CDT,COP,40
ACC00000499849,CLI00000499,2484,Ahorros,COP,99
ACC00000500181,CLI00000500,6304,Nomina,COP,108
ACC00000500970,CLI00000500,4537,Corriente,COP,103
ACC00000500327,CLI00000500,2982,Nomina,COP,33
ACC00000501609,CLI00000501,6136,Ahorros,COP,74
ACC00000501269,CLI00000501,2599,Nomina,COP,23
ACC00000502430,CLI00000502,339,CDT,COP,88
ACC00000502124,CLI00000502,1198,Ahorros,COP,18
ACC00000503367,CLI00000503,5056,Corriente,COP,92
ACC00000504155,CLI00000504,4366,Corriente,COP,32
ACC00000504486,CLI00000504,453,Ahorros,COP,12
ACC00000504643,CLI00000504,3223,Ahorros,COP,59
ACC00000505214,CLI00000505,2477,Ahorros,COP,83
ACC00000505773,CLI00000505,1262,Corriente,COP,40
ACC00000505655,CLI00000505,1756,Ahorros,COP,54
ACC00000506107,CLI00000506,8304,Corriente,COP,88
ACC00000506286,CLI00000506,4730,Corriente,COP,79
ACC00000507949,CLI00000507,3261,Ahorros,COP,8
ACC00000507621,CLI00000507,1968,Ahorros,COP,110
ACC00000508812,CLI00000508,2569,Ahorros,COP,64
ACC00000508812,CLI00000508,28851,Ahorros,COP,55
ACC00000508530,CLI00000508,5223,CDT,COP,29
ACC00000509204,CLI00000509,7263,Ahorros,COP,118
ACC00000510962,CLI00000510,9158,Ahorros,COP,83
ACC00000511941,CLI00000511,5058,Corriente,COP,115
ACC00000511939,CLI00000511,2593,Ahorros,COP,33
ACC00000512629,CLI00000512,2397,Ahorros,COP,107
ACC00000513660,CLI00000513,10191,Ahorros,COP,51
ACC00000513927,CLI00000513,6059,Ahorros,COP,25
ACC00000513571,CLI00000513,4673,CDT,COP,57
ACC00000514329,CLI00000514,1954,Nomina,COP,97
ACC00000514479,CLI00000514,9427,CDT,COP,79
ACC00000515425,CLI00000515,33376,CDT,COP,74
ACC00000516415,CLI00000516,69561,CDT,COP,51
ACC00000516994,CLI00000516,3609,Ahorros,COP,62
ACC00000516436,CLI00000516,4579,Ahorros,COP,26
ACC00000517797,CLI00000517,1605,Ahorros,COP,22
ACC00000518167,CLI00000518,528,Ahorros,COP,1
ACC00000518847,CLI00000518,2865,Nomina,COP,100
ACC00000519550,CLI00000519,8774,Ahorros,COP,103
ACC00000519742,CLI00000519,7615,Ahorros,COP,15
ACC00000519343,CLI00000519,1705,Corriente,COP,89
ACC00000520303,CLI00000520,375,Corriente,COP,31
ACC00000520676,CLI00000520,3823,Nomina,COP,53
ACC00000521206,CLI00000521,2048,Ahorros,COP,44
ACC00000521715,CLI00000521,7408,Corriente,COP,51
ACC00000522914,CLI00000522,2193,Ahorros,COP,16
ACC00000522935,CLI00000522,2725,Corriente,COP,73
ACC00000522466,CLI00000522,7703,Ahorros,COP,53
ACC00000523931,CLI00000523,986,Ahorros,COP,49
ACC00000524180,CLI00000524,198,Corriente,COP,95
ACC00000524553,CLI00000524,930,CDT,COP,45
ACC00000524401,CLI00000524,2828,Corriente,COP,75
ACC00000525545,CLI00000525,8380,Corriente,COP,33
ACC00000525835,CLI00000525,2141,Ahorros,COP,24
ACC00000526482,CLI00000526,3904,Ahorros,COP,50
ACC00000527443,CLI00000527,4496,CDT,COP,102
ACC00000528457,CLI00000528,4910,Corriente,COP,86
ACC00000528148,CLI00000528,53790,Corriente,COP,33
ACC00000529497,CLI00000529,3100,Ahorros,COP,64
ACC00000530473,CLI00000530,9665,Ahorros,COP,109
ACC00000531527,CLI00000531,8818,Nomina,COP,101
ACC00000532977,CLI00000532,2029,Ahorros,COP,44
ACC00000533103,CLI00000533,14502,Ahorros,COP,113
ACC00000534612,CLI00000534,1961,Corriente,COP,104
ACC00000534373,CLI00000534,458,Ahorros,COP,73
ACC00000534180,CLI00000534,7257,Ahorros,COP,115
ACC00000535352,CLI00000535,7846,CDT,COP,13
ACC00000535418,CLI00000535,10541,Ahorros,COP,78
ACC00000536345,CLI00000536,2293,Ahorros,COP,56
ACC00000536926,CLI00000536,7267,Ahorros,COP,15
ACC00000536953,CLI00000536,2188,Nomina,COP,9
ACC00000537313,CLI00000537,5369,Nomina,COP,95
ACC00000537114,CLI00000537,12014,Ahorros,COP,71
ACC00000537792,CLI00000537,26870,Ahorros,COP,118
ACC00000538707,CLI00000538,8220,Ahorros,COP,102
ACC00000538275,CLI00000538,1135,Corriente,COP,79
ACC00000538381,CLI00000538,1032,Ahorros,COP,21
ACC00000539401,CLI00000539,6525,Ahorros,COP,52
ACC00000539637,CLI00000539,862,CDT,COP,41
ACC00000539666,CLI00000539,7996,CDT,COP,81
ACC00000540157,CLI00000540,6472,Ahorros,COP,84
ACC00000541673,CLI00000541,772,Ahorros,COP,22
ACC00000542268,CLI00000542,3296,Ahorros,COP,53
ACC00000542866,CLI00000542,1167,Corriente,COP,28
ACC00000543391,CLI00000543,4170,Ahorros,COP,56
ACC00000544492,CLI00000544,11940,Corriente,COP,70
ACC00000545723,CLI00000545,3447,Ahorros,COP,81
ACC00000546534,CLI00000546,3650,Ahorros,COP,33
ACC00000547533,CLI00000547,6086,Ahorros,COP,11
ACC00000548206,CLI00000548,3042,Nomina,COP,115
ACC00000548939,CLI00000548,12288,Ahorros,COP,79
ACC00000549578,CLI00000549,111,Ahorros,COP,34
ACC00000550280,CLI00000550,212,Corriente,COP,78
ACC00000551323,CLI00000551,5592,Ahorros,COP,113
ACC00000551798,CLI00000551,38893,Ahorros,COP,38
ACC00000551873,CLI00000551,718,Corriente,COP,37
ACC00000552257,CLI00000552,7744,CDT,COP,86
ACC00000552783,CLI00000552,959,Nomina,COP,15
ACC00000552934,CLI00000552,8472,CDT,COP,79
ACC00000553674,CLI00000553,16431,Ahorros,COP,111
ACC00000554925,CLI00000554,1477,Corriente,COP,101
ACC00000554817,CLI00000554,2210,Ahorros,COP,22
ACC00000554367,CLI00000554,2194,Ahorros,COP,31
ACC00000555530,CLI00000555,340,Corriente,COP,71
ACC00000555340,CLI00000555,1173,Ahorros,COP,115
ACC00000556703,CLI00000556,3300,Ahorros,COP,102
ACC00000556925,CLI00000556,4310,CDT,COP,83
ACC00000557121,CLI00000557,3586,Ahorros,COP,44
ACC00000557628,CLI00000557,208,Ahorros,COP,23
ACC00000558336,CLI00000558,974,Ahorros,COP,21
ACC00000558767,CLI00000558,3160,Ahorros,COP,31
ACC00000558163,CLI00000558,12124,Ahorros,COP,9
ACC00000559847,CLI00000559,885,Ahorros,COP,101
ACC00000559560,CLI00000559,811,Ahorros,COP,64
ACC00000559200,CLI00000559,2338,Ahorros,COP,93
ACC00000560564,CLI00000560,4829,Ahorros,COP,31
ACC00000561793,CLI00000561,6771,Corriente,COP,40
ACC00000562153,CLI00000562,3440,Ahorros,COP,53
ACC00000562360,CLI00000562,7118,Corriente,COP,14
ACC00000562902,CLI00000562,640,CDT,COP,47
ACC00000563367,CLI00000563,1135,Ahorros,COP,111
ACC00000563781,CLI00000563,742,Ahorros,COP,24
ACC00000563447,CLI00000563,9538,Ahorros,COP,46
ACC00000564812,CLI00000564,6745,Ahorros,COP,106
ACC00000564761,CLI00000564,4405,Corriente,COP,67
ACC00000565121,CLI00000565,1350,Ahorros,COP,105
ACC00000566868,CLI00000566,7374,CDT,COP,50
ACC00000566158,CLI00000566,587,Ahorros,COP,93
ACC00000567743,CLI00000567,1357,Ahorros,COP,23
ACC00000567330,CLI00000567,1479,Ahorros,COP,117
ACC00000568627,CLI00000568,200,Ahorros,COP,117
ACC00000569107,CLI00000569,5088,Ahorros,COP,108
ACC00000569228,CLI00000569,17136,CDT,COP,100
ACC00000569437,CLI00000569,2643,Corriente,COP,41
ACC00000570998,CLI00000570,13709,Ahorros,COP,107
ACC00000571456,CLI00000571,17788,Ahorros,COP,99
ACC00000572488,CLI00000572,6922,Corriente,COP,103
ACC00000572616,CLI00000572,1357,Corriente,COP,2
ACC00000572544,CLI00000572,731,Corriente,COP,50
ACC00000573703,CLI00000573,1222,Nomina,COP,53
ACC00000573816,CLI00000573,3778,Corriente,COP,90
ACC00000574960,CLI00000574,4626,Ahorros,COP,80
ACC00000574159,CLI00000574,6628,Ahorros,COP,69
ACC00000575751,CLI00000575,2470,Ahorros,COP,99
ACC00000575814,CLI00000575,1455,Corriente,COP,11
ACC00000575862,CLI00000575,2618,Ahorros,COP,5
ACC00000576695,CLI00000576,1177,Ahorros,COP,105
ACC00000576438,CLI00000576,3203,Corriente,COP,93
ACC00000576315,CLI00000576,3692,Ahorros,COP,50
ACC00000577275,CLI00000577,5493,CDT,COP,19
ACC00000578762,CLI00000578,966,Ahorros,COP,57
ACC00000578355,CLI00000578,1727,Ahorros,COP,10
ACC00000579233,CLI00000579,700,CDT,COP,89
ACC00000580342,CLI00000580,3476,CDT,COP,46
ACC00000581333,CLI00000581,15846,Nomina,COP,12
ACC00000581179,CLI00000581,7159,Corriente,COP,53
ACC00000581132,CLI00000581,1382,CDT,COP,88
ACC00000582113,CLI00000582,455,Corriente,COP,77
ACC00000582401,CLI00000582,10361,Corriente,COP,92
ACC00000582572,CLI00000582,4741,Corriente,COP,58
ACC00000583509,CLI00000583,29942,Ahorros,COP,58
ACC00000583543,CLI00000583,4987,Ahorros,COP,24
ACC00000583191,CLI00000583,14303,Corriente,COP,110
ACC00000584217,CLI00000584,567,Ahorros,COP,74
ACC00000584968,CLI00000584,25267,Corriente,COP,96
ACC00000584664,CLI00000584,340,Corriente,COP,92
ACC00000585796,CLI00000585,36285,Ahorros,COP,34
ACC00000585541,CLI00000585,1420,CDT,COP,90
ACC00000585774,CLI00000585,1538,Ahorros,COP,76
ACC00000586145,CLI00000586,4370,Ahorros,COP,80
ACC00000586778,CLI00000586,8365,Ahorros,COP,109
ACC00000586181,CLI00000586,2132,Corriente,COP,11
ACC00000587326,CLI00000587,1647,Nomina,COP,68
ACC00000588636,CLI00000588,2006,Ahorros,COP,47
ACC00000588276,CLI00000588,1057,Ahorros,COP,109
ACC00000589228,CLI00000589,1698,Ahorros,COP,1
ACC00000589917,CLI00000589,3421,Ahorros,COP,33
ACC00000590813,CLI00000590,8768,Nomina,COP,108
ACC00000590688,CLI00000590,702,Corriente,COP,16
ACC00000591127,CLI00000591,5805,Corriente,COP,30
ACC00000591690,CLI00000591,8872,Ahorros,COP,40
ACC00000591597,CLI00000591,3484,Ahorros,COP,88
ACC00000592948,CLI00000592,3934,Ahorros,COP,20
ACC00000592749,CLI00000592,1878,Corriente,COP,9
ACC00000592272,CLI00000592,1131,Corriente,COP,94
ACC00000593179,CLI00000593,7295,Corriente,COP,102
ACC00000593973,CLI00000593,3264,Corriente,COP,40
ACC00000593407,CLI00000593,2316,Corriente,COP,46
ACC00000594930,CLI00000594,7485,Nomina,COP,97
ACC00000594604,CLI00000594,11742,CDT,COP,44
ACC00000595543,CLI00000595,3019,CDT,COP,95
ACC00000595628,CLI00000595,276,Ahorros,COP,76
ACC00000596170,CLI00000596,3024,Corriente,COP,26
ACC00000597455,CLI00000597,19583,Ahorros,COP,76
ACC00000597226,CLI00000597,453,Ahorros,COP,51
ACC00000597939,CLI00000597,8495,Corriente,COP,11
ACC00000598963,CLI00000598,1321,Nomina,COP,90
ACC00000598850,CLI00000598,1741,CDT,COP,79
ACC00000599925,CLI00000599,10841,Ahorros,COP,116
ACC00000600246,CLI00000600,17863,Nomina,COP,110
ACC00000600389,CLI00000600,995,Ahorros,COP,53
ACC00000601721,CLI00000601,1916,Ahorros,COP,91
ACC00000601497,CLI00000601,948,Ahorros,COP,94
ACC00000602471,CLI00000602,1923,Ahorros,COP,24
ACC00000602450,CLI00000602,4398,Ahorros,COP,1
ACC00000602922,CLI00000602,2525,Corriente,COP,100
ACC00000603734,CLI00000603,8992,CDT,COP,104
ACC00000603579,CLI00000603,3929,CDT,COP,55
ACC00000604354,CLI00000604,3530,Ahorros,COP,111
ACC00000604694,CLI00000604,8095,Corriente,COP,112
ACC00000605712,CLI00000605,1070,Ahorros,COP,58
ACC00000605316,CLI00000605,6903,Ahorros,COP,83
ACC00000606811,CLI00000606,2545,Corriente,COP,43
ACC00000606672,CLI00000606,2120,CDT,COP,14
ACC00000607767,CLI00000607,931,Ahorros,COP,112
ACC00000608379,CLI00000608,12043,Ahorros,COP,32
ACC00000609193,CLI00000609,1784,CDT,COP,83
ACC00000609440,CLI00000609,1885,CDT,COP,91
ACC00000609901,CLI00000609,1152,Ahorros,COP,99
ACC00000610475,CLI00000610,898,Nomina,COP,110
ACC00000610591,CLI00000610,3815,Ahorros,COP,69
ACC00000611912,CLI00000611,3855,Corriente,COP,77
ACC00000611439,CLI00000611,5149,Corriente,COP,93
ACC00000612509,CLI00000612,15102,Corriente,COP,110
ACC00000612771,CLI00000612,796,Ahorros,COP,11
ACC00000613297,CLI00000613,6474,Ahorros,COP,4
ACC00000613143,CLI00000613,31162,Corriente,COP,34
ACC00000613958,CLI00000613,704,Corriente,COP,27
ACC00000614802,CLI00000614,1632,Corriente,COP,113
ACC00000614994,CLI00000614,1756,CDT,COP,40
ACC00000615322,CLI00000615,4048,Corriente,COP,66
ACC00000615856,CLI00000615,3769,Corriente,COP,15
ACC00000615413,CLI00000615,2285,Ahorros,COP,18
ACC00000616720,CLI00000616,306,Ahorros,COP,107
ACC00000617441,CLI00000617,802,Ahorros,COP,61
ACC00000618102,CLI00000618,3942,Ahorros,COP,24
ACC00000619760,CLI00000619,6239,Ahorros,COP,88
ACC00000619388,CLI00000619,9354,Ahorros,COP,11
ACC00000619547,CLI00000619,532,Ahorros,COP,6
ACC00000620609,CLI00000620,2703,CDT,COP,42
ACC00000620417,CLI00000620,19580,Ahorros,COP,2
ACC00000620702,CLI00000620,5131,Ahorros,COP,106
ACC00000621139,CLI00000621,1770,Corriente,COP,104
ACC00000621732,CLI00000621,2715,Ahorros,COP,2
ACC00000621825,CLI00000621,5909,Ahorros,COP,8
ACC00000622645,CLI00000622,2709,Ahorros,COP,104
ACC00000622901,CLI00000622,8312,Ahorros,COP,44
ACC00000622898,CLI00000622,1082,Corriente,COP,99
ACC00000623870,CLI00000623,968,Corriente,COP,32
ACC00000623919,CLI00000623,4563,Ahorros,COP,47
ACC00000623953,CLI00000623,926,Ahorros,COP,23
ACC00000624804,CLI00000624,3896,Corriente,COP,27
ACC00000624726,CLI00000624,2340,Ahorros,COP,5
ACC00000625211,CLI00000625,2154,Nomina,COP,75
ACC00000626457,CLI00000626,2887,Ahorros,COP,53
ACC00000627541,CLI00000627,10706,Corriente,COP,23
ACC00000627337,CLI00000627,2274,Ahorros,COP,26
ACC00000627915,CLI00000627,2146,Ahorros,COP,79
ACC00000628177,CLI00000628,1381,Corriente,COP,64
ACC00000629504,CLI00000629,1536,Ahorros,COP,100
ACC00000629708,CLI00000629,1610,CDT,COP,40
ACC00000630321,CLI00000630,2438,Corriente,COP,24
ACC00000630575,CLI00000630,391,Corriente,COP,78
ACC00000630673,CLI00000630,305,Ahorros,COP,16
ACC00000631588,CLI00000631,15705,Ahorros,COP,43
ACC00000631848,CLI00000631,312,Ahorros,COP,32
ACC00000631905,CLI00000631,1264,CDT,COP,12
ACC00000632324,CLI00000632,2568,Ahorros,COP,83
ACC00000632501,CLI00000632,1005,Ahorros,COP,52
ACC00000632743,CLI00000632,10718,Ahorros,COP,25
ACC00000633323,CLI00000633,1019,Corriente,COP,70
ACC00000634976,CLI00000634,11152,Ahorros,COP,74
ACC00000634637,CLI00000634,2083,Ahorros,COP,92
ACC00000634665,CLI00000634,4283,Ahorros,COP,80
ACC00000635448,CLI00000635,3815,Corriente,COP,112
ACC00000635407,CLI00000635,6171,Ahorros,COP,50
ACC00000635482,CLI00000635,357,Ahorros,COP,61
ACC00000636149,CLI00000636,1279,Ahorros,COP,87
ACC00000636653,CLI00000636,633,Nomina,COP,103
ACC00000636826,CLI00000636,1652,Ahorros,COP,82
ACC00000637239,CLI00000637,3961,Corriente,COP,61
ACC00000638338,CLI00000638,2677,Corriente,COP,68
ACC00000639899,CLI00000639,8001,Ahorros,COP,30
ACC00000640488,CLI00000640,3156,Ahorros,COP,30
ACC00000641797,CLI00000641,1549,Ahorros,COP,92
ACC00000642510,CLI00000642,4794,Ahorros,COP,11
ACC00000643770,CLI00000643,3624,Ahorros,COP,81
ACC00000643756,CLI00000643,14354,CDT,COP,7
ACC00000643184,CLI00000643,1923,CDT,COP,3
ACC00000644595,CLI00000644,3291,Ahorros,COP,67
ACC00000645588,CLI00000645,2776,Corriente,COP,43
ACC00000645610,CLI00000645,1478,Corriente,COP,29
ACC00000645757,CLI00000645,8332,Ahorros,COP,73
ACC00000646737,CLI00000646,4196,Ahorros,COP,106
ACC00000647431,CLI00000647,2500,Ahorros,COP,104
ACC00000648513,CLI00000648,2340,Corriente,COP,36
ACC00000648730,CLI00000648,7092,Ahorros,COP,79
ACC00000649991,CLI00000649,297,Corriente,COP,63
ACC00000649768,CLI00000649,3623,Ahorros,COP,15
ACC00000649762,CLI00000649,4161,Nomina,COP,10
ACC00000650660,CLI00000650,3755,Ahorros,COP,111
ACC00000650342,CLI00000650,5140,Ahorros,COP,113
ACC00000650416,CLI00000650,2326,Nomina,COP,70
ACC00000651707,CLI00000651,4788,Nomina,COP,64
ACC00000651402,CLI00000651,7291,Ahorros,COP,118
ACC00000652280,CLI00000652,1519,Ahorros,COP,18
ACC00000653937,CLI00000653,470,Ahorros,COP,115
ACC00000654181,CLI00000654,16103,Nomina,COP,42
ACC00000655273,CLI00000655,1499,Ahorros,COP,82
ACC00000655616,CLI00000655,17223,Ahorros,COP,3
ACC00000655768,CLI00000655,1090,Ahorros,COP,17
ACC00000656605,CLI00000656,11066,Corriente,COP,89
ACC00000656206,CLI00000656,1892,Ahorros,COP,35
ACC00000657745,CLI00000657,6979,Corriente,COP,16
ACC00000657383,CLI00000657,4976,CDT,COP,10
ACC00000658154,CLI00000658,5513,CDT,COP,69
ACC00000658140,CLI00000658,9106,CDT,COP,76
ACC00000659991,CLI00000659,4916,Ahorros,COP,107
ACC00000659708,CLI00000659,1010,Ahorros,COP,2
ACC00000659680,CLI00000659,5474,Corriente,COP,85
ACC00000660406,CLI00000660,607,Ahorros,COP,98
ACC00000661638,CLI00000661,5881,CDT,COP,70
ACC00000661137,CLI00000661,2992,Ahorros,COP,55
ACC00000661606,CLI00000661,567,Ahorros,COP,92
ACC00000662290,CLI00000662,47359,Corriente,COP,72
ACC00000662123,CLI00000662,27540,Ahorros,COP,32
ACC00000663477,CLI00000663,1693,Nomina,COP,105
ACC00000663340,CLI00000663,18192,Ahorros,COP,38
ACC00000664324,CLI00000664,388,Ahorros,COP,119
ACC00000664398,CLI00000664,470,Ahorros,COP,7
ACC00000665113,CLI00000665,6237,Ahorros,COP,95
ACC00000665190,CLI00000665,281,Ahorros,COP,97
ACC00000666140,CLI00000666,6014,Corriente,COP,32
ACC00000666721,CLI00000666,10032,Corriente,COP,43
ACC00000667571,CLI00000667,42746,Corriente,COP,89
ACC00000667821,CLI00000667,1488,CDT,COP,67
ACC00000667594,CLI00000667,5508,CDT,COP,46
ACC00000668303,CLI00000668,2744,CDT,COP,87
ACC00000669410,CLI00000669,4146,Ahorros,COP,19
ACC00000669879,CLI00000669,8620,Ahorros,COP,8
ACC00000669268,CLI00000669,4569,Ahorros,COP,48
ACC00000670922,CLI00000670,8923,Ahorros,COP,38
ACC00000670617,CLI00000670,12679,Nomina,COP,118
ACC00000670242,CLI00000670,3951,Ahorros,COP,36
ACC00000671792,CLI00000671,1683,Ahorros,COP,84
ACC00000672203,CLI00000672,4625,CDT,COP,10
ACC00000672627,CLI00000672,12822,Ahorros,COP,64
ACC00000672530,CLI00000672,1045,Ahorros,COP,54
ACC00000673988,CLI00000673,17065,Ahorros,COP,52
ACC00000673405,CLI00000673,3018,Nomina,COP,64
ACC00000673734,CLI00000673,10214,Nomina,COP,37
ACC00000674403,CLI00000674,3511,Corriente,COP,46
ACC00000675296,CLI00000675,2929,Ahorros,COP,55
ACC00000676152,CLI00000676,1235,Corriente,COP,102
ACC00000676555,CLI00000676,1658,Ahorros,COP,103
ACC00000677878,CLI00000677,12325,Ahorros,COP,45
ACC00000677109,CLI00000677,1044,Corriente,COP,92
ACC00000677845,CLI00000677,2885,Ahorros,COP,38
ACC00000678864,CLI00000678,1651,Nomina,COP,44
ACC00000678638,CLI00000678,433,CDT,COP,48
ACC00000678919,CLI00000678,3731,CDT,COP,35
ACC00000679330,CLI00000679,4998,Ahorros,COP,2
ACC00000680579,CLI00000680,1374,Corriente,COP,47
ACC00000680236,CLI00000680,13763,Corriente,COP,25
ACC00000680512,CLI00000680,3629,Corriente,COP,99
ACC00000681393,CLI00000681,10616,Corriente,COP,4
ACC00000681768,CLI00000681,1107,Ahorros,COP,35
ACC00000682280,CLI00000682,17610,Ahorros,COP,48
ACC00000683403,CLI00000683,1102,Ahorros,COP,3
ACC00000683560,CLI00000683,7837,Ahorros,COP,63
ACC00000684660,CLI00000684,22225,Corriente,COP,45
ACC00000685410,CLI00000685,5630,CDT,COP,21
ACC00000685551,CLI00000685,4935,Ahorros,COP,45
ACC00000686566,CLI00000686,27850,Ahorros,COP,94
ACC00000686702,CLI00000686,7648,Ahorros,COP,18
ACC00000686247,CLI00000686,1640,Corriente,COP,48
ACC00000687483,CLI00000687,471,Ahorros,COP,37
ACC00000687184,CLI00000687,1494,CDT,COP,101
ACC00000688234,CLI00000688,2077,Ahorros,COP,99
ACC00000688968,CLI00000688,60818,CDT,COP,61
ACC00000688443,CLI00000688,93,CDT,COP,92
ACC00000689467,CLI00000689,1071,CDT,COP,68
ACC00000689628,CLI00000689,2833,Ahorros,COP,13
ACC00000690988,CLI00000690,4589,Corriente,COP,56
ACC00000690436,CLI00000690,2700,Corriente,COP,10
ACC00000691271,CLI00000691,283,Ahorros,COP,105
ACC00000691719,CLI00000691,2302,Corriente,COP,63
ACC00000691605,CLI00000691,3204,Corriente,COP,77
ACC00000692843,CLI00000692,1348,Corriente,COP,43
ACC00000692744,CLI00000692,4654,Ahorros,COP,74
ACC00000693244,CLI00000693,9726,Corriente,COP,112
ACC00000694662,CLI00000694,948,Ahorros,COP,36
ACC00000695441,CLI00000695,825,Ahorros,COP,8
ACC00000695356,CLI00000695,1793,Ahorros,COP,61
ACC00000696927,CLI00000696,3718,CDT,COP,49
ACC00000697361,CLI00000697,5582,Corriente,COP,63
ACC00000698164,CLI00000698,856,Ahorros,COP,100
ACC00000698224,CLI00000698,3050,Ahorros,COP,47
ACC00000699221,CLI00000699,139,Nomina,COP,46
ACC00000699838,CLI00000699,1535,Ahorros,COP,30
ACC00000699626,CLI00000699,3103,CDT,COP,42
ACC00000700393,CLI00000700,834,CDT,COP,59
ACC00000700871,CLI00000700,5412,Corriente,COP,51
ACC00000700466,CLI00000700,285,Corriente,COP,45
ACC00000701267,CLI00000701,4556,Ahorros,COP,84
ACC00000701130,CLI00000701,5905,Nomina,COP,81
ACC00000702407,CLI00000702,6049,Ahorros,COP,18
ACC00000702759,CLI00000702,9318,CDT,COP,43
ACC00000702616,CLI00000702,12084,Corriente,COP,27
ACC00000703442,CLI00000703,7686,Ahorros,COP,68
ACC00000704793,CLI00000704,238,Ahorros,COP,55
ACC00000705824,CLI00000705,2800,Corriente,COP,118
ACC00000706181,CLI00000706,11854,Ahorros,COP,47
ACC00000707345,CLI00000707,1576,Ahorros,COP,116
ACC00000707249,CLI00000707,3349,CDT,COP,114
ACC00000707217,CLI00000707,2446,Ahorros,COP,74
ACC00000708705,CLI00000708,4491,Nomina,COP,42
ACC00000708855,CLI00000708,3317,Corriente,COP,119
ACC00000709899,CLI00000709,517,Ahorros,COP,75
ACC00000710343,CLI00000710,10903,Corriente,COP,40
ACC00000710317,CLI00000710,7865,Ahorros,COP,85
ACC00000710308,CLI00000710,18238,Ahorros,COP,27
ACC00000711601,CLI00000711,1415,Corriente,COP,81
ACC00000712581,CLI00000712,4970,CDT,COP,20
ACC00000712196,CLI00000712,2417,Ahorros,COP,54
ACC00000712859,CLI00000712,16390,Corriente,COP,85
ACC00000713154,CLI00000713,429,Ahorros,COP,17
ACC00000713290,CLI00000713,277,Ahorros,COP,116
ACC00000713521,CLI00000713,1619,Ahorros,COP,38
ACC00000714757,CLI00000714,28983,Ahorros,COP,75
ACC00000715826,CLI00000715,10487,Nomina,COP,7
ACC00000716689,CLI00000716,25993,Corriente,COP,104
ACC00000716264,CLI00000716,18271,Ahorros,COP,79
ACC00000716573,CLI00000716,651,Ahorros,COP,44
ACC00000717804,CLI00000717,1510,Corriente,COP,7
ACC00000717644,CLI00000717,2554,Ahorros,COP,14
ACC00000717252,CLI00000717,7986,CDT,COP,20
ACC00000718398,CLI00000718,536,Ahorros,COP,46
ACC00000718937,CLI00000718,33152,Corriente,COP,12
ACC00000719982,CLI00000719,1369,Nomina,COP,48
ACC00000719748,CLI00000719,997,Corriente,COP,27
ACC00000719572,CLI00000719,1255,CDT,COP,29
ACC00000720670,CLI00000720,3911,Corriente,COP,68
ACC00000721642,CLI00000721,4333,Corriente,COP,70
ACC00000722508,CLI00000722,4146,Ahorros,COP,23
ACC00000722112,CLI00000722,1620,Ahorros,COP,98
ACC00000723330,CLI00000723,3109,Corriente,COP,111
ACC00000724653,CLI00000724,2596,Corriente,COP,65
ACC00000725674,CLI00000725,5604,Corriente,COP,107
ACC00000725796,CLI00000725,601,Ahorros,COP,23
ACC00000726758,CLI00000726,501,Corriente,COP,32
ACC00000727705,CLI00000727,15329,Ahorros,COP,3
ACC00000728558,CLI00000728,1405,Corriente,COP,90
ACC00000728346,CLI00000728,2181,Ahorros,COP,50
ACC00000729121,CLI00000729,4249,CDT,COP,79
ACC00000729273,CLI00000729,2052,Corriente,COP,17
ACC00000730178,CLI00000730,104,Ahorros,COP,7
ACC00000730180,CLI00000730,798,Corriente,COP,17
ACC00000730834,CLI00000730,4511,Corriente,COP,67
ACC00000731155,CLI00000731,1749,Corriente,COP,51
ACC00000732566,CLI00000732,8852,Corriente,COP,81
ACC00000732914,CLI00000732,1961,Ahorros,COP,114
ACC00000733188,CLI00000733,2692,Corriente,COP,58
ACC00000734287,CLI00000734,2575,Ahorros,COP,44
ACC00000734593,CLI00000734,10825,CDT,COP,113
ACC00000734287,CLI00000734,5125,Corriente,COP,106
ACC00000735403,CLI00000735,249,Ahorros,COP,53
ACC00000735930,CLI00000735,2538,Ahorros,COP,21
ACC00000736265,CLI00000736,3935,Ahorros,COP,49
ACC00000736125,CLI00000736,4388,Corriente,COP,3
ACC00000737745,CLI00000737,20309,CDT,COP,9
ACC00000737469,CLI00000737,1066,Nomina,COP,100
ACC00000738813,CLI00000738,5657,Ahorros,COP,67
ACC00000738210,CLI00000738,2610,Corriente,COP,68
ACC00000738769,CLI00000738,2518,Ahorros,COP,1
ACC00000739209,CLI00000739,2341,Corriente,COP,50
ACC00000739751,CLI00000739,1972,Ahorros,COP,105
ACC00000740141,CLI00000740,8214,Corriente,COP,63
ACC00000740859,CLI00000740,3788,Ahorros,COP,79
ACC00000741475,CLI00000741,441,Corriente,COP,37
ACC00000741373,CLI00000741,1581,Ahorros,COP,31
ACC00000741976,CLI00000741,1981,Corriente,COP,75
ACC00000742665,CLI00000742,593,Nomina,COP,68
ACC00000743356,CLI00000743,4926,Corriente,COP,58
ACC00000743116,CLI00000743,1810,Corriente,COP,109
ACC00000743286,CLI00000743,1645,Ahorros,COP,91
ACC00000744623,CLI00000744,1257,Ahorros,COP,53
ACC00000744281,CLI00000744,12914,Ahorros,COP,38
ACC00000745491,CLI00000745,2963,Corriente,COP,7
ACC00000745142,CLI00000745,5691,CDT,COP,50
ACC00000746577,CLI00000746,1167,Ahorros,COP,118
ACC00000746847,CLI00000746,2055,Nomina,COP,100
ACC00000746893,CLI00000746,5196,Ahorros,COP,66
ACC00000747274,CLI00000747,1714,Nomina,COP,14
ACC00000747527,CLI00000747,1679,Ahorros,COP,64
ACC00000748406,CLI00000748,3751,Ahorros,COP,115
ACC00000749511,CLI00000749,2340,Corriente,COP,42
ACC00000749430,CLI00000749,4372,Corriente,COP,37
ACC00000749142,CLI00000749,1193,Ahorros,COP,65
ACC00000750342,CLI00000750,765,Ahorros,COP,54
ACC00000750597,CLI00000750,64119,Corriente,COP,8
ACC00000751222,CLI00000751,12765,Nomina,COP,17
ACC00000752517,CLI00000752,4749,Ahorros,COP,23
ACC00000753242,CLI00000753,17967,Corriente,COP,63
ACC00000754155,CLI00000754,1379,CDT,COP,111
ACC00000754587,CLI00000754,9054,CDT,COP,117
ACC00000754849,CLI00000754,1110,Ahorros,COP,98
ACC00000755707,CLI00000755,5159,Ahorros,COP,117
ACC00000755142,CLI00000755,2238,Ahorros,COP,27
ACC00000755463,CLI00000755,8341,Ahorros,COP,85
ACC00000756322,CLI00000756,7851,Ahorros,COP,54
ACC00000756199,CLI00000756,6883,Nomina,COP,43
ACC00000756676,CLI00000756,6783,Ahorros,COP,84
ACC00000757373,CLI00000757,3597,Corriente,COP,20
ACC00000757252,CLI00000757,1056,Corriente,COP,9
ACC00000757242,CLI00000757,1287,Ahorros,COP,90
ACC00000758205,CLI00000758,507,Corriente,COP,48
ACC00000759249,CLI00000759,3091,Corriente,COP,55
ACC00000759411,CLI00000759,12781,Ahorros,COP,88
ACC00000760189,CLI00000760,2149,Ahorros,COP,37
ACC00000761758,CLI00000761,13829,Ahorros,COP,104
ACC00000761107,CLI00000761,1509,Ahorros,COP,3
ACC00000761429,CLI00000761,3525,Corriente,COP,104
ACC00000762426,CLI00000762,1721,Corriente,COP,114
ACC00000763479,CLI00000763,531,Ahorros,COP,26
ACC00000763470,CLI00000763,498,Ahorros,COP,36
ACC00000763743,CLI00000763,3006,Corriente,COP,41
ACC00000764704,CLI00000764,912,Ahorros,COP,99
ACC00000764262,CLI00000764,4124,CDT,COP,66
ACC00000764435,CLI00000764,1209,Ahorros,COP,55
ACC00000765605,CLI00000765,481,Ahorros,COP,57
ACC00000766517,CLI00000766,1089,Ahorros,COP,73
ACC00000767307,CLI00000767,802,Corriente,COP,17
ACC00000767364,CLI00000767,4827,Corriente,COP,35
ACC00000767601,CLI00000767,3576,Ahorros,COP,113
ACC00000768856,CLI00000768,522,Corriente,COP,35
ACC00000768591,CLI00000768,2870,Ahorros,COP,56
ACC00000769733,CLI00000769,3751,Nomina,COP,118
ACC00000769822,CLI00000769,158,CDT,COP,27
ACC00000770325,CLI00000770,5666,Corriente,COP,105
ACC00000770644,CLI00000770,918,Ahorros,COP,21
ACC00000771429,CLI00000771,14154,CDT,COP,19
ACC00000771842,CLI00000771,531,Corriente,COP,54
ACC00000771592,CLI00000771,1284,CDT,COP,106
ACC00000772222,CLI00000772,656,CDT,COP,96
ACC00000773748,CLI00000773,1164,Ahorros,COP,11
ACC00000774358,CLI00000774,2390,Corriente,COP,20
ACC00000775295,CLI00000775,11709,Ahorros,COP,51
ACC00000775686,CLI00000775,1000,Corriente,COP,92
ACC00000776719,CLI00000776,984,Corriente,COP,29
ACC00000776814,CLI00000776,12883,Ahorros,COP,109
ACC00000776486,CLI00000776,5568,Ahorros,COP,72
ACC00000777488,CLI00000777,1499,Corriente,COP,23
ACC00000778401,CLI00000778,929,Ahorros,COP,109
ACC00000778424,CLI00000778,2244,Ahorros,COP,46
ACC00000778718,CLI00000778,1120,Ahorros,COP,38
ACC00000779703,CLI00000779,343,Corriente,COP,9
ACC00000779319,CLI00000779,1861,Corriente,COP,10
ACC00000779879,CLI00000779,727,Ahorros,COP,88
ACC00000780213,CLI00000780,13847,Nomina,COP,24
ACC00000780665,CLI00000780,2350,Corriente,COP,107
ACC00000781396,CLI00000781,2448,CDT,COP,90
ACC00000781839,CLI00000781,6371,Corriente,COP,29
ACC00000782546,CLI00000782,11593,Corriente,COP,65
ACC00000783617,CLI00000783,20614,Corriente,COP,55
ACC00000784625,CLI00000784,7338,Ahorros,COP,23
ACC00000784135,CLI00000784,373,Corriente,COP,62
ACC00000784508,CLI00000784,656,Ahorros,COP,37
ACC00000785821,CLI00000785,1802,Ahorros,COP,116
ACC00000785279,CLI00000785,2586,Ahorros,COP,13
ACC00000786787,CLI00000786,702,Corriente,COP,6
ACC00000786986,CLI00000786,1316,Corriente,COP,83
ACC00000787343,CLI00000787,1015,Ahorros,COP,22
ACC00000788187,CLI00000788,2714,Ahorros,COP,42
ACC00000789106,CLI00000789,1339,CDT,COP,77
ACC00000790788,CLI00000790,3480,CDT,COP,108
ACC00000790677,CLI00000790,17540,Ahorros,COP,26
ACC00000791488,CLI00000791,22464,Ahorros,COP,71
ACC00000792782,CLI00000792,1701,Ahorros,COP,81
ACC00000792859,CLI00000792,1812,Corriente,COP,70
ACC00000793829,CLI00000793,19371,Ahorros,COP,100
ACC00000793412,CLI00000793,2119,Ahorros,COP,31
ACC00000794851,CLI00000794,967,Ahorros,COP,75
ACC00000794115,CLI00000794,1606,Ahorros,COP,71
ACC00000794454,CLI00000794,5717,Ahorros,COP,70
ACC00000795179,CLI00000795,4503,Ahorros,COP,41
ACC00000796636,CLI00000796,2739,Ahorros,COP,32
ACC00000796483,CLI00000796,2098,CDT,COP,27
ACC00000796381,CLI00000796,1100,Corriente,COP,80
ACC00000797438,CLI00000797,3902,Ahorros,COP,49
ACC00000798307,CLI00000798,1379,Ahorros,COP,94
ACC00000798814,CLI00000798,1450,Ahorros,COP,112
ACC00000799550,CLI00000799,3372,Nomina,COP,47
ACC00000799720,CLI00000799,1595,Corriente,COP,54
ACC00000800719,CLI00000800,34928,CDT,COP,78
ACC00000801524,CLI00000801,12323,Ahorros,COP,32
ACC00000801384,CLI00000801,21424,Ahorros,COP,82
ACC00000802479,CLI00000802,1739,Nomina,COP,50
ACC00000802435,CLI00000802,16554,Ahorros,COP,71
ACC00000802959,CLI00000802,7614,Ahorros,COP,16
ACC00000803647,CLI00000803,2559,Ahorros,COP,112
ACC00000804159,CLI00000804,341,Ahorros,COP,101
ACC00000804919,CLI00000804,6026,Nomina,COP,38
ACC00000804932,CLI00000804,4792,CDT,COP,72
ACC00000805320,CLI00000805,9151,Ahorros,COP,73
ACC00000806959,CLI00000806,1028,Corriente,COP,119
ACC00000806417,CLI00000806,621,Ahorros,COP,28
ACC00000807573,CLI00000807,1401,Ahorros,COP,116
ACC00000807968,CLI00000807,1355,Ahorros,COP,67
ACC00000808251,CLI00000808,1073,Ahorros,COP,38
ACC00000808260,CLI00000808,7166,Nomina,COP,23
ACC00000809243,CLI00000809,1351,Ahorros,COP,85
ACC00000809568,CLI00000809,1098,Ahorros,COP,65
ACC00000809469,CLI00000809,1283,Ahorros,COP,7
ACC00000810390,CLI00000810,6021,Ahorros,COP,12
ACC00000810386,CLI00000810,6915,Ahorros,COP,15
ACC00000810647,CLI00000810,3135,Corriente,COP,93
ACC00000811150,CLI00000811,179,Corriente,COP,6
ACC00000811173,CLI00000811,6345,Ahorros,COP,92
ACC00000811919,CLI00000811,6328,Ahorros,COP,31
ACC00000812145,CLI00000812,2049,Ahorros,COP,106
ACC00000812692,CLI00000812,727,Corriente,COP,117
ACC00000813267,CLI00000813,21507,CDT,COP,25
ACC00000813707,CLI00000813,668,Ahorros,COP,90
ACC00000814820,CLI00000814,2247,Ahorros,COP,87
ACC00000815632,CLI00000815,2703,Corriente,COP,76
ACC00000815315,CLI00000815,8099,Ahorros,COP,24
ACC00000815600,CLI00000815,10975,Corriente,COP,105
ACC00000816475,CLI00000816,2881,Corriente,COP,24
ACC00000816793,CLI00000816,5974,Ahorros,COP,51
ACC00000817970,CLI00000817,790,Ahorros,COP,90
ACC00000818677,CLI00000818,6170,Corriente,COP,91
ACC00000819672,CLI00000819,3058,Nomina,COP,45
ACC00000819732,CLI00000819,876,Corriente,COP,66
ACC00000819519,CLI00000819,2640,Corriente,COP,94
ACC00000820831,CLI00000820,533,Corriente,COP,117
ACC00000820713,CLI00000820,13906,Corriente,COP,35
ACC00000820976,CLI00000820,527,Corriente,COP,110
ACC00000821185,CLI00000821,25724,Ahorros,COP,50
ACC00000822148,CLI00000822,967,CDT,COP,39
ACC00000822878,CLI00000822,3023,Corriente,COP,67
ACC00000823167,CLI00000823,6512,Ahorros,COP,44
ACC00000823259,CLI00000823,1563,Corriente,COP,105
ACC00000823702,CLI00000823,887,Ahorros,COP,101
ACC00000824150,CLI00000824,6412,Ahorros,COP,88
ACC00000824230,CLI00000824,23661,Ahorros,COP,27
ACC00000825742,CLI00000825,892,Corriente,COP,31
ACC00000826214,CLI00000826,2865,Ahorros,COP,54
ACC00000826338,CLI00000826,1094,Corriente,COP,117
ACC00000827322,CLI00000827,4508,Ahorros,COP,19
ACC00000827375,CLI00000827,9696,Ahorros,COP,119
ACC00000828655,CLI00000828,7426,Ahorros,COP,60
ACC00000828134,CLI00000828,16455,Corriente,COP,118
ACC00000828346,CLI00000828,6747,Ahorros,COP,26
ACC00000829978,CLI00000829,1777,Ahorros,COP,89
ACC00000829642,CLI00000829,1550,Nomina,COP,32
ACC00000829409,CLI00000829,3255,CDT,COP,74
ACC00000830603,CLI00000830,220,CDT,COP,115
ACC00000831505,CLI00000831,10812,Ahorros,COP,47
ACC00000831928,CLI00000831,18756,Corriente,COP,97
ACC00000832163,CLI00000832,905,CDT,COP,116
ACC00000832132,CLI00000832,259,Ahorros,COP,84
ACC00000832638,CLI00000832,7010,Corriente,COP,116
ACC00000833439,CLI00000833,1822,Ahorros,COP,87
ACC00000833990,CLI00000833,8229,Corriente,COP,51
ACC00000833239,CLI00000833,10889,Corriente,COP,93
ACC00000834950,CLI00000834,3832,CDT,COP,84
ACC00000835755,CLI00000835,3231,Corriente,COP,94
ACC00000835727,CLI00000835,2353,Corriente,COP,98
ACC00000836527,CLI00000836,7986,Corriente,COP,87
ACC00000836281,CLI00000836,4926,Corriente,COP,18
ACC00000837717,CLI00000837,5870,Ahorros,COP,72
ACC00000837801,CLI00000837,1723,Ahorros,COP,61
ACC00000837557,CLI00000837,2205,Corriente,COP,47
ACC00000838925,CLI00000838,31577,Corriente,COP,29
ACC00000839970,CLI00000839,6187,CDT,COP,77
ACC00000839134,CLI00000839,2125,Ahorros,COP,106
ACC00000840559,CLI00000840,2850,Corriente,COP,114
ACC00000841567,CLI00000841,924,Nomina,COP,51
ACC00000842508,CLI00000842,12541,Ahorros,COP,15
ACC00000842283,CLI00000842,3877,CDT,COP,81
ACC00000842974,CLI00000842,1286,Ahorros,COP,113
ACC00000843908,CLI00000843,2452,Ahorros,COP,75
ACC00000843613,CLI00000843,6519,Corriente,COP,33
ACC00000844542,CLI00000844,942,Ahorros,COP,73
ACC00000844960,CLI00000844,854,Corriente,COP,115
ACC00000844689,CLI00000844,2097,Ahorros,COP,4
ACC00000845998,CLI00000845,3764,Ahorros,COP,22
ACC00000845288,CLI00000845,2724,Nomina,COP,117
ACC00000845472,CLI00000845,15322,Corriente,COP,26
ACC00000846171,CLI00000846,631,Corriente,COP,70
ACC00000847338,CLI00000847,7933,Corriente,COP,13
ACC00000848360,CLI00000848,34389,Ahorros,COP,79
ACC00000848706,CLI00000848,164,Ahorros,COP,105
ACC00000848335,CLI00000848,4439,Ahorros,COP,20
ACC00000849407,CLI00000849,1343,Ahorros,COP,108
ACC00000849542,CLI00000849,1073,Ahorros,COP,65
ACC00000850526,CLI00000850,2410,Nomina,COP,5
ACC00000850899,CLI00000850,4226,Ahorros,COP,34
ACC00000850463,CLI00000850,2691,Ahorros,COP,43
ACC00000851378,CLI00000851,1368,Ahorros,COP,15
ACC00000851839,CLI00000851,5506,Ahorros,COP,76
ACC00000852271,CLI00000852,3541,CDT,COP,79
ACC00000852358,CLI00000852,2408,Nomina,COP,63
ACC00000853446,CLI00000853,3683,Ahorros,COP,61
ACC00000854563,CLI00000854,1187,Ahorros,COP,57
ACC00000854165,CLI00000854,8638,Nomina,COP,59
ACC00000855959,CLI00000855,2334,Corriente,COP,113
ACC00000855727,CLI00000855,1207,Corriente,COP,19
ACC00000855747,CLI00000855,8178,CDT,COP,88
ACC00000856474,CLI00000856,10179,Ahorros,COP,19
ACC00000856442,CLI00000856,2498,Corriente,COP,25
ACC00000857958,CLI00000857,848,Ahorros,COP,58
ACC00000858746,CLI00000858,70530,Ahorros,COP,17
ACC00000859408,CLI00000859,524,Ahorros,COP,21
ACC00000860511,CLI00000860,22565,Ahorros,COP,105
ACC00000860689,CLI00000860,748,Ahorros,COP,14
ACC00000861446,CLI00000861,3269,Corriente,COP,119
ACC00000861429,CLI00000861,17281,Ahorros,COP,35
ACC00000861508,CLI00000861,19957,Ahorros,COP,43
ACC00000862296,CLI00000862,1647,Nomina,COP,74
ACC00000862571,CLI00000862,462,CDT,COP,93
ACC00000863922,CLI00000863,3975,Corriente,COP,40
ACC00000864752,CLI00000864,1658,Ahorros,COP,39
ACC00000864385,CLI00000864,2469,Corriente,COP,28
ACC00000864645,CLI00000864,378,Corriente,COP,52
ACC00000865462,CLI00000865,3935,Ahorros,COP,92
ACC00000866598,CLI00000866,769,Ahorros,COP,103
ACC00000866858,CLI00000866,2030,Corriente,COP,18
ACC00000867149,CLI00000867,4833,Corriente,COP,79
ACC00000868577,CLI00000868,1328,Ahorros,COP,48
ACC00000868428,CLI00000868,2408,Corriente,COP,8
ACC00000868217,CLI00000868,1183,Ahorros,COP,103
ACC00000869377,CLI00000869,3537,Corriente,COP,60
ACC00000870830,CLI00000870,524,CDT,COP,50
ACC00000870878,CLI00000870,1309,Corriente,COP,42
ACC00000870569,CLI00000870,6668,Corriente,COP,89
ACC00000871475,CLI00000871,16120,Corriente,COP,22
ACC00000871747,CLI00000871,2066,Corriente,COP,37
ACC00000872790,CLI00000872,3586,CDT,COP,30
ACC00000872553,CLI00000872,491,Ahorros,COP,101
ACC00000872262,CLI00000872,3482,Corriente,COP,15
ACC00000873834,CLI00000873,1111,Ahorros,COP,49
ACC00000873855,CLI00000873,5567,Ahorros,COP,95
ACC00000874750,CLI00000874,3790,Nomina,COP,65
ACC00000874587,CLI00000874,677,Corriente,COP,97
ACC00000874990,CLI00000874,4287,Ahorros,COP,76
ACC00000875725,CLI00000875,1023,Ahorros,COP,18
ACC00000876342,CLI00000876,24164,Ahorros,COP,30
ACC00000876408,CLI00000876,1724,Corriente,COP,64
ACC00000876127,CLI00000876,2655,Ahorros,COP,45
ACC00000877763,CLI00000877,2815,Corriente,COP,48
ACC00000877832,CLI00000877,8076,Corriente,COP,119
ACC00000878386,CLI00000878,8262,Ahorros,COP,68
ACC00000878459,CLI00000878,34391,Corriente,COP,117
ACC00000878577,CLI00000878,9064,Ahorros,COP,77
ACC00000879387,CLI00000879,10182,Corriente,COP,61
ACC00000880405,CLI00000880,764,CDT,COP,48
ACC00000880968,CLI00000880,14494,Ahorros,COP,94
ACC00000881530,CLI00000881,6614,Ahorros,COP,96
ACC00000881425,CLI00000881,10884,Corriente,COP,67
ACC00000882741,CLI00000882,7083,Corriente,COP,19
ACC00000882216,CLI00000882,6847,Ahorros,COP,78
ACC00000883603,CLI00000883,1708,Corriente,COP,105
ACC00000883885,CLI00000883,31666,CDT,COP,54
ACC00000883101,CLI00000883,4363,Corriente,COP,93
ACC00000884626,CLI00000884,2217,Nomina,COP,81
ACC00000885373,CLI00000885,223,Corriente,COP,23
ACC00000886250,CLI00000886,15258,Corriente,COP,97
ACC00000887948,CLI00000887,1281,CDT,COP,15
ACC00000887236,CLI00000887,2398,Ahorros,COP,63
ACC00000887612,CLI00000887,466,Ahorros,COP,66
ACC00000888178,CLI00000888,2416,Ahorros,COP,102
ACC00000889394,CLI00000889,678,Ahorros,COP,41
ACC00000889453,CLI00000889,1068,Corriente,COP,46
ACC00000890523,CLI00000890,36469,Ahorros,COP,41
ACC00000890461,CLI00000890,3366,CDT,COP,113
ACC00000891921,CLI00000891,48257,Ahorros,COP,80
ACC00000891170,CLI00000891,437,Corriente,COP,119
ACC00000892623,CLI00000892,5239,Ahorros,COP,18
ACC00000893795,CLI00000893,4978,Ahorros,COP,20
ACC00000894951,CLI00000894,3942,Ahorros,COP,37
ACC00000895285,CLI00000895,1675,Corriente,COP,44
ACC00000896623,CLI00000896,1124,Ahorros,COP,109
ACC00000896884,CLI00000896,2046,Corriente,COP,54
ACC00000897252,CLI00000897,4314,Ahorros,COP,11
ACC00000898317,CLI00000898,1412,CDT,COP,88
ACC00000898186,CLI00000898,4963,Ahorros,COP,116
ACC00000899246,CLI00000899,16568,Corriente,COP,22
ACC00000900389,CLI00000900,7418,Ahorros,COP,38
ACC00000901367,CLI00000901,503,Ahorros,COP,16
ACC00000901846,CLI00000901,4333,Ahorros,COP,87
ACC00000902866,CLI00000902,5765,Corriente,COP,8
ACC00000903554,CLI00000903,2106,Ahorros,COP,45
ACC00000903714,CLI00000903,2833,Ahorros,COP,106
ACC00000903967,CLI00000903,1087,Ahorros,COP,104
ACC00000904732,CLI00000904,2056,CDT,COP,70
ACC00000905483,CLI00000905,2645,Corriente,COP,74
ACC00000905201,CLI00000905,897,Corriente,COP,101
ACC00000906679,CLI00000906,1919,Ahorros,COP,35
ACC00000906996,CLI00000906,1914,Ahorros,COP,104
ACC00000906182,CLI00000906,4501,Ahorros,COP,13
ACC00000907655,CLI00000907,12164,Corriente,COP,101
ACC00000907968,CLI00000907,1464,Corriente,COP,92
ACC00000908600,CLI00000908,474,Ahorros,COP,61
ACC00000908244,CLI00000908,15258,Ahorros,COP,95
ACC00000909388,CLI00000909,7987,Nomina,COP,90
ACC00000909867,CLI00000909,2762,Nomina,COP,96
ACC00000909692,CLI00000909,2388,Corriente,COP,7
ACC00000910556,CLI00000910,2244,Corriente,COP,1
ACC00000910346,CLI00000910,873,CDT,COP,5
ACC00000910846,CLI00000910,1064,Ahorros,COP,63
ACC00000911947,CLI00000911,2325,Ahorros,COP,92
ACC00000912679,CLI00000912,21793,Corriente,COP,88
ACC00000912968,CLI00000912,36657,CDT,COP,94
ACC00000913204,CLI00000913,369,CDT,COP,93
ACC00000913904,CLI00000913,384,Nomina,COP,83
ACC00000913227,CLI00000913,979,Ahorros,COP,9
ACC00000914863,CLI00000914,68,Corriente,COP,116
ACC00000914843,CLI00000914,14856,Corriente,COP,65
ACC00000914507,CLI00000914,2381,Ahorros,COP,18
ACC00000915336,CLI00000915,607,Ahorros,COP,64
ACC00000915846,CLI00000915,718,Ahorros,COP,73
ACC00000916979,CLI00000916,450,Ahorros,COP,8
ACC00000916708,CLI00000916,3795,CDT,COP,36
ACC00000916864,CLI00000916,908,Ahorros,COP,31
ACC00000917721,CLI00000917,14429,Corriente,COP,6
ACC00000917217,CLI00000917,640,CDT,COP,96
ACC00000918842,CLI00000918,2677,Ahorros,COP,90
ACC00000918584,CLI00000918,2143,Corriente,COP,79
ACC00000918126,CLI00000918,851,Ahorros,COP,14
ACC00000919794,CLI00000919,12374,Nomina,COP,86
ACC00000920885,CLI00000920,4643,Corriente,COP,52
ACC00000920766,CLI00000920,5447,Corriente,COP,45
ACC00000921717,CLI00000921,2449,Ahorros,COP,52
ACC00000921546,CLI00000921,5415,Corriente,COP,53
ACC00000922629,CLI00000922,10417,Corriente,COP,59
ACC00000922712,CLI00000922,953,Ahorros,COP,104
ACC00000923299,CLI00000923,9953,Corriente,COP,13
ACC00000923857,CLI00000923,16521,Nomina,COP,6
ACC00000923100,CLI00000923,7400,Ahorros,COP,54
ACC00000924499,CLI00000924,1591,Ahorros,COP,51
ACC00000924408,CLI00000924,732,Ahorros,COP,107
ACC00000925549,CLI00000925,4606,Corriente,COP,102
ACC00000926263,CLI00000926,15267,Ahorros,COP,96
ACC00000926975,CLI00000926,3225,CDT,COP,104
ACC00000927518,CLI00000927,4836,Corriente,COP,55
ACC00000928182,CLI00000928,1530,Ahorros,COP,111
ACC00000928825,CLI00000928,2011,Corriente,COP,104
ACC00000928600,CLI00000928,904,Ahorros,COP,119
ACC00000929134,CLI00000929,1504,Corriente,COP,62
ACC00000929927,CLI00000929,1244,Ahorros,COP,96
ACC00000930672,CLI00000930,1759,Corriente,COP,9
ACC00000930430,CLI00000930,17345,Ahorros,COP,64
ACC00000930591,CLI00000930,1580,Ahorros,COP,110
ACC00000931939,CLI00000931,1498,Ahorros,COP,91
ACC00000931309,CLI00000931,984,Ahorros,COP,114
ACC00000932839,CLI00000932,9475,Ahorros,COP,66
ACC00000933684,CLI00000933,1613,Corriente,COP,16
ACC00000933322,CLI00000933,2761,Nomina,COP,85
ACC00000933334,CLI00000933,4286,Corriente,COP,96
ACC00000934826,CLI00000934,648,Corriente,COP,35
ACC00000934545,CLI00000934,19022,Ahorros,COP,58
ACC00000935129,CLI00000935,321,Ahorros,COP,110
ACC00000936318,CLI00000936,16027,CDT,COP,14
ACC00000936357,CLI00000936,2177,Corriente,COP,109
ACC00000937908,CLI00000937,1275,Ahorros,COP,111
ACC00000937975,CLI00000937,3104,Ahorros,COP,52
ACC00000938586,CLI00000938,10384,Corriente,COP,65
ACC00000939226,CLI00000939,4196,Ahorros,COP,38
ACC00000940571,CLI00000940,2413,Nomina,COP,5
ACC00000941822,CLI00000941,733,Ahorros,COP,110
ACC00000941935,CLI00000941,6678,CDT,COP,118
ACC00000942411,CLI00000942,3732,Ahorros,COP,21
ACC00000942791,CLI00000942,7778,Ahorros,COP,71
ACC00000942242,CLI00000942,5811,Corriente,COP,102
ACC00000943743,CLI00000943,2460,Corriente,COP,27
ACC00000943813,CLI00000943,103,Ahorros,COP,114
ACC00000944107,CLI00000944,2996,Ahorros,COP,72
ACC00000944752,CLI00000944,23469,CDT,COP,6
ACC00000945535,CLI00000945,1226,Corriente,COP,70
ACC00000945553,CLI00000945,1517,Ahorros,COP,36
ACC00000946374,CLI00000946,2895,Corriente,COP,2
ACC00000946358,CLI00000946,801,Ahorros,COP,4
ACC00000946684,CLI00000946,2286,CDT,COP,74
ACC00000947351,CLI00000947,1611,Nomina,COP,99
ACC00000948949,CLI00000948,3953,Ahorros,COP,97
ACC00000949676,CLI00000949,301,Corriente,COP,13
ACC00000949122,CLI00000949,3985,Corriente,COP,63
ACC00000950286,CLI00000950,2506,Ahorros,COP,66
ACC00000950488,CLI00000950,4005,Ahorros,COP,9
ACC00000950902,CLI00000950,1300,Ahorros,COP,17
ACC00000951494,CLI00000951,1740,Ahorros,COP,53
ACC00000951532,CLI00000951,731,Ahorros,COP,107
ACC00000951382,CLI00000951,4321,Corriente,COP,76
ACC00000952622,CLI00000952,6248,CDT,COP,11
ACC00000953937,CLI00000953,5079,CDT,COP,33
ACC00000953218,CLI00000953,2219,Corriente,COP,39
ACC00000953503,CLI00000953,803,Ahorros,COP,76
ACC00000954511,CLI00000954,2469,Ahorros,COP,17
ACC00000954680,CLI00000954,6619,Ahorros,COP,16
ACC00000954569,CLI00000954,32307,Corriente,COP,52
ACC00000955420,CLI00000955,2512,Corriente,COP,4
ACC00000955394,CLI00000955,272,Ahorros,COP,111
ACC00000956133,CLI00000956,1600,Corriente,COP,39
ACC00000957989,CLI00000957,3045,Ahorros,COP,20
ACC00000957698,CLI00000957,77971,CDT,COP,103
ACC00000957598,CLI00000957,755,Corriente,COP,50
ACC00000958868,CLI00000958,19764,Ahorros,COP,7
ACC00000959500,CLI00000959,7943,Corriente,COP,68
ACC00000959724,CLI00000959,1259,Ahorros,COP,81
ACC00000959614,CLI00000959,1041,Ahorros,COP,83
ACC00000960931,CLI00000960,1631,Ahorros,COP,84
ACC00000960481,CLI00000960,1627,Nomina,COP,75
ACC00000961807,CLI00000961,910,Corriente,COP,18
ACC00000961961,CLI00000961,2863,Corriente,COP,52
ACC00000962909,CLI00000962,1228,Ahorros,COP,53
ACC00000962324,CLI00000962,3329,Corriente,COP,38
ACC00000963940,CLI00000963,3480,Corriente,COP,92
ACC00000963241,CLI00000963,2655,CDT,COP,94
ACC00000964416,CLI00000964,28888,Nomina,COP,71
ACC00000964323,CLI00000964,1919,Ahorros,COP,39
ACC00000964638,CLI00000964,1823,CDT,COP,88
ACC00000965602,CLI00000965,3119,CDT,COP,64
ACC00000965696,CLI00000965,16990,Nomina,COP,107
ACC00000965968,CLI00000965,3077,Corriente,COP,54
ACC00000966836,CLI00000966,54464,Nomina,COP,93
ACC00000966139,CLI00000966,36343,Ahorros,COP,87
ACC00000966631,CLI00000966,2000,Ahorros,COP,2
ACC00000967509,CLI00000967,13153,Ahorros,COP,73
ACC00000968628,CLI00000968,2557,Corriente,COP,30
ACC00000968751,CLI00000968,979,Ahorros,COP,44
ACC00000969695,CLI00000969,3951,Corriente,COP,57
ACC00000969882,CLI00000969,2850,Ahorros,COP,104
ACC00000969340,CLI00000969,656,Ahorros,COP,81
ACC00000970129,CLI00000970,2903,CDT,COP,18
ACC00000971582,CLI00000971,3968,Ahorros,COP,30
ACC00000971630,CLI00000971,19850,Ahorros,COP,40
ACC00000971861,CLI00000971,1086,Corriente,COP,18
ACC00000972637,CLI00000972,4660,Corriente,COP,36
ACC00000972251,CLI00000972,604,Ahorros,COP,114
ACC00000973225,CLI00000973,2048,Nomina,COP,48
ACC00000973176,CLI00000973,987,Corriente,COP,54
ACC00000974332,CLI00000974,1021,Corriente,COP,14
ACC00000975357,CLI00000975,5122,Corriente,COP,16
ACC00000976970,CLI00000976,857,Corriente,COP,80
ACC00000976831,CLI00000976,4884,Ahorros,COP,93
ACC00000976882,CLI00000976,7168,Ahorros,COP,84
ACC00000977124,CLI00000977,150719,CDT,COP,92
ACC00000977154,CLI00000977,1332,Ahorros,COP,2
ACC00000978705,CLI00000978,5280,Corriente,COP,31
ACC00000979971,CLI00000979,1135,Ahorros,COP,60
ACC00000980385,CLI00000980,576,Ahorros,COP,37
ACC00000980335,CLI00000980,3964,Ahorros,COP,72
ACC00000980228,CLI00000980,11106,CDT,COP,90
ACC00000981546,CLI00000981,2809,Ahorros,COP,18
ACC00000982684,CLI00000982,1610,Ahorros,COP,15
ACC00000982200,CLI00000982,328,Corriente,COP,118
ACC00000982588,CLI00000982,9554,Ahorros,COP,29
ACC00000983155,CLI00000983,2487,Corriente,COP,60
ACC00000984722,CLI00000984,541,Corriente,COP,93
ACC00000985276,CLI00000985,18872,Ahorros,COP,36
ACC00000985222,CLI00000985,5220,CDT,COP,112
ACC00000985543,CLI00000985,1193,Ahorros,COP,92
ACC00000986933,CLI00000986,7240,Ahorros,COP,27
ACC00000986542,CLI00000986,7240,Ahorros,COP,89
ACC00000987501,CLI00000987,271,Nomina,COP,79
ACC00000987234,CLI00000987,5391,CDT,COP,29
ACC00000988395,CLI00000988,499,Nomina,COP,95
ACC00000988475,CLI00000988,5472,Ahorros,COP,106
ACC00000989608,CLI00000989,601,Ahorros,COP,7
ACC00000990199,CLI00000990,817,Ahorros,COP,54
ACC00000990927,CLI00000990,3151,Corriente,COP,36
ACC00000991385,CLI00000991,1203,Ahorros,COP,15
ACC00000992983,CLI00000992,478,Nomina,COP,32
ACC00000992216,CLI00000992,400,Corriente,COP,15
ACC00000992885,CLI00000992,16506,Ahorros,COP,58
ACC00000993868,CLI00000993,844,Ahorros,COP,1
ACC00000993209,CLI00000993,25129,Ahorros,COP,12
ACC00000994150,CLI00000994,1010,Ahorros,COP,8
ACC00000995716,CLI00000995,3772,Corriente,COP,94
ACC00000995707,CLI00000995,40445,Ahorros,COP,91
ACC00000995762,CLI00000995,936,Corriente,COP,31
ACC00000996220,CLI00000996,5548,Corriente,COP,46
ACC00000997919,CLI00000997,1042,Corriente,COP,97
ACC00000997678,CLI00000997,1579,CDT,COP,13
ACC00000997322,CLI00000997,226,CDT,COP,43
ACC00000998792,CLI00000998,1079,Ahorros,COP,54
ACC00000998692,CLI00000998,4746,CDT,COP,97
ACC00000999678,CLI00000999,3444,Nomina,COP,20
ACC00000999461,CLI00000999,3766,Ahorros,COP,82
ACC00001000552,CLI00001000,6664,Nomina,COP,88
ACC00001000605,CLI00001000,5878,CDT,COP,95
ACC00001001928,CLI00001001,640,CDT,COP,63
ACC00001001725,CLI00001001,1290,Corriente,COP,68
ACC00001001387,CLI00001001,12704,Ahorros,COP,41
ACC00001002995,CLI00001002,1041,Corriente,COP,41
ACC00001002103,CLI00001002,1917,Corriente,COP,57
ACC00001003719,CLI00001003,1672,Corriente,COP,49
ACC00001003333,CLI00001003,419,Ahorros,COP,29
ACC00001004821,CLI00001004,22326,CDT,COP,8
ACC00001004682,CLI00001004,6766,Corriente,COP,78
ACC00001004537,CLI00001004,6254,Ahorros,COP,20
ACC00001005342,CLI00001005,6131,Ahorros,COP,62
ACC00001006996,CLI00001006,2416,Ahorros,COP,46
ACC00001006413,CLI00001006,4235,Ahorros,COP,118
ACC00001006443,CLI00001006,1315,Ahorros,COP,113
ACC00001007742,CLI00001007,2095,Ahorros,COP,47
ACC00001007621,CLI00001007,1617,Nomina,COP,81
ACC00001008580,CLI00001008,3947,Nomina,COP,41
ACC00001008897,CLI00001008,2343,Nomina,COP,80
ACC00001009911,CLI00001009,1495,Corriente,COP,96
ACC00001010109,CLI00001010,1750,Ahorros,COP,27
ACC00001010727,CLI00001010,1580,Nomina,COP,43
ACC00001010767,CLI00001010,11992,Corriente,COP,3
ACC00001011883,CLI00001011,16034,Nomina,COP,92
ACC00001011772,CLI00001011,3748,Ahorros,COP,103
ACC00001011452,CLI00001011,206,Ahorros,COP,15
ACC00001012730,CLI00001012,8386,Ahorros,COP,71
ACC00001012390,CLI00001012,4749,CDT,COP,89
ACC00001012565,CLI00001012,218,Ahorros,COP,10
ACC00001013120,CLI00001013,1087,Corriente,COP,5
ACC00001014617,CLI00001014,414,Corriente,COP,95
ACC00001014261,CLI00001014,1461,Corriente,COP,81
ACC00001015359,CLI00001015,19727,Ahorros,COP,30
ACC00001015532,CLI00001015,5548,Ahorros,COP,41
ACC00001016559,CLI00001016,3861,Ahorros,COP,44
ACC00001016425,CLI00001016,3526,Corriente,COP,59
ACC00001016317,CLI00001016,963,Corriente,COP,4
ACC00001017519,CLI00001017,328,Ahorros,COP,48
ACC00001017507,CLI00001017,5851,CDT,COP,94
ACC00001017261,CLI00001017,2401,Ahorros,COP,66
ACC00001018572,CLI00001018,5946,Corriente,COP,67
ACC00001018537,CLI00001018,4746,Ahorros,COP,85
ACC00001018920,CLI00001018,1570,Corriente,COP,29
ACC00001019923,CLI00001019,16737,Ahorros,COP,5
ACC00001020381,CLI00001020,2105,Corriente,COP,52
ACC00001020257,CLI00001020,24425,Ahorros,COP,79
ACC00001021785,CLI00001021,34285,Ahorros,COP,26
ACC00001021780,CLI00001021,1224,Corriente,COP,33
ACC00001021389,CLI00001021,9670,Corriente,COP,35
ACC00001022378,CLI00001022,641,Corriente,COP,20
ACC00001022742,CLI00001022,17830,Nomina,COP,6
ACC00001023407,CLI00001023,339,Nomina,COP,86
ACC00001023517,CLI00001023,3822,Corriente,COP,16
ACC00001024124,CLI00001024,6603,Ahorros,COP,15
ACC00001024618,CLI00001024,13728,Corriente,COP,89
ACC00001024130,CLI00001024,3069,Ahorros,COP,107
ACC00001025230,CLI00001025,9280,Nomina,COP,25
ACC00001026554,CLI00001026,2611,Ahorros,COP,92
ACC00001026143,CLI00001026,1675,CDT,COP,42
ACC00001026308,CLI00001026,505,Corriente,COP,103
ACC00001027619,CLI00001027,5352,Corriente,COP,88
ACC00001027276,CLI00001027,1050,Corriente,COP,2
ACC00001028452,CLI00001028,1278,CDT,COP,74
ACC00001029948,CLI00001029,8160,Ahorros,COP,66
ACC00001029943,CLI00001029,2042,Ahorros,COP,91
ACC00001029417,CLI00001029,5162,CDT,COP,83
ACC00001030632,CLI00001030,3007,Corriente,COP,95
ACC00001031197,CLI00001031,3269,Nomina,COP,30
ACC00001032143,CLI00001032,9662,Corriente,COP,3
ACC00001032775,CLI00001032,389,Ahorros,COP,70
ACC00001033306,CLI00001033,9596,Nomina,COP,98
ACC00001033804,CLI00001033,2168,Corriente,COP,31
ACC00001034207,CLI00001034,11619,Corriente,COP,60
ACC00001034412,CLI00001034,1330,Ahorros,COP,30
ACC00001034791,CLI00001034,3692,Corriente,COP,64
ACC00001035343,CLI00001035,136,Ahorros,COP,63
ACC00001035680,CLI00001035,19052,Corriente,COP,29
ACC00001035875,CLI00001035,3470,Corriente,COP,9
ACC00001036584,CLI00001036,9264,Ahorros,COP,91
ACC00001036830,CLI00001036,25437,Corriente,COP,17
ACC00001036378,CLI00001036,902,Corriente,COP,97
ACC00001037456,CLI00001037,658,CDT,COP,72
ACC00001038896,CLI00001038,10259,Ahorros,COP,70
ACC00001038646,CLI00001038,3160,Nomina,COP,92
ACC00001039610,CLI00001039,1265,Corriente,COP,34
ACC00001040643,CLI00001040,1523,Corriente,COP,25
ACC00001040261,CLI00001040,1411,Corriente,COP,77
ACC00001040932,CLI00001040,15442,CDT,COP,63
ACC00001041218,CLI00001041,5327,Corriente,COP,12
ACC00001041519,CLI00001041,5296,Corriente,COP,86
ACC00001042279,CLI00001042,2454,Corriente,COP,25
ACC00001042368,CLI00001042,4703,Ahorros,COP,117
ACC00001042729,CLI00001042,1242,Corriente,COP,104
ACC00001043151,CLI00001043,616,Corriente,COP,24
ACC00001043825,CLI00001043,3051,Nomina,COP,28
ACC00001043551,CLI00001043,12934,Corriente,COP,9
ACC00001044515,CLI00001044,428,Ahorros,COP,1
ACC00001044225,CLI00001044,655,Ahorros,COP,115
ACC00001045209,CLI00001045,195,Corriente,COP,111
ACC00001045683,CLI00001045,10652,CDT,COP,49
ACC00001045588,CLI00001045,13839,Nomina,COP,25
ACC00001046270,CLI00001046,8009,Nomina,COP,82
ACC00001046556,CLI00001046,975,Ahorros,COP,97
ACC00001046182,CLI00001046,3134,Corriente,COP,104
ACC00001047684,CLI00001047,9069,Corriente,COP,52
ACC00001048318,CLI00001048,3204,Corriente,COP,79
ACC00001049910,CLI00001049,24434,Nomina,COP,65
ACC00001049610,CLI00001049,9527,Ahorros,COP,98
ACC00001049148,CLI00001049,447,Corriente,COP,60
ACC00001050253,CLI00001050,3360,CDT,COP,72
ACC00001050217,CLI00001050,4291,CDT,COP,39
ACC00001050576,CLI00001050,1039,Corriente,COP,42
ACC00001051364,CLI00001051,29929,Ahorros,COP,89
ACC00001052595,CLI00001052,2298,CDT,COP,39
ACC00001053895,CLI00001053,6419,Corriente,COP,67
ACC00001053497,CLI00001053,3098,Ahorros,COP,106
ACC00001054558,CLI00001054,1815,Corriente,COP,10
ACC00001054887,CLI00001054,394,Ahorros,COP,87
ACC00001055663,CLI00001055,6651,Corriente,COP,57
ACC00001056340,CLI00001056,29435,Ahorros,COP,15
ACC00001056195,CLI00001056,3074,Ahorros,COP,15
ACC00001057284,CLI00001057,4189,Corriente,COP,33
ACC00001057841,CLI00001057,476,Corriente,COP,79
ACC00001058143,CLI00001058,3396,CDT,COP,106
ACC00001058842,CLI00001058,541,Ahorros,COP,29
ACC00001059568,CLI00001059,2937,Corriente,COP,16
ACC00001060445,CLI00001060,3176,Nomina,COP,38
ACC00001060387,CLI00001060,1249,Ahorros,COP,32
ACC00001060966,CLI00001060,2515,Ahorros,COP,92
ACC00001061697,CLI00001061,34192,Corriente,COP,74
ACC00001061254,CLI00001061,1395,Ahorros,COP,101
ACC00001062106,CLI00001062,1268,Nomina,COP,13
ACC00001062759,CLI00001062,10497,Ahorros,COP,18
ACC00001063467,CLI00001063,722,Ahorros,COP,99
ACC00001063505,CLI00001063,3319,Corriente,COP,12
ACC00001064745,CLI00001064,2969,Ahorros,COP,7
ACC00001064226,CLI00001064,1870,Corriente,COP,47
ACC00001065632,CLI00001065,29741,Corriente,COP,21
ACC00001065857,CLI00001065,1803,Ahorros,COP,70
ACC00001066383,CLI00001066,2589,Corriente,COP,73
ACC00001066612,CLI00001066,3653,Corriente,COP,37
ACC00001066714,CLI00001066,1297,Ahorros,COP,77
ACC00001067945,CLI00001067,8798,Ahorros,COP,63
ACC00001067280,CLI00001067,6034,Ahorros,COP,55
ACC00001067511,CLI00001067,14311,Corriente,COP,17
ACC00001068955,CLI00001068,9785,Nomina,COP,48
ACC00001068239,CLI00001068,1888,Ahorros,COP,103
ACC00001068500,CLI00001068,2002,CDT,COP,88
ACC00001069726,CLI00001069,1697,Ahorros,COP,112
ACC00001069152,CLI00001069,2409,Ahorros,COP,88
ACC00001070822,CLI00001070,880,Corriente,COP,43
ACC00001070927,CLI00001070,1064,Ahorros,COP,25
ACC00001071940,CLI00001071,1602,Ahorros,COP,6
ACC00001071567,CLI00001071,1299,Corriente,COP,79
ACC00001072745,CLI00001072,3468,Corriente,COP,117
ACC00001073361,CLI00001073,1546,Ahorros,COP,107
ACC00001074936,CLI00001074,2092,Nomina,COP,117
ACC00001074590,CLI00001074,2473,Nomina,COP,74
ACC00001074854,CLI00001074,1485,Corriente,COP,117
ACC00001075707,CLI00001075,6541,Ahorros,COP,56
ACC00001076648,CLI00001076,20117,Ahorros,COP,14
ACC00001076522,CLI00001076,25143,Nomina,COP,70
ACC00001076691,CLI00001076,1009,Ahorros,COP,95
ACC00001077138,CLI00001077,235,Ahorros,COP,94
ACC00001077396,CLI00001077,1981,Ahorros,COP,51
ACC00001078478,CLI00001078,642,Corriente,COP,115
ACC00001079227,CLI00001079,4876,CDT,COP,45
ACC00001080797,CLI00001080,7231,Ahorros,COP,81
ACC00001080132,CLI00001080,60240,Ahorros,COP,85
ACC00001081674,CLI00001081,1705,Ahorros,COP,101
ACC00001081156,CLI00001081,690,Ahorros,COP,29
ACC00001082340,CLI00001082,5575,Ahorros,COP,32
ACC00001082382,CLI00001082,748,Corriente,COP,65
ACC00001083907,CLI00001083,2967,Ahorros,COP,59
ACC00001083439,CLI00001083,5063,CDT,COP,72
ACC00001084776,CLI00001084,15334,Ahorros,COP,101
ACC00001085769,CLI00001085,2228,Ahorros,COP,34
ACC00001085992,CLI00001085,9458,CDT,COP,78
ACC00001086666,CLI00001086,2043,Ahorros,COP,3
ACC00001087575,CLI00001087,683,Ahorros,COP,90
ACC00001087766,CLI00001087,2078,Ahorros,COP,96
ACC00001088482,CLI00001088,3623,Ahorros,COP,32
ACC00001089744,CLI00001089,4300,Ahorros,COP,67
ACC00001089830,CLI00001089,25846,Nomina,COP,3
ACC00001090104,CLI00001090,3157,Ahorros,COP,112
ACC00001090104,CLI00001090,3657,Corriente,COP,73
ACC00001091481,CLI00001091,338,Ahorros,COP,73
ACC00001091878,CLI00001091,1176,Corriente,COP,13
ACC00001092528,CLI00001092,5125,Corriente,COP,13
ACC00001092321,CLI00001092,1480,Ahorros,COP,118
ACC00001092273,CLI00001092,63005,Ahorros,COP,116
ACC00001093555,CLI00001093,2550,Ahorros,COP,84
ACC00001093767,CLI00001093,2831,Ahorros,COP,70
ACC00001094207,CLI00001094,12860,Corriente,COP,79
ACC00001094185,CLI00001094,60198,Ahorros,COP,52
ACC00001094165,CLI00001094,3313,Ahorros,COP,114
ACC00001095766,CLI00001095,32846,Ahorros,COP,49
ACC00001096912,CLI00001096,2983,Ahorros,COP,111
ACC00001096611,CLI00001096,1177,Ahorros,COP,64
ACC00001097622,CLI00001097,1917,Corriente,COP,85
ACC00001097471,CLI00001097,1284,Ahorros,COP,95
ACC00001097850,CLI00001097,2976,Ahorros,COP,34
ACC00001098840,CLI00001098,483,Corriente,COP,42
ACC00001098632,CLI00001098,6554,Ahorros,COP,13
ACC00001099124,CLI00001099,23219,Ahorros,COP,23
ACC00001099706,CLI00001099,48988,Ahorros,COP,38
ACC00001100466,CLI00001100,2312,Corriente,COP,5
ACC00001101417,CLI00001101,1210,Nomina,COP,15
ACC00001102359,CLI00001102,2576,Ahorros,COP,52
ACC00001102624,CLI00001102,2183,Ahorros,COP,85
ACC00001103341,CLI00001103,1020,Ahorros,COP,8
ACC00001103997,CLI00001103,38279,CDT,COP,43
ACC00001103283,CLI00001103,6953,Ahorros,COP,23
ACC00001104187,CLI00001104,3506,Ahorros,COP,66
ACC00001104250,CLI00001104,7956,Ahorros,COP,59
ACC00001104942,CLI00001104,376,Corriente,COP,88
ACC00001105424,CLI00001105,9536,Ahorros,COP,17
ACC00001105555,CLI00001105,3388,Ahorros,COP,102
ACC00001106136,CLI00001106,571,Ahorros,COP,106
ACC00001106153,CLI00001106,13722,Ahorros,COP,91
ACC00001106899,CLI00001106,582,Ahorros,COP,109
ACC00001107896,CLI00001107,1401,Corriente,COP,14
ACC00001107232,CLI00001107,2739,Nomina,COP,71
ACC00001108694,CLI00001108,1018,Corriente,COP,84
ACC00001109952,CLI00001109,14209,Ahorros,COP,54
ACC00001110503,CLI00001110,6651,Corriente,COP,51
ACC00001110172,CLI00001110,5465,Ahorros,COP,30
ACC00001111690,CLI00001111,1418,Ahorros,COP,39
ACC00001111723,CLI00001111,4520,CDT,COP,25
ACC00001112828,CLI00001112,1648,CDT,COP,104
ACC00001112366,CLI00001112,1900,Ahorros,COP,19
ACC00001112131,CLI00001112,211,Corriente,COP,60
ACC00001113624,CLI00001113,12703,Ahorros,COP,20
ACC00001113936,CLI00001113,1367,Ahorros,COP,65
ACC00001114502,CLI00001114,4275,Corriente,COP,112
ACC00001115440,CLI00001115,4182,Ahorros,COP,69
ACC00001115114,CLI00001115,1682,Ahorros,COP,89
ACC00001115461,CLI00001115,5121,Corriente,COP,102
ACC00001116303,CLI00001116,1421,Ahorros,COP,6
ACC00001116232,CLI00001116,5620,Ahorros,COP,111
ACC00001116567,CLI00001116,1555,Ahorros,COP,14
ACC00001117242,CLI00001117,6668,Ahorros,COP,13
ACC00001117233,CLI00001117,3171,Ahorros,COP,56
ACC00001117474,CLI00001117,3915,Ahorros,COP,69
ACC00001118659,CLI00001118,580,Ahorros,COP,109
ACC00001119656,CLI00001119,1947,Corriente,COP,115
ACC00001120330,CLI00001120,904,Ahorros,COP,68
ACC00001120502,CLI00001120,2561,Ahorros,COP,21
ACC00001120707,CLI00001120,2106,Ahorros,COP,86
ACC00001121935,CLI00001121,4603,Nomina,COP,10
ACC00001122988,CLI00001122,219,Corriente,COP,81
ACC00001123800,CLI00001123,432,Corriente,COP,21
ACC00001123888,CLI00001123,1516,Corriente,COP,43
ACC00001123740,CLI00001123,1194,Ahorros,COP,84
ACC00001124919,CLI00001124,8209,Corriente,COP,32
ACC00001125254,CLI00001125,10458,Ahorros,COP,94
ACC00001125941,CLI00001125,678,Ahorros,COP,56
ACC00001126462,CLI00001126,1083,Ahorros,COP,102
ACC00001127637,CLI00001127,2326,CDT,COP,77
ACC00001127885,CLI00001127,2097,Corriente,COP,30
ACC00001127852,CLI00001127,812,CDT,COP,92
ACC00001128835,CLI00001128,632,Corriente,COP,37
ACC00001128965,CLI00001128,5282,Corriente,COP,35
ACC00001129740,CLI00001129,7026,Corriente,COP,115
ACC00001129861,CLI00001129,4248,Ahorros,COP,13
ACC00001130242,CLI00001130,4111,Ahorros,COP,2
ACC00001130716,CLI00001130,29017,CDT,COP,113
ACC00001130144,CLI00001130,1817,Ahorros,COP,30
ACC00001131502,CLI00001131,3604,Corriente,COP,58
ACC00001132328,CLI00001132,1733,Ahorros,COP,16
ACC00001132374,CLI00001132,17419,Corriente,COP,9
ACC00001133105,CLI00001133,1366,Ahorros,COP,76
ACC00001134620,CLI00001134,4758,Ahorros,COP,98
ACC00001135309,CLI00001135,961,Ahorros,COP,111
ACC00001135388,CLI00001135,5001,Corriente,COP,36
ACC00001136155,CLI00001136,2400,CDT,COP,103
ACC00001137170,CLI00001137,1335,Ahorros,COP,28
ACC00001137532,CLI00001137,3509,Ahorros,COP,4
ACC00001137429,CLI00001137,1099,Ahorros,COP,37
ACC00001138652,CLI00001138,262,Nomina,COP,68
ACC00001139205,CLI00001139,2207,Ahorros,COP,82
ACC00001139609,CLI00001139,1095,CDT,COP,87
ACC00001139940,CLI00001139,644,Ahorros,COP,112
ACC00001140709,CLI00001140,3191,Ahorros,COP,76
ACC00001140467,CLI00001140,1058,Ahorros,COP,7
ACC00001141704,CLI00001141,1122,Ahorros,COP,2
ACC00001141200,CLI00001141,1436,Ahorros,COP,22
ACC00001141174,CLI00001141,23163,CDT,COP,92
ACC00001142422,CLI00001142,8970,Ahorros,COP,102
ACC00001142297,CLI00001142,541,Corriente,COP,113
ACC00001143462,CLI00001143,1324,Corriente,COP,86
ACC00001143219,CLI00001143,1816,Ahorros,COP,102
ACC00001143207,CLI00001143,621,Corriente,COP,86
ACC00001144888,CLI00001144,12380,Ahorros,COP,1
ACC00001145685,CLI00001145,1159,Corriente,COP,71
ACC00001146919,CLI00001146,4142,Ahorros,COP,6
ACC00001146912,CLI00001146,6079,Corriente,COP,18
ACC00001146125,CLI00001146,2493,Ahorros,COP,66
ACC00001147532,CLI00001147,798,Ahorros,COP,5
ACC00001148127,CLI00001148,4347,Ahorros,COP,109
ACC00001149553,CLI00001149,20409,Corriente,COP,105
ACC00001149748,CLI00001149,6124,Ahorros,COP,73
ACC00001150125,CLI00001150,1574,CDT,COP,105
ACC00001150775,CLI00001150,2135,Corriente,COP,44
ACC00001150625,CLI00001150,9644,Corriente,COP,78
ACC00001151997,CLI00001151,1771,Ahorros,COP,34
ACC00001151451,CLI00001151,13755,Corriente,COP,62
ACC00001151735,CLI00001151,1872,Corriente,COP,7
ACC00001152489,CLI00001152,16680,Corriente,COP,105
ACC00001152143,CLI00001152,2455,Corriente,COP,80
ACC00001152325,CLI00001152,1322,Ahorros,COP,109
ACC00001153375,CLI00001153,11060,Ahorros,COP,117
ACC00001154641,CLI00001154,13427,Corriente,COP,2
ACC00001154561,CLI00001154,13170,Corriente,COP,99
ACC00001154921,CLI00001154,6097,Corriente,COP,66
ACC00001155109,CLI00001155,8673,Corriente,COP,45
ACC00001155355,CLI00001155,3309,Ahorros,COP,90
ACC00001156915,CLI00001156,558,Ahorros,COP,101
ACC00001156824,CLI00001156,1470,Ahorros,COP,97
ACC00001156705,CLI00001156,1973,Ahorros,COP,52
ACC00001157317,CLI00001157,1967,Corriente,COP,74
ACC00001157276,CLI00001157,2325,Corriente,COP,62
ACC00001158674,CLI00001158,2171,Ahorros,COP,42
ACC00001158384,CLI00001158,5803,Ahorros,COP,40
ACC00001159346,CLI00001159,420,CDT,COP,22
ACC00001159470,CLI00001159,2394,Ahorros,COP,72
ACC00001159743,CLI00001159,3227,Ahorros,COP,65
ACC00001160987,CLI00001160,695,Ahorros,COP,30
ACC00001160801,CLI00001160,3924,Corriente,COP,68
ACC00001160528,CLI00001160,596,Ahorros,COP,93
ACC00001161723,CLI00001161,15909,Nomina,COP,109
ACC00001161804,CLI00001161,910,Corriente,COP,74
ACC00001162170,CLI00001162,525,Ahorros,COP,2
ACC00001162135,CLI00001162,8337,Corriente,COP,29
ACC00001163873,CLI00001163,2208,CDT,COP,89
ACC00001163785,CLI00001163,5835,Ahorros,COP,114
ACC00001164522,CLI00001164,2978,Nomina,COP,36
ACC00001164974,CLI00001164,57681,Corriente,COP,84
ACC00001164477,CLI00001164,2596,Corriente,COP,95
ACC00001165186,CLI00001165,3786,Corriente,COP,24
ACC00001165510,CLI00001165,2629,Corriente,COP,47
ACC00001166950,CLI00001166,384,Ahorros,COP,111
ACC00001166610,CLI00001166,980,Ahorros,COP,24
ACC00001166515,CLI00001166,2944,Corriente,COP,61
ACC00001167242,CLI00001167,5649,Ahorros,COP,98
ACC00001167418,CLI00001167,1620,CDT,COP,16
ACC00001167473,CLI00001167,6401,Ahorros,COP,113
ACC00001168468,CLI00001168,26197,Ahorros,COP,100
ACC00001169141,CLI00001169,2022,Ahorros,COP,16
ACC00001169469,CLI00001169,2634,Corriente,COP,39
ACC00001170146,CLI00001170,7808,Corriente,COP,57
ACC00001170465,CLI00001170,835,Nomina,COP,21
ACC00001170786,CLI00001170,158,Ahorros,COP,42
ACC00001171719,CLI00001171,2898,Ahorros,COP,93
ACC00001171142,CLI00001171,2804,Ahorros,COP,93
ACC00001172330,CLI00001172,2899,Ahorros,COP,48
ACC00001172804,CLI00001172,8539,Corriente,COP,52
ACC00001172465,CLI00001172,6036,Corriente,COP,91
ACC00001173366,CLI00001173,2979,Corriente,COP,55
ACC00001174214,CLI00001174,1034,Corriente,COP,12
ACC00001175286,CLI00001175,6631,Ahorros,COP,25
ACC00001175401,CLI00001175,4123,Corriente,COP,7
ACC00001176105,CLI00001176,4022,Corriente,COP,25
ACC00001176223,CLI00001176,2516,Ahorros,COP,118
ACC00001176809,CLI00001176,5924,Corriente,COP,91
ACC00001177588,CLI00001177,6919,Ahorros,COP,17
ACC00001178948,CLI00001178,237,Corriente,COP,10
ACC00001179220,CLI00001179,1067,CDT,COP,71
ACC00001180206,CLI00001180,861,CDT,COP,99
ACC00001181758,CLI00001181,3915,Ahorros,COP,5
ACC00001182968,CLI00001182,2890,Corriente,COP,16
ACC00001183756,CLI00001183,1198,Corriente,COP,55
ACC00001183339,CLI00001183,1701,Ahorros,COP,97
ACC00001184917,CLI00001184,11074,Ahorros,COP,5
ACC00001184672,CLI00001184,2867,Nomina,COP,111
ACC00001185133,CLI00001185,31634,Ahorros,COP,64
ACC00001186606,CLI00001186,1819,Ahorros,COP,12
ACC00001187764,CLI00001187,3094,Ahorros,COP,74
ACC00001187819,CLI00001187,4376,Ahorros,COP,66
ACC00001188201,CLI00001188,5550,Ahorros,COP,30
ACC00001189372,CLI00001189,6773,CDT,COP,65
ACC00001189993,CLI00001189,13837,Ahorros,COP,104
ACC00001190892,CLI00001190,20507,Corriente,COP,72
ACC00001190838,CLI00001190,10428,Nomina,COP,114
ACC00001191193,CLI00001191,10539,Ahorros,COP,54
ACC00001192623,CLI00001192,2672,Ahorros,COP,9
ACC00001192824,CLI00001192,1110,Ahorros,COP,50
ACC00001193585,CLI00001193,12206,CDT,COP,94
ACC00001194959,CLI00001194,6739,Corriente,COP,22
ACC00001194198,CLI00001194,14381,Nomina,COP,111
ACC00001194826,CLI00001194,2562,Corriente,COP,53
ACC00001195367,CLI00001195,665,Ahorros,COP,31
ACC00001196567,CLI00001196,10434,Corriente,COP,66
ACC00001196212,CLI00001196,5117,Ahorros,COP,61
ACC00001197488,CLI00001197,1821,CDT,COP,79
ACC00001197946,CLI00001197,2038,Ahorros,COP,22
ACC00001198450,CLI00001198,8463,Nomina,COP,22
ACC00001198976,CLI00001198,1095,Ahorros,COP,105
ACC00001198315,CLI00001198,2146,Ahorros,COP,55
ACC00001199791,CLI00001199,8192,CDT,COP,55
ACC00001199475,CLI00001199,2965,CDT,COP,101
ACC00001200293,CLI00001200,4961,Corriente,COP,56
ACC00001200545,CLI00001200,429,CDT,COP,70
ACC00001200462,CLI00001200,8356,Nomina,COP,70
ACC00001201342,CLI00001201,8311,CDT,COP,93
ACC00001201156,CLI00001201,32274,CDT,COP,13
ACC00001201582,CLI00001201,562,Ahorros,COP,107
ACC00001202663,CLI00001202,1169,Corriente,COP,44
ACC00001203558,CLI00001203,7492,Corriente,COP,47
ACC00001203894,CLI00001203,28683,Corriente,COP,100
ACC00001203362,CLI00001203,5991,CDT,COP,113
ACC00001204836,CLI00001204,162,Ahorros,COP,74
ACC00001204405,CLI00001204,1511,Ahorros,COP,39
ACC00001204436,CLI00001204,683,Ahorros,COP,112
ACC00001205674,CLI00001205,4917,Ahorros,COP,46
ACC00001206823,CLI00001206,164,Corriente,COP,40
ACC00001206379,CLI00001206,1280,Corriente,COP,20
ACC00001206883,CLI00001206,13462,Ahorros,COP,116
ACC00001207574,CLI00001207,627,Corriente,COP,103
ACC00001207759,CLI00001207,246,Ahorros,COP,32
ACC00001207851,CLI00001207,3479,CDT,COP,54
ACC00001208277,CLI00001208,31481,Corriente,COP,68
ACC00001208583,CLI00001208,39578,Corriente,COP,28
ACC00001209443,CLI00001209,3073,Ahorros,COP,15
ACC00001209835,CLI00001209,2426,Corriente,COP,32
ACC00001210484,CLI00001210,1061,Nomina,COP,4
ACC00001210261,CLI00001210,2938,Ahorros,COP,86
ACC00001210529,CLI00001210,3695,Ahorros,COP,62
ACC00001211858,CLI00001211,1793,Ahorros,COP,45
ACC00001211181,CLI00001211,2225,CDT,COP,111
ACC00001211236,CLI00001211,555,Ahorros,COP,46
ACC00001212707,CLI00001212,2142,Nomina,COP,2
ACC00001212488,CLI00001212,16263,Ahorros,COP,18
ACC00001213605,CLI00001213,6120,Nomina,COP,100
ACC00001214433,CLI00001214,3095,Ahorros,COP,75
ACC00001214517,CLI00001214,3876,Corriente,COP,97
ACC00001214617,CLI00001214,1504,Ahorros,COP,82
ACC00001215842,CLI00001215,2750,Corriente,COP,25
ACC00001216784,CLI00001216,28880,Ahorros,COP,53
ACC00001216202,CLI00001216,50973,Ahorros,COP,24
ACC00001217534,CLI00001217,2888,Ahorros,COP,22
ACC00001217659,CLI00001217,10037,Corriente,COP,52
ACC00001218296,CLI00001218,3121,Ahorros,COP,103
ACC00001218913,CLI00001218,2371,Ahorros,COP,64
ACC00001218337,CLI00001218,1698,Ahorros,COP,19
ACC00001219410,CLI00001219,1592,Ahorros,COP,46
ACC00001219255,CLI00001219,727,Corriente,COP,91
ACC00001220840,CLI00001220,2288,Corriente,COP,82
ACC00001220558,CLI00001220,768,Ahorros,COP,24
ACC00001220536,CLI00001220,2615,Ahorros,COP,92
ACC00001221404,CLI00001221,5193,Corriente,COP,32
ACC00001222165,CLI00001222,10220,CDT,COP,103
ACC00001222352,CLI00001222,1434,Corriente,COP,100
ACC00001222173,CLI00001222,22310,Corriente,COP,27
ACC00001223336,CLI00001223,214,CDT,COP,108
ACC00001223722,CLI00001223,4510,Ahorros,COP,24
ACC00001224505,CLI00001224,4602,Corriente,COP,83
ACC00001224482,CLI00001224,989,Ahorros,COP,81
ACC00001224139,CLI00001224,8343,Nomina,COP,50
ACC00001225994,CLI00001225,2000,Ahorros,COP,63
ACC00001225161,CLI00001225,19145,Ahorros,COP,109
ACC00001225702,CLI00001225,712,Ahorros,COP,102
ACC00001226434,CLI00001226,523,Ahorros,COP,69
ACC00001226176,CLI00001226,4288,Ahorros,COP,72
ACC00001227974,CLI00001227,79991,Ahorros,COP,36
ACC00001228658,CLI00001228,2964,Nomina,COP,22
ACC00001228253,CLI00001228,1330,Corriente,COP,93
ACC00001228720,CLI00001228,3457,Corriente,COP,59
ACC00001229694,CLI00001229,3582,Ahorros,COP,89
ACC00001229123,CLI00001229,1120,Corriente,COP,21
ACC00001230498,CLI00001230,5972,Ahorros,COP,28
ACC00001231866,CLI00001231,6434,Corriente,COP,6
ACC00001231910,CLI00001231,496,Ahorros,COP,19
ACC00001232639,CLI00001232,525,Corriente,COP,11
ACC00001232651,CLI00001232,5652,Ahorros,COP,14
ACC00001233476,CLI00001233,1426,Ahorros,COP,113
ACC00001233317,CLI00001233,533,Ahorros,COP,44
ACC00001233268,CLI00001233,2627,Corriente,COP,57
ACC00001234645,CLI00001234,420,Corriente,COP,97
ACC00001234928,CLI00001234,802,CDT,COP,118
ACC00001234378,CLI00001234,1637,Ahorros,COP,93
ACC00001235936,CLI00001235,1998,Ahorros,COP,62
ACC00001235340,CLI00001235,3198,Ahorros,COP,27
ACC00001235483,CLI00001235,2527,Ahorros,COP,75
ACC00001236548,CLI00001236,996,Nomina,COP,118
ACC00001236748,CLI00001236,1959,Ahorros,COP,69
ACC00001236753,CLI00001236,1234,Ahorros,COP,62
ACC00001237613,CLI00001237,1048,Nomina,COP,35
ACC00001237916,CLI00001237,34699,Ahorros,COP,85
ACC00001238702,CLI00001238,19016,Corriente,COP,34
ACC00001239947,CLI00001239,4608,Ahorros,COP,40
ACC00001240686,CLI00001240,1514,Corriente,COP,53
ACC00001241809,CLI00001241,7866,Ahorros,COP,109
ACC00001241313,CLI00001241,4237,Ahorros,COP,54
ACC00001242320,CLI00001242,19001,CDT,COP,8
ACC00001243386,CLI00001243,2387,Ahorros,COP,13
ACC00001243221,CLI00001243,14512,Ahorros,COP,30
ACC00001243980,CLI00001243,2185,Corriente,COP,51
ACC00001244713,CLI00001244,1393,Ahorros,COP,4
ACC00001244499,CLI00001244,187,CDT,COP,26
ACC00001244923,CLI00001244,2154,Ahorros,COP,56
ACC00001245834,CLI00001245,937,Nomina,COP,38
ACC00001246366,CLI00001246,1261,Ahorros,COP,21
ACC00001246169,CLI00001246,1237,Corriente,COP,53
ACC00001246397,CLI00001246,573,Ahorros,COP,31
ACC00001247742,CLI00001247,2220,Corriente,COP,111
ACC00001248471,CLI00001248,989,Corriente,COP,19
ACC00001248570,CLI00001248,3509,Ahorros,COP,102
ACC00001248290,CLI00001248,247,Ahorros,COP,77
ACC00001249645,CLI00001249,1935,Ahorros,COP,26
ACC00001250945,CLI00001250,6258,Ahorros,COP,92
ACC00001251730,CLI00001251,13606,Ahorros,COP,109
ACC00001252847,CLI00001252,1979,Ahorros,COP,68
ACC00001252234,CLI00001252,5027,CDT,COP,1
ACC00001252151,CLI00001252,1110,Corriente,COP,83
ACC00001253924,CLI00001253,458,Ahorros,COP,11
ACC00001253105,CLI00001253,1662,CDT,COP,49
ACC00001253652,CLI00001253,4908,Ahorros,COP,80
ACC00001254742,CLI00001254,1681,Nomina,COP,46
ACC00001254684,CLI00001254,1855,Corriente,COP,90
ACC00001254564,CLI00001254,482,Ahorros,COP,71
ACC00001255746,CLI00001255,135,Ahorros,COP,75
ACC00001256845,CLI00001256,4209,Ahorros,COP,4
ACC00001257439,CLI00001257,9305,Ahorros,COP,109
ACC00001257695,CLI00001257,786,Corriente,COP,73
ACC00001257185,CLI00001257,5089,Corriente,COP,15
ACC00001258566,CLI00001258,649,Ahorros,COP,22
ACC00001258481,CLI00001258,2400,CDT,COP,19
ACC00001258887,CLI00001258,4808,Nomina,COP,45
ACC00001259743,CLI00001259,7507,Corriente,COP,101
ACC00001260644,CLI00001260,92631,Corriente,COP,102
ACC00001260108,CLI00001260,107,Corriente,COP,84
ACC00001261226,CLI00001261,10989,Ahorros,COP,9
ACC00001261538,CLI00001261,2761,CDT,COP,2
ACC00001261575,CLI00001261,16335,Corriente,COP,78
ACC00001262553,CLI00001262,4864,Ahorros,COP,92
ACC00001263944,CLI00001263,191,Corriente,COP,109
ACC00001263286,CLI00001263,523,Corriente,COP,78
ACC00001263501,CLI00001263,12201,Ahorros,COP,56
ACC00001264196,CLI00001264,4446,CDT,COP,65
ACC00001265906,CLI00001265,3520,Nomina,COP,110
ACC00001266663,CLI00001266,3282,Ahorros,COP,101
ACC00001266969,CLI00001266,4159,Nomina,COP,97
ACC00001266654,CLI00001266,20354,Ahorros,COP,71
ACC00001267128,CLI00001267,1807,Ahorros,COP,8
ACC00001267497,CLI00001267,1700,Nomina,COP,45
ACC00001268987,CLI00001268,20339,Corriente,COP,65
ACC00001268894,CLI00001268,644,Corriente,COP,110
ACC00001268177,CLI00001268,1382,Corriente,COP,33
ACC00001269172,CLI00001269,7710,CDT,COP,1
ACC00001269979,CLI00001269,9370,Ahorros,COP,3
ACC00001270811,CLI00001270,44040,Ahorros,COP,3
ACC00001270983,CLI00001270,593,Corriente,COP,40
ACC00001271915,CLI00001271,1559,Ahorros,COP,44
ACC00001271197,CLI00001271,5122,Ahorros,COP,48
ACC00001272809,CLI00001272,2454,Ahorros,COP,55
ACC00001272676,CLI00001272,412,Corriente,COP,108
ACC00001273480,CLI00001273,883,Ahorros,COP,53
ACC00001273867,CLI00001273,7866,Ahorros,COP,82
ACC00001274724,CLI00001274,962,Ahorros,COP,71
ACC00001274940,CLI00001274,1364,Nomina,COP,45
ACC00001274561,CLI00001274,123,Ahorros,COP,7
ACC00001275478,CLI00001275,3800,Ahorros,COP,11
ACC00001275940,CLI00001275,2756,Corriente,COP,61
ACC00001275674,CLI00001275,1487,CDT,COP,85
ACC00001276702,CLI00001276,733,Corriente,COP,94
ACC00001276852,CLI00001276,6035,CDT,COP,6
ACC00001277684,CLI00001277,1507,Nomina,COP,57
ACC00001277240,CLI00001277,21690,CDT,COP,111
ACC00001277125,CLI00001277,8828,Ahorros,COP,80
ACC00001278693,CLI00001278,3897,Ahorros,COP,117
ACC00001278355,CLI00001278,4612,Nomina,COP,80
ACC00001278221,CLI00001278,377,Ahorros,COP,113
ACC00001279951,CLI00001279,3704,Nomina,COP,56
ACC00001280172,CLI00001280,2883,Ahorros,COP,42
ACC00001280978,CLI00001280,3053,Corriente,COP,109
ACC00001281922,CLI00001281,1587,Corriente,COP,35
ACC00001281814,CLI00001281,3759,Corriente,COP,78
ACC00001281789,CLI00001281,7306,Corriente,COP,50
ACC00001282979,CLI00001282,1555,Ahorros,COP,13
ACC00001282191,CLI00001282,3591,Ahorros,COP,88
ACC00001282703,CLI00001282,5123,Corriente,COP,87
ACC00001283864,CLI00001283,807,CDT,COP,119
ACC00001284498,CLI00001284,3276,Corriente,COP,48
ACC00001284367,CLI00001284,1441,Corriente,COP,75
ACC00001285879,CLI00001285,4237,Corriente,COP,116
ACC00001285453,CLI00001285,328,Corriente,COP,78
ACC00001285307,CLI00001285,548,Ahorros,COP,55
ACC00001286654,CLI00001286,1020,Ahorros,COP,107
ACC00001286876,CLI00001286,114,Corriente,COP,19
ACC00001286207,CLI00001286,4419,Corriente,COP,117
ACC00001287179,CLI00001287,2790,CDT,COP,65
ACC00001287692,CLI00001287,3836,Ahorros,COP,3
ACC00001287504,CLI00001287,5222,Corriente,COP,86
ACC00001288364,CLI00001288,376,Ahorros,COP,62
ACC00001289222,CLI00001289,1952,Nomina,COP,16
ACC00001290499,CLI00001290,945,Ahorros,COP,49
ACC00001290160,CLI00001290,1413,Ahorros,COP,109
ACC00001291960,CLI00001291,4771,Ahorros,COP,72
ACC00001291907,CLI00001291,1097,Corriente,COP,81
ACC00001292896,CLI00001292,1828,Ahorros,COP,110
ACC00001293982,CLI00001293,400,Corriente,COP,96
ACC00001294441,CLI00001294,1992,Corriente,COP,82
ACC00001294677,CLI00001294,1734,Ahorros,COP,46
ACC00001295828,CLI00001295,40876,Ahorros,COP,42
ACC00001295692,CLI00001295,1750,Ahorros,COP,99
ACC00001295337,CLI00001295,3438,CDT,COP,9
ACC00001296712,CLI00001296,3283,Corriente,COP,55
ACC00001296648,CLI00001296,3141,Corriente,COP,32
ACC00001297712,CLI00001297,7722,Ahorros,COP,43
ACC00001297763,CLI00001297,5166,Ahorros,COP,51
ACC00001297964,CLI00001297,1002,Corriente,COP,34
ACC00001298134,CLI00001298,22042,Corriente,COP,40
ACC00001298395,CLI00001298,2302,Nomina,COP,24
ACC00001298307,CLI00001298,6702,Corriente,COP,33
ACC00001299680,CLI00001299,9966,Corriente,COP,98
ACC00001300497,CLI00001300,2004,CDT,COP,58
ACC00001300433,CLI00001300,2404,CDT,COP,31
ACC00001301290,CLI00001301,863,Ahorros,COP,49
ACC00001302578,CLI00001302,2769,Corriente,COP,22
ACC00001303457,CLI00001303,7038,Ahorros,COP,95
ACC00001303731,CLI00001303,1644,Ahorros,COP,81
ACC00001303902,CLI00001303,2162,Corriente,COP,16
ACC00001304860,CLI00001304,1903,Ahorros,COP,52
ACC00001304183,CLI00001304,279,CDT,COP,113
ACC00001305740,CLI00001305,1830,CDT,COP,43
ACC00001305583,CLI00001305,6929,Ahorros,COP,94
ACC00001306509,CLI00001306,4022,Ahorros,COP,57
ACC00001306724,CLI00001306,244,Ahorros,COP,111
ACC00001307969,CLI00001307,1318,Corriente,COP,29
ACC00001307354,CLI00001307,12501,CDT,COP,75
ACC00001308954,CLI00001308,9038,Corriente,COP,29
ACC00001309443,CLI00001309,1966,CDT,COP,95
ACC00001310488,CLI00001310,1437,Corriente,COP,36
ACC00001310820,CLI00001310,3624,Corriente,COP,116
ACC00001310494,CLI00001310,6845,Ahorros,COP,80
ACC00001311439,CLI00001311,1804,Ahorros,COP,72
ACC00001311682,CLI00001311,13768,Ahorros,COP,26
ACC00001311545,CLI00001311,950,Corriente,COP,114
ACC00001312202,CLI00001312,719,Ahorros,COP,68
ACC00001312975,CLI00001312,5844,Ahorros,COP,80
ACC00001313786,CLI00001313,1370,Ahorros,COP,53
ACC00001313188,CLI00001313,6497,CDT,COP,15
ACC00001314146,CLI00001314,863,Ahorros,COP,23
ACC00001314319,CLI00001314,4600,Ahorros,COP,76
ACC00001314135,CLI00001314,11780,Corriente,COP,113
ACC00001315916,CLI00001315,8549,Ahorros,COP,16
ACC00001315377,CLI00001315,4381,Ahorros,COP,57
ACC00001315917,CLI00001315,8414,Corriente,COP,5
ACC00001316503,CLI00001316,4585,Ahorros,COP,29
ACC00001316264,CLI00001316,6278,Corriente,COP,80
ACC00001317931,CLI00001317,569,Ahorros,COP,108
ACC00001317171,CLI00001317,1575,Ahorros,COP,64
ACC00001317461,CLI00001317,1872,Ahorros,COP,108
ACC00001318157,CLI00001318,5680,Corriente,COP,25
ACC00001318616,CLI00001318,5408,Corriente,COP,109
ACC00001319105,CLI00001319,1045,Ahorros,COP,115
ACC00001319135,CLI00001319,3914,CDT,COP,68
ACC00001319309,CLI00001319,6725,Ahorros,COP,105
ACC00001320443,CLI00001320,5771,Ahorros,COP,52
ACC00001320777,CLI00001320,788,Ahorros,COP,54
ACC00001320763,CLI00001320,16930,Ahorros,COP,60
ACC00001321428,CLI00001321,3796,Ahorros,COP,76
ACC00001321467,CLI00001321,460,Corriente,COP,34
ACC00001321672,CLI00001321,66293,Corriente,COP,53
ACC00001322748,CLI00001322,1198,CDT,COP,26
ACC00001323125,CLI00001323,974,Ahorros,COP,104
ACC00001324219,CLI00001324,24392,CDT,COP,49
ACC00001325174,CLI00001325,4165,Ahorros,COP,47
ACC00001325195,CLI00001325,34107,Ahorros,COP,118
ACC00001326317,CLI00001326,6971,Corriente,COP,8
ACC00001327865,CLI00001327,12778,Ahorros,COP,92
ACC00001327404,CLI00001327,2682,Ahorros,COP,26
ACC00001327299,CLI00001327,5218,Corriente,COP,43
ACC00001328856,CLI00001328,2877,Ahorros,COP,80
ACC00001328168,CLI00001328,3678,Ahorros,COP,73
ACC00001329398,CLI00001329,104397,CDT,COP,116
ACC00001329366,CLI00001329,2630,CDT,COP,65
ACC00001329572,CLI00001329,18258,Ahorros,COP,14
ACC00001330581,CLI00001330,13850,Nomina,COP,49
ACC00001331519,CLI00001331,3129,Ahorros,COP,12
ACC00001331493,CLI00001331,6652,Corriente,COP,17
ACC00001332859,CLI00001332,5251,Ahorros,COP,32
ACC00001332939,CLI00001332,2399,Corriente,COP,77
ACC00001332294,CLI00001332,6222,Nomina,COP,54
ACC00001333644,CLI00001333,708,Ahorros,COP,92
ACC00001333325,CLI00001333,796,Corriente,COP,53
ACC00001334344,CLI00001334,1198,Ahorros,COP,41
ACC00001334660,CLI00001334,6975,Corriente,COP,5
ACC00001335379,CLI00001335,1145,Nomina,COP,33
ACC00001335611,CLI00001335,5065,Corriente,COP,16
ACC00001336463,CLI00001336,8993,Ahorros,COP,9
ACC00001337929,CLI00001337,919,Corriente,COP,76
ACC00001338438,CLI00001338,587,Ahorros,COP,111
ACC00001338697,CLI00001338,4979,Ahorros,COP,114
ACC00001339276,CLI00001339,5381,Ahorros,COP,103
ACC00001340578,CLI00001340,6054,Ahorros,COP,94
ACC00001340420,CLI00001340,36953,Corriente,COP,61
ACC00001340768,CLI00001340,61464,Ahorros,COP,117
ACC00001341879,CLI00001341,5539,CDT,COP,82
ACC00001342772,CLI00001342,842,Ahorros,COP,12
ACC00001343568,CLI00001343,583,Nomina,COP,32
ACC00001344702,CLI00001344,3147,Corriente,COP,101
ACC00001344805,CLI00001344,9296,Corriente,COP,15
ACC00001345638,CLI00001345,4141,Ahorros,COP,14
ACC00001346758,CLI00001346,4381,Corriente,COP,8
ACC00001347482,CLI00001347,2683,Ahorros,COP,41
ACC00001348330,CLI00001348,18381,Ahorros,COP,1
ACC00001349338,CLI00001349,1374,Nomina,COP,102
ACC00001349657,CLI00001349,2734,Ahorros,COP,78
ACC00001349153,CLI00001349,8446,Corriente,COP,14
ACC00001350843,CLI00001350,53721,Corriente,COP,33
ACC00001350232,CLI00001350,11816,Nomina,COP,61
ACC00001350278,CLI00001350,9745,Ahorros,COP,30
ACC00001351692,CLI00001351,1747,Ahorros,COP,58
ACC00001352483,CLI00001352,3547,Nomina,COP,108
ACC00001353738,CLI00001353,5545,Ahorros,COP,20
ACC00001353314,CLI00001353,4237,Ahorros,COP,87
ACC00001354401,CLI00001354,3724,Corriente,COP,62
ACC00001354717,CLI00001354,1108,Ahorros,COP,43
ACC00001355600,CLI00001355,1607,Ahorros,COP,10
ACC00001355471,CLI00001355,1669,Corriente,COP,101
ACC00001355236,CLI00001355,569,Ahorros,COP,32
ACC00001356666,CLI00001356,2540,Ahorros,COP,78
ACC00001356579,CLI00001356,3343,Ahorros,COP,33
ACC00001357973,CLI00001357,1293,CDT,COP,107
ACC00001357949,CLI00001357,1978,Corriente,COP,100
ACC00001358906,CLI00001358,2890,Corriente,COP,30
ACC00001358839,CLI00001358,7796,Ahorros,COP,88
ACC00001358602,CLI00001358,714,Ahorros,COP,15
ACC00001359680,CLI00001359,77571,Ahorros,COP,1
ACC00001360416,CLI00001360,2228,Corriente,COP,77
ACC00001360282,CLI00001360,1432,CDT,COP,43
ACC00001360668,CLI00001360,3758,CDT,COP,110
ACC00001361401,CLI00001361,3580,CDT,COP,21
ACC00001361716,CLI00001361,1076,CDT,COP,23
ACC00001361326,CLI00001361,9098,Corriente,COP,94
ACC00001362246,CLI00001362,1296,Ahorros,COP,117
ACC00001362166,CLI00001362,4623,Corriente,COP,100
ACC00001363934,CLI00001363,6623,Corriente,COP,71
ACC00001363929,CLI00001363,1196,Ahorros,COP,4
ACC00001363760,CLI00001363,1134,CDT,COP,38
ACC00001364338,CLI00001364,6093,Ahorros,COP,18
ACC00001364500,CLI00001364,3913,Ahorros,COP,95
ACC00001365317,CLI00001365,45899,Ahorros,COP,15
ACC00001366780,CLI00001366,6850,Ahorros,COP,119
ACC00001366939,CLI00001366,3355,Corriente,COP,22
ACC00001366866,CLI00001366,15821,CDT,COP,39
ACC00001367693,CLI00001367,839,Corriente,COP,18
ACC00001367553,CLI00001367,527,CDT,COP,104
ACC00001368996,CLI00001368,9204,Ahorros,COP,26
ACC00001369635,CLI00001369,1170,Ahorros,COP,7
ACC00001369235,CLI00001369,1280,Ahorros,COP,113
ACC00001369810,CLI00001369,14820,Ahorros,COP,33
ACC00001370271,CLI00001370,5706,Ahorros,COP,93
ACC00001370746,CLI00001370,5560,CDT,COP,83
ACC00001370571,CLI00001370,3293,Corriente,COP,109
ACC00001371692,CLI00001371,5758,Ahorros,COP,81
ACC00001372251,CLI00001372,13573,Ahorros,COP,117
ACC00001372944,CLI00001372,1369,Ahorros,COP,60
ACC00001372271,CLI00001372,985,Corriente,COP,59
ACC00001373178,CLI00001373,431,Nomina,COP,74
ACC00001373106,CLI00001373,1984,Ahorros,COP,93
ACC00001374366,CLI00001374,2842,CDT,COP,115
ACC00001374756,CLI00001374,5414,CDT,COP,20
ACC00001375104,CLI00001375,7449,Ahorros,COP,5
ACC00001376875,CLI00001376,4021,Corriente,COP,54
ACC00001376299,CLI00001376,2353,Ahorros,COP,36
ACC00001376881,CLI00001376,6683,Corriente,COP,3
ACC00001377601,CLI00001377,1138,Nomina,COP,70
ACC00001377233,CLI00001377,162,Corriente,COP,85
ACC00001378375,CLI00001378,768,Corriente,COP,76
ACC00001378565,CLI00001378,2862,CDT,COP,101
ACC00001378673,CLI00001378,651,Nomina,COP,8
ACC00001379906,CLI00001379,2224,CDT,COP,64
ACC00001380384,CLI00001380,17770,Ahorros,COP,59
ACC00001380140,CLI00001380,9524,Ahorros,COP,102
ACC00001381555,CLI00001381,2336,Ahorros,COP,75
ACC00001381775,CLI00001381,2226,Corriente,COP,41
ACC00001382175,CLI00001382,1840,Ahorros,COP,7
ACC00001383784,CLI00001383,5167,Corriente,COP,68
ACC00001383771,CLI00001383,826,CDT,COP,49
ACC00001384698,CLI00001384,881,Ahorros,COP,11
ACC00001384501,CLI00001384,225,Ahorros,COP,55
ACC00001384878,CLI00001384,475,Corriente,COP,43
ACC00001385756,CLI00001385,2073,Ahorros,COP,80
ACC00001385547,CLI00001385,7078,Corriente,COP,20
ACC00001386241,CLI00001386,1597,Ahorros,COP,33
ACC00001386750,CLI00001386,362,Corriente,COP,60
ACC00001387654,CLI00001387,723,Ahorros,COP,112
ACC00001388351,CLI00001388,885,CDT,COP,113
ACC00001388867,CLI00001388,111,Nomina,COP,51
ACC00001388939,CLI00001388,861,Corriente,COP,53
ACC00001389430,CLI00001389,5671,Ahorros,COP,12
ACC00001389551,CLI00001389,3113,Corriente,COP,34
ACC00001390680,CLI00001390,6929,Corriente,COP,82
ACC00001390764,CLI00001390,3206,Ahorros,COP,61
ACC00001391596,CLI00001391,306,Corriente,COP,93
ACC00001391306,CLI00001391,5899,Corriente,COP,86
ACC00001392405,CLI00001392,3088,CDT,COP,47
ACC00001392404,CLI00001392,1566,Corriente,COP,20
ACC00001392161,CLI00001392,2360,Corriente,COP,54
ACC00001393713,CLI00001393,2718,Ahorros,COP,96
ACC00001394987,CLI00001394,6191,Nomina,COP,69
ACC00001394511,CLI00001394,4796,Corriente,COP,55
ACC00001395757,CLI00001395,40078,CDT,COP,105
ACC00001396923,CLI00001396,853,Corriente,COP,97
ACC00001397638,CLI00001397,5045,CDT,COP,84
ACC00001397832,CLI00001397,1682,Ahorros,COP,32
ACC00001397249,CLI00001397,2482,Ahorros,COP,12
ACC00001398306,CLI00001398,596,Ahorros,COP,82
ACC00001398312,CLI00001398,4314,Ahorros,COP,100
ACC00001399457,CLI00001399,1278,Ahorros,COP,106
ACC00001399342,CLI00001399,8249,Ahorros,COP,57
ACC00001399663,CLI00001399,1225,Ahorros,COP,110
ACC00001400273,CLI00001400,102,Corriente,COP,69
ACC00001400381,CLI00001400,8571,Nomina,COP,45
ACC00001400839,CLI00001400,757,Ahorros,COP,43
ACC00001401944,CLI00001401,925,Corriente,COP,105
ACC00001402811,CLI00001402,10858,Corriente,COP,48
ACC00001402460,CLI00001402,1353,Ahorros,COP,88
ACC00001403671,CLI00001403,5267,CDT,COP,108
ACC00001403158,CLI00001403,4672,Corriente,COP,55
ACC00001403557,CLI00001403,3223,Corriente,COP,44
ACC00001404793,CLI00001404,3651,Ahorros,COP,60
ACC00001405290,CLI00001405,550,CDT,COP,17
ACC00001405536,CLI00001405,1855,Ahorros,COP,3
ACC00001406331,CLI00001406,8492,Corriente,COP,93
ACC00001406747,CLI00001406,1757,Ahorros,COP,87
ACC00001406821,CLI00001406,4891,Ahorros,COP,100
ACC00001407860,CLI00001407,2211,Ahorros,COP,68
ACC00001408471,CLI00001408,2523,Ahorros,COP,5
ACC00001408699,CLI00001408,868,CDT,COP,84
ACC00001409121,CLI00001409,2831,Ahorros,COP,109
ACC00001409757,CLI00001409,17143,Ahorros,COP,66
ACC00001410121,CLI00001410,3036,Ahorros,COP,5
ACC00001410304,CLI00001410,2175,CDT,COP,12
ACC00001411787,CLI00001411,146297,Ahorros,COP,85
ACC00001411192,CLI00001411,2206,Ahorros,COP,22
ACC00001411117,CLI00001411,7742,Ahorros,COP,27
ACC00001412456,CLI00001412,1146,Ahorros,COP,57
ACC00001412600,CLI00001412,1368,Corriente,COP,65
ACC00001413937,CLI00001413,41547,CDT,COP,59
ACC00001413749,CLI00001413,11769,Ahorros,COP,10
ACC00001413822,CLI00001413,2536,Ahorros,COP,105
ACC00001414233,CLI00001414,3032,Nomina,COP,52
ACC00001414299,CLI00001414,23114,Ahorros,COP,79
ACC00001415419,CLI00001415,3798,Ahorros,COP,107
ACC00001415688,CLI00001415,1316,Ahorros,COP,58
ACC00001416321,CLI00001416,1964,Corriente,COP,7
ACC00001417595,CLI00001417,2479,Corriente,COP,8
ACC00001418203,CLI00001418,2335,Ahorros,COP,46
ACC00001419816,CLI00001419,16547,Corriente,COP,18
ACC00001419428,CLI00001419,2881,Corriente,COP,102
ACC00001420455,CLI00001420,848,Ahorros,COP,97
ACC00001420947,CLI00001420,11683,Ahorros,COP,28
ACC00001421960,CLI00001421,3115,Corriente,COP,40
ACC00001421354,CLI00001421,20422,Ahorros,COP,111
ACC00001422710,CLI00001422,4626,Nomina,COP,80
ACC00001422822,CLI00001422,351,CDT,COP,33
ACC00001422411,CLI00001422,8788,CDT,COP,74
ACC00001423131,CLI00001423,1024,Corriente,COP,79
ACC00001423434,CLI00001423,1759,CDT,COP,5
ACC00001423429,CLI00001423,21812,Ahorros,COP,82
ACC00001424727,CLI00001424,2645,Ahorros,COP,71
ACC00001425593,CLI00001425,2973,CDT,COP,110
ACC00001425869,CLI00001425,554,Ahorros,COP,38
ACC00001426583,CLI00001426,6578,Ahorros,COP,36
ACC00001426519,CLI00001426,22213,Ahorros,COP,47
ACC00001426443,CLI00001426,799,Corriente,COP,95
ACC00001427516,CLI00001427,1468,Corriente,COP,82
ACC00001427153,CLI00001427,1827,Ahorros,COP,28
ACC00001428829,CLI00001428,3295,CDT,COP,91
ACC00001429669,CLI00001429,1171,Ahorros,COP,21
ACC00001429123,CLI00001429,3457,Ahorros,COP,42
ACC00001430263,CLI00001430,2481,Ahorros,COP,94
ACC00001430132,CLI00001430,10449,Corriente,COP,33
ACC00001430887,CLI00001430,345,Corriente,COP,108
ACC00001431754,CLI00001431,10028,Ahorros,COP,82
ACC00001431129,CLI00001431,1202,CDT,COP,87
ACC00001431668,CLI00001431,2386,Corriente,COP,74
ACC00001432334,CLI00001432,12455,Ahorros,COP,5
ACC00001433887,CLI00001433,1076,Ahorros,COP,50
ACC00001433699,CLI00001433,15175,Corriente,COP,41
ACC00001433181,CLI00001433,680,Corriente,COP,117
ACC00001434147,CLI00001434,1905,Corriente,COP,12
ACC00001434831,CLI00001434,12861,Nomina,COP,65
ACC00001435130,CLI00001435,1913,Ahorros,COP,117
ACC00001435354,CLI00001435,1594,Ahorros,COP,66
ACC00001435134,CLI00001435,1441,Ahorros,COP,42
ACC00001436790,CLI00001436,718,CDT,COP,28
ACC00001436273,CLI00001436,2572,Corriente,COP,52
ACC00001437198,CLI00001437,9880,Ahorros,COP,9
ACC00001437344,CLI00001437,24219,Ahorros,COP,20
ACC00001437535,CLI00001437,2954,Ahorros,COP,58
ACC00001438414,CLI00001438,4105,Ahorros,COP,78
ACC00001438344,CLI00001438,607,Ahorros,COP,69
ACC00001438841,CLI00001438,4842,Ahorros,COP,99
ACC00001439399,CLI00001439,1391,Corriente,COP,10
ACC00001440380,CLI00001440,18611,Ahorros,COP,68
ACC00001440161,CLI00001440,3236,Corriente,COP,83
ACC00001440449,CLI00001440,1850,Corriente,COP,73
ACC00001441715,CLI00001441,4299,Nomina,COP,42
ACC00001441762,CLI00001441,1388,CDT,COP,109
ACC00001441909,CLI00001441,801,CDT,COP,82
ACC00001442762,CLI00001442,1948,Ahorros,COP,25
ACC00001442969,CLI00001442,485,Ahorros,COP,73
ACC00001442451,CLI00001442,3482,Corriente,COP,90
ACC00001443628,CLI00001443,1223,Ahorros,COP,110
ACC00001443223,CLI00001443,1644,Ahorros,COP,74
ACC00001443686,CLI00001443,19297,Ahorros,COP,98
ACC00001444571,CLI00001444,3174,Ahorros,COP,15
ACC00001444180,CLI00001444,18265,Ahorros,COP,36
ACC00001445197,CLI00001445,5466,CDT,COP,65
ACC00001445468,CLI00001445,1749,Corriente,COP,60
ACC00001445555,CLI00001445,10688,Corriente,COP,51
ACC00001446689,CLI00001446,1789,Ahorros,COP,16
ACC00001446775,CLI00001446,932,Ahorros,COP,108
ACC00001446456,CLI00001446,4924,Nomina,COP,49
ACC00001447525,CLI00001447,2397,Corriente,COP,80
ACC00001447186,CLI00001447,3347,Corriente,COP,91
ACC00001447785,CLI00001447,5304,Ahorros,COP,117
ACC00001448579,CLI00001448,4805,Corriente,COP,108
ACC00001448325,CLI00001448,5027,Ahorros,COP,66
ACC00001448744,CLI00001448,685,Corriente,COP,59
ACC00001449863,CLI00001449,4891,Corriente,COP,66
ACC00001450990,CLI00001450,2245,Ahorros,COP,2
ACC00001451831,CLI00001451,975,Nomina,COP,23
ACC00001451478,CLI00001451,5584,Ahorros,COP,14
ACC00001452265,CLI00001452,8922,Ahorros,COP,61
ACC00001452395,CLI00001452,9450,Nomina,COP,84
ACC00001453460,CLI00001453,19835,CDT,COP,103
ACC00001453287,CLI00001453,1215,Corriente,COP,51
ACC00001453368,CLI00001453,1518,Ahorros,COP,5
ACC00001454942,CLI00001454,15602,Nomina,COP,69
ACC00001454359,CLI00001454,2328,Corriente,COP,85
ACC00001454466,CLI00001454,5874,Corriente,COP,102
ACC00001455540,CLI00001455,2842,Corriente,COP,44
ACC00001455498,CLI00001455,22843,Ahorros,COP,41
ACC00001456665,CLI00001456,2283,Corriente,COP,91
ACC00001456937,CLI00001456,5224,Ahorros,COP,119
ACC00001457810,CLI00001457,3654,CDT,COP,42
ACC00001458795,CLI00001458,8388,Ahorros,COP,2
ACC00001458162,CLI00001458,1861,Corriente,COP,54
ACC00001458758,CLI00001458,15324,Nomina,COP,46
ACC00001459307,CLI00001459,102285,Ahorros,COP,92
ACC00001459511,CLI00001459,2118,Ahorros,COP,52
ACC00001460696,CLI00001460,24253,Nomina,COP,30
ACC00001461367,CLI00001461,1442,Ahorros,COP,27
ACC00001461942,CLI00001461,711,CDT,COP,73
ACC00001462784,CLI00001462,10090,Ahorros,COP,17
ACC00001463987,CLI00001463,20915,Corriente,COP,82
ACC00001463871,CLI00001463,4891,Corriente,COP,12
ACC00001464796,CLI00001464,4574,Nomina,COP,17
ACC00001464521,CLI00001464,7259,Corriente,COP,104
ACC00001465680,CLI00001465,17730,Corriente,COP,69
ACC00001465539,CLI00001465,2873,Corriente,COP,91
ACC00001465176,CLI00001465,2843,Corriente,COP,12
ACC00001466136,CLI00001466,401,Corriente,COP,59
ACC00001466129,CLI00001466,531,CDT,COP,16
ACC00001466290,CLI00001466,5108,Ahorros,COP,16
ACC00001467983,CLI00001467,35668,Corriente,COP,92
ACC00001467702,CLI00001467,4717,Ahorros,COP,24
ACC00001467264,CLI00001467,3663,Ahorros,COP,79
ACC00001468531,CLI00001468,404,Ahorros,COP,24
ACC00001468113,CLI00001468,9607,Nomina,COP,39
ACC00001468296,CLI00001468,67,Corriente,COP,34
ACC00001469319,CLI00001469,4799,Corriente,COP,64
ACC00001469874,CLI00001469,51396,Ahorros,COP,86
ACC00001470191,CLI00001470,41882,Ahorros,COP,73
ACC00001471680,CLI00001471,10496,CDT,COP,27
ACC00001471698,CLI00001471,8077,Ahorros,COP,108
ACC00001472427,CLI00001472,1881,CDT,COP,54
ACC00001473943,CLI00001473,3812,Ahorros,COP,54
ACC00001474913,CLI00001474,4260,Corriente,COP,73
ACC00001475275,CLI00001475,7351,Ahorros,COP,73
ACC00001476313,CLI00001476,4293,CDT,COP,26
ACC00001476313,CLI00001476,691,Ahorros,COP,88
ACC00001477262,CLI00001477,2406,Ahorros,COP,39
ACC00001478706,CLI00001478,2009,Nomina,COP,110
ACC00001479112,CLI00001479,3857,Ahorros,COP,70
ACC00001479643,CLI00001479,3631,Ahorros,COP,89
ACC00001480775,CLI00001480,7486,Ahorros,COP,13
ACC00001481260,CLI00001481,164,Ahorros,COP,24
ACC00001481295,CLI00001481,1740,CDT,COP,66
ACC00001481419,CLI00001481,3552,Ahorros,COP,101
ACC00001482728,CLI00001482,855,Ahorros,COP,106
ACC00001482557,CLI00001482,235,CDT,COP,69
ACC00001483440,CLI00001483,5783,Corriente,COP,24
ACC00001483324,CLI00001483,900,Ahorros,COP,106
ACC00001483430,CLI00001483,704,Corriente,COP,81
ACC00001484884,CLI00001484,3671,Corriente,COP,51
ACC00001485808,CLI00001485,2434,Ahorros,COP,1
ACC00001485916,CLI00001485,2594,Ahorros,COP,20
ACC00001485831,CLI00001485,2431,CDT,COP,100
ACC00001486573,CLI00001486,808,Corriente,COP,115
ACC00001486238,CLI00001486,9528,Ahorros,COP,2
ACC00001486303,CLI00001486,617,Ahorros,COP,45
ACC00001487696,CLI00001487,222,Corriente,COP,29
ACC00001488461,CLI00001488,22872,Corriente,COP,107
ACC00001488320,CLI00001488,22053,Corriente,COP,56
ACC00001488856,CLI00001488,14425,Ahorros,COP,52
ACC00001489945,CLI00001489,3437,Ahorros,COP,86
ACC00001490894,CLI00001490,1981,Ahorros,COP,87
ACC00001490564,CLI00001490,511,Corriente,COP,32
ACC00001491960,CLI00001491,2663,Corriente,COP,59
ACC00001492747,CLI00001492,1189,Corriente,COP,48
ACC00001492611,CLI00001492,1036,Ahorros,COP,5
ACC00001493578,CLI00001493,6527,Ahorros,COP,89
ACC00001494805,CLI00001494,2786,Ahorros,COP,107
ACC00001494457,CLI00001494,1897,Ahorros,COP,30
ACC00001494713,CLI00001494,3378,Corriente,COP,106
ACC00001495765,CLI00001495,3104,Corriente,COP,54
ACC00001495638,CLI00001495,1054,Ahorros,COP,74
ACC00001495480,CLI00001495,5338,Ahorros,COP,14
ACC00001496869,CLI00001496,117030,Ahorros,COP,114
ACC00001496425,CLI00001496,4173,CDT,COP,56
ACC00001497515,CLI00001497,116,Ahorros,COP,76
ACC00001497131,CLI00001497,15371,Ahorros,COP,25
ACC00001498981,CLI00001498,4553,Ahorros,COP,66
ACC00001498610,CLI00001498,8093,Ahorros,COP,19
ACC00001498123,CLI00001498,22754,CDT,COP,61
ACC00001499634,CLI00001499,1459,Ahorros,COP,33
ACC00001499914,CLI00001499,17813,Ahorros,COP,19
ACC00001499928,CLI00001499,1991,Corriente,COP,85
ACC00001500117,CLI00001500,825,CDT,COP,80
ACC00001501144,CLI00001501,9056,Corriente,COP,63
ACC00001501610,CLI00001501,810,Ahorros,COP,118
ACC00001501551,CLI00001501,158,Corriente,COP,31
ACC00001502110,CLI00001502,2857,Nomina,COP,39
ACC00001502295,CLI00001502,1197,Ahorros,COP,27
ACC00001503665,CLI00001503,2246,Corriente,COP,38
ACC00001503829,CLI00001503,3846,Nomina,COP,66
ACC00001504303,CLI00001504,2704,Corriente,COP,11
ACC00001504827,CLI00001504,1082,Corriente,COP,49
ACC00001505115,CLI00001505,2331,Corriente,COP,3
ACC00001505972,CLI00001505,23385,Ahorros,COP,37
ACC00001505547,CLI00001505,7450,Ahorros,COP,8
ACC00001506403,CLI00001506,13074,Corriente,COP,70
ACC00001506907,CLI00001506,3269,Ahorros,COP,82
ACC00001506364,CLI00001506,3751,CDT,COP,12
ACC00001507959,CLI00001507,844,Ahorros,COP,93
ACC00001508930,CLI00001508,1208,Corriente,COP,106
ACC00001508798,CLI00001508,1247,Nomina,COP,118
ACC00001508485,CLI00001508,503,Ahorros,COP,65
ACC00001509193,CLI00001509,586,Ahorros,COP,107
ACC00001510338,CLI00001510,8276,Ahorros,COP,112
ACC00001510197,CLI00001510,10146,CDT,COP,109
ACC00001511444,CLI00001511,3007,Corriente,COP,67
ACC00001511854,CLI00001511,511,Ahorros,COP,78
ACC00001511686,CLI00001511,930,CDT,COP,97
ACC00001512762,CLI00001512,1838,CDT,COP,32
ACC00001513903,CLI00001513,2489,Corriente,COP,106
ACC00001514575,CLI00001514,1056,Ahorros,COP,20
ACC00001514552,CLI00001514,748,CDT,COP,107
ACC00001515144,CLI00001515,14059,Ahorros,COP,36
ACC00001516709,CLI00001516,2998,Ahorros,COP,67
ACC00001517847,CLI00001517,7734,Ahorros,COP,112
ACC00001517249,CLI00001517,1544,Ahorros,COP,10
ACC00001518851,CLI00001518,3493,Ahorros,COP,1
ACC00001519505,CLI00001519,2446,Ahorros,COP,101
ACC00001519103,CLI00001519,18972,Ahorros,COP,116
ACC00001520554,CLI00001520,36343,Corriente,COP,93
ACC00001521676,CLI00001521,3380,Ahorros,COP,60
ACC00001521684,CLI00001521,10092,Corriente,COP,25
ACC00001521396,CLI00001521,7651,Corriente,COP,26
ACC00001522513,CLI00001522,2128,Corriente,COP,5
ACC00001523651,CLI00001523,20212,Ahorros,COP,101
ACC00001523308,CLI00001523,1920,Corriente,COP,16
ACC00001524437,CLI00001524,36440,Corriente,COP,49
ACC00001524527,CLI00001524,387,Ahorros,COP,49
ACC00001525252,CLI00001525,6580,Ahorros,COP,80
ACC00001525799,CLI00001525,8734,Ahorros,COP,3
ACC00001525792,CLI00001525,2916,Ahorros,COP,34
ACC00001526223,CLI00001526,1370,Ahorros,COP,79
ACC00001526295,CLI00001526,3441,CDT,COP,103
ACC00001527119,CLI00001527,8077,Corriente,COP,52
ACC00001527332,CLI00001527,530,Ahorros,COP,23
ACC00001527839,CLI00001527,15947,Ahorros,COP,54
ACC00001528761,CLI00001528,967,CDT,COP,99
ACC00001529231,CLI00001529,10829,Ahorros,COP,75
ACC00001529372,CLI00001529,2186,Ahorros,COP,47
ACC00001529635,CLI00001529,17549,Corriente,COP,45
ACC00001530451,CLI00001530,9972,Nomina,COP,53
ACC00001531914,CLI00001531,992,CDT,COP,54
ACC00001531641,CLI00001531,294,Ahorros,COP,50
ACC00001531806,CLI00001531,2104,Ahorros,COP,67
ACC00001532498,CLI00001532,1183,Ahorros,COP,118
ACC00001533711,CLI00001533,22294,Ahorros,COP,19
ACC00001533657,CLI00001533,1517,Ahorros,COP,86
ACC00001533654,CLI00001533,2004,Corriente,COP,80
ACC00001534969,CLI00001534,32354,Ahorros,COP,21
ACC00001535118,CLI00001535,2925,Ahorros,COP,16
ACC00001536407,CLI00001536,21934,Ahorros,COP,6
ACC00001536465,CLI00001536,670,Ahorros,COP,64
ACC00001537418,CLI00001537,2952,CDT,COP,39
ACC00001537426,CLI00001537,1190,Corriente,COP,104
ACC00001538325,CLI00001538,2572,Ahorros,COP,71
ACC00001538638,CLI00001538,281,Ahorros,COP,37
ACC00001539515,CLI00001539,2810,CDT,COP,11
ACC00001539107,CLI00001539,10100,Corriente,COP,8
ACC00001539840,CLI00001539,140,Corriente,COP,87
ACC00001540668,CLI00001540,2626,Ahorros,COP,114
ACC00001541762,CLI00001541,3031,Ahorros,COP,6
ACC00001541541,CLI00001541,339,Nomina,COP,7
ACC00001542281,CLI00001542,1523,Ahorros,COP,81
ACC00001542287,CLI00001542,2803,Corriente,COP,77
ACC00001543531,CLI00001543,3671,CDT,COP,82
ACC00001543302,CLI00001543,2018,Corriente,COP,80
ACC00001543131,CLI00001543,684,Ahorros,COP,10
ACC00001544765,CLI00001544,189,Ahorros,COP,91
ACC00001545472,CLI00001545,5894,Ahorros,COP,118
ACC00001545669,CLI00001545,3173,Ahorros,COP,116
ACC00001545581,CLI00001545,1511,Corriente,COP,77
ACC00001546986,CLI00001546,356,Corriente,COP,88
ACC00001546530,CLI00001546,1770,CDT,COP,26
ACC00001547776,CLI00001547,7483,Ahorros,COP,18
ACC00001547687,CLI00001547,1611,Ahorros,COP,1
ACC00001548261,CLI00001548,991,Ahorros,COP,46
ACC00001549458,CLI00001549,17649,CDT,COP,52
ACC00001550478,CLI00001550,395,CDT,COP,33
ACC00001551158,CLI00001551,5271,Corriente,COP,50
ACC00001552563,CLI00001552,182,Ahorros,COP,27
ACC00001552578,CLI00001552,11797,CDT,COP,79
ACC00001552511,CLI00001552,13346,Ahorros,COP,77
ACC00001553596,CLI00001553,315,Ahorros,COP,47
ACC00001553255,CLI00001553,1289,Ahorros,COP,3
ACC00001553334,CLI00001553,4053,Corriente,COP,21
ACC00001554100,CLI00001554,6050,Ahorros,COP,111
ACC00001554332,CLI00001554,16953,Ahorros,COP,101
ACC00001555163,CLI00001555,2537,Nomina,COP,17
ACC00001555996,CLI00001555,4102,Ahorros,COP,19
ACC00001556394,CLI00001556,4597,Ahorros,COP,70
ACC00001556685,CLI00001556,3628,Ahorros,COP,113
ACC00001557622,CLI00001557,1158,Nomina,COP,52
ACC00001558660,CLI00001558,6895,Corriente,COP,74
ACC00001559299,CLI00001559,1335,Corriente,COP,69
ACC00001560141,CLI00001560,9740,Corriente,COP,59
ACC00001560816,CLI00001560,1169,Ahorros,COP,42
ACC00001561678,CLI00001561,1094,CDT,COP,55
ACC00001561858,CLI00001561,18932,Corriente,COP,100
ACC00001562997,CLI00001562,4429,Corriente,COP,47
ACC00001562649,CLI00001562,24480,Ahorros,COP,96
ACC00001563979,CLI00001563,539,Ahorros,COP,67
ACC00001564731,CLI00001564,842,Corriente,COP,63
ACC00001564966,CLI00001564,374,CDT,COP,6
ACC00001564680,CLI00001564,18504,Ahorros,COP,42
ACC00001565466,CLI00001565,1929,Corriente,COP,24
ACC00001565897,CLI00001565,1888,Ahorros,COP,93
ACC00001565436,CLI00001565,574,Ahorros,COP,43
ACC00001566651,CLI00001566,3119,Ahorros,COP,61
ACC00001566926,CLI00001566,2506,Corriente,COP,52
ACC00001567588,CLI00001567,21674,Corriente,COP,84
ACC00001567816,CLI00001567,1321,Corriente,COP,62
ACC00001567869,CLI00001567,714,Corriente,COP,5
ACC00001568145,CLI00001568,7170,Ahorros,COP,14
ACC00001568976,CLI00001568,793,Corriente,COP,68
ACC00001568401,CLI00001568,622,Ahorros,COP,26
ACC00001569871,CLI00001569,131,Ahorros,COP,90
ACC00001570536,CLI00001570,3200,Corriente,COP,78
ACC00001570527,CLI00001570,2934,Ahorros,COP,118
ACC00001571498,CLI00001571,4048,Ahorros,COP,116
ACC00001572527,CLI00001572,3853,Corriente,COP,75
ACC00001573337,CLI00001573,5766,Corriente,COP,72
ACC00001573947,CLI00001573,2556,Ahorros,COP,9
ACC00001574673,CLI00001574,3307,CDT,COP,118
ACC00001575567,CLI00001575,6410,Ahorros,COP,119
ACC00001575527,CLI00001575,48438,Ahorros,COP,54
ACC00001576665,CLI00001576,3052,CDT,COP,115
ACC00001576110,CLI00001576,1036,Ahorros,COP,33
ACC00001577761,CLI00001577,1639,Ahorros,COP,44
ACC00001578673,CLI00001578,1213,Ahorros,COP,17
ACC00001578640,CLI00001578,1674,Ahorros,COP,4
ACC00001578622,CLI00001578,15844,Nomina,COP,113
ACC00001579780,CLI00001579,7114,Ahorros,COP,48
ACC00001579250,CLI00001579,5115,Ahorros,COP,89
ACC00001579841,CLI00001579,1513,Nomina,COP,82
ACC00001580634,CLI00001580,2047,Ahorros,COP,69
ACC00001581806,CLI00001581,3975,Ahorros,COP,94
ACC00001581471,CLI00001581,3718,Corriente,COP,77
ACC00001582831,CLI00001582,3476,Ahorros,COP,86
ACC00001582731,CLI00001582,849,Ahorros,COP,2
ACC00001583641,CLI00001583,788,Nomina,COP,68
ACC00001583436,CLI00001583,12322,Nomina,COP,116
ACC00001584321,CLI00001584,6107,Ahorros,COP,40
ACC00001584870,CLI00001584,2126,Ahorros,COP,102
ACC00001585771,CLI00001585,9528,Ahorros,COP,19
ACC00001586502,CLI00001586,1166,Corriente,COP,54
ACC00001586873,CLI00001586,11148,Ahorros,COP,93
ACC00001586762,CLI00001586,4098,Corriente,COP,109
ACC00001587229,CLI00001587,15275,Ahorros,COP,76
ACC00001587354,CLI00001587,1457,Ahorros,COP,63
ACC00001588281,CLI00001588,2561,Ahorros,COP,85
ACC00001589623,CLI00001589,2061,Corriente,COP,57
ACC00001589117,CLI00001589,1217,Ahorros,COP,23
ACC00001590585,CLI00001590,2853,CDT,COP,25
ACC00001590393,CLI00001590,5434,Ahorros,COP,58
ACC00001591943,CLI00001591,3569,Ahorros,COP,89
ACC00001591395,CLI00001591,3587,Ahorros,COP,106
ACC00001592345,CLI00001592,1530,Corriente,COP,90
ACC00001593473,CLI00001593,1823,CDT,COP,105
ACC00001594755,CLI00001594,2441,Corriente,COP,73
ACC00001594391,CLI00001594,26097,Corriente,COP,95
ACC00001595488,CLI00001595,6917,Ahorros,COP,11
ACC00001595476,CLI00001595,8440,Ahorros,COP,6
ACC00001595152,CLI00001595,1453,Ahorros,COP,39
ACC00001596286,CLI00001596,4288,CDT,COP,86
ACC00001596757,CLI00001596,547,Ahorros,COP,37
ACC00001596978,CLI00001596,1737,Nomina,COP,94
ACC00001597780,CLI00001597,2751,Corriente,COP,102
ACC00001598349,CLI00001598,7916,Ahorros,COP,65
ACC00001599812,CLI00001599,2351,Ahorros,COP,101
ACC00001599382,CLI00001599,5558,Ahorros,COP,6
ACC00001600438,CLI00001600,2166,Ahorros,COP,84
ACC00001600971,CLI00001600,1485,Ahorros,COP,64
ACC00001600316,CLI00001600,7120,Ahorros,COP,51
ACC00001601319,CLI00001601,8085,Ahorros,COP,38
ACC00001601643,CLI00001601,2618,Ahorros,COP,93
ACC00001601594,CLI00001601,983,Ahorros,COP,106
ACC00001602239,CLI00001602,1617,CDT,COP,79
ACC00001602944,CLI00001602,2281,Ahorros,COP,60
ACC00001603100,CLI00001603,2311,Ahorros,COP,97
ACC00001603742,CLI00001603,3519,Ahorros,COP,3
ACC00001603655,CLI00001603,1444,Ahorros,COP,77
ACC00001604896,CLI00001604,6268,Ahorros,COP,57
ACC00001605623,CLI00001605,992,CDT,COP,105
ACC00001606167,CLI00001606,2403,Ahorros,COP,107
ACC00001607143,CLI00001607,13313,CDT,COP,63
ACC00001607212,CLI00001607,998,Corriente,COP,41
ACC00001608846,CLI00001608,3882,Ahorros,COP,72
ACC00001609105,CLI00001609,1685,CDT,COP,119
ACC00001610103,CLI00001610,1853,Ahorros,COP,96
ACC00001610808,CLI00001610,3220,Ahorros,COP,94
ACC00001610196,CLI00001610,2078,CDT,COP,86
ACC00001611755,CLI00001611,698,CDT,COP,15
ACC00001612657,CLI00001612,2141,Corriente,COP,66
ACC00001613937,CLI00001613,5303,Ahorros,COP,6
ACC00001613298,CLI00001613,567,Corriente,COP,19
ACC00001613460,CLI00001613,322,Corriente,COP,48
ACC00001614273,CLI00001614,1047,Corriente,COP,5
ACC00001614403,CLI00001614,1492,Corriente,COP,13
ACC00001614129,CLI00001614,2969,Corriente,COP,86
ACC00001615256,CLI00001615,46308,Ahorros,COP,35
ACC00001616578,CLI00001616,8644,Ahorros,COP,80
ACC00001617156,CLI00001617,11653,Ahorros,COP,72
ACC00001617453,CLI00001617,443,Corriente,COP,2
ACC00001618423,CLI00001618,18012,Corriente,COP,1
ACC00001618562,CLI00001618,5768,Ahorros,COP,34
ACC00001619236,CLI00001619,1534,Corriente,COP,10
ACC00001620742,CLI00001620,306,Ahorros,COP,33
ACC00001621307,CLI00001621,4212,Corriente,COP,1
ACC00001622385,CLI00001622,10776,Corriente,COP,44
ACC00001623998,CLI00001623,9316,Ahorros,COP,53
ACC00001624172,CLI00001624,1778,Corriente,COP,113
ACC00001625376,CLI00001625,2635,CDT,COP,111
ACC00001625615,CLI00001625,3954,Corriente,COP,80
ACC00001626272,CLI00001626,6142,CDT,COP,91
ACC00001627378,CLI00001627,888,Ahorros,COP,3
ACC00001628336,CLI00001628,502,Nomina,COP,93
ACC00001629614,CLI00001629,1461,Ahorros,COP,68
ACC00001630444,CLI00001630,6499,Ahorros,COP,40
ACC00001630537,CLI00001630,10030,Corriente,COP,118
ACC00001631610,CLI00001631,6791,Corriente,COP,113
ACC00001631912,CLI00001631,11110,Ahorros,COP,103
ACC00001632211,CLI00001632,572,Corriente,COP,99
ACC00001633437,CLI00001633,641,Ahorros,COP,43
ACC00001634263,CLI00001634,406,Ahorros,COP,111
ACC00001634988,CLI00001634,3277,Ahorros,COP,64
ACC00001635643,CLI00001635,6866,Ahorros,COP,71
ACC00001636853,CLI00001636,1357,Corriente,COP,27
ACC00001636379,CLI00001636,22284,Ahorros,COP,116
ACC00001637984,CLI00001637,5680,Nomina,COP,91
ACC00001638589,CLI00001638,20469,Ahorros,COP,112
ACC00001639661,CLI00001639,1833,Ahorros,COP,30
ACC00001639641,CLI00001639,32212,Nomina,COP,13
ACC00001639935,CLI00001639,78,Ahorros,COP,65
ACC00001640667,CLI00001640,2650,Corriente,COP,106
ACC00001640925,CLI00001640,631,Corriente,COP,25
ACC00001640143,CLI00001640,503,Corriente,COP,104
ACC00001641272,CLI00001641,4277,CDT,COP,35
ACC00001641749,CLI00001641,3068,Corriente,COP,42
ACC00001641595,CLI00001641,1808,Ahorros,COP,23
ACC00001642405,CLI00001642,12503,Ahorros,COP,83
ACC00001642989,CLI00001642,4826,Nomina,COP,59
ACC00001642623,CLI00001642,1278,Ahorros,COP,47
ACC00001643653,CLI00001643,38082,Corriente,COP,104
ACC00001643761,CLI00001643,21292,Ahorros,COP,64
ACC00001643824,CLI00001643,6706,Ahorros,COP,95
ACC00001644332,CLI00001644,1773,CDT,COP,97
ACC00001645896,CLI00001645,889,Ahorros,COP,119
ACC00001645836,CLI00001645,3588,Corriente,COP,65
ACC00001645651,CLI00001645,1767,Ahorros,COP,45
ACC00001646959,CLI00001646,1549,Ahorros,COP,15
ACC00001647164,CLI00001647,2161,Corriente,COP,96
ACC00001647826,CLI00001647,530,Corriente,COP,30
ACC00001647684,CLI00001647,4371,Nomina,COP,54
ACC00001648716,CLI00001648,1519,Corriente,COP,66
ACC00001648414,CLI00001648,19513,Ahorros,COP,55
ACC00001649704,CLI00001649,2372,Corriente,COP,93
ACC00001649268,CLI00001649,3697,CDT,COP,114
ACC00001650635,CLI00001650,5679,Corriente,COP,111
ACC00001650985,CLI00001650,2334,Nomina,COP,28
ACC00001651616,CLI00001651,6773,CDT,COP,86
ACC00001651516,CLI00001651,10840,Ahorros,COP,25
ACC00001651593,CLI00001651,480,Corriente,COP,43
ACC00001652916,CLI00001652,15600,CDT,COP,3
ACC00001653962,CLI00001653,13284,CDT,COP,70
ACC00001653142,CLI00001653,15207,Ahorros,COP,33
ACC00001653257,CLI00001653,1617,Ahorros,COP,78
ACC00001654153,CLI00001654,1262,Corriente,COP,1
ACC00001654973,CLI00001654,1075,Ahorros,COP,90
ACC00001655711,CLI00001655,9591,Ahorros,COP,29
ACC00001655591,CLI00001655,22794,Ahorros,COP,108
ACC00001656615,CLI00001656,3639,Ahorros,COP,106
ACC00001656369,CLI00001656,920,Nomina,COP,116
ACC00001656287,CLI00001656,25197,Ahorros,COP,67
ACC00001657421,CLI00001657,750,Ahorros,COP,5
ACC00001658123,CLI00001658,4341,CDT,COP,31
ACC00001659175,CLI00001659,10017,Ahorros,COP,119
ACC00001659676,CLI00001659,2867,Corriente,COP,27
ACC00001660662,CLI00001660,1307,Nomina,COP,1
ACC00001661407,CLI00001661,2970,Ahorros,COP,31
ACC00001661538,CLI00001661,5050,Ahorros,COP,116
ACC00001662489,CLI00001662,4528,Ahorros,COP,23
ACC00001662826,CLI00001662,9212,Ahorros,COP,95
ACC00001663322,CLI00001663,4846,Ahorros,COP,18
ACC00001663836,CLI00001663,6336,Ahorros,COP,30
ACC00001664135,CLI00001664,1361,Ahorros,COP,54
ACC00001664839,CLI00001664,11955,CDT,COP,119
ACC00001665903,CLI00001665,5013,Corriente,COP,68
ACC00001665523,CLI00001665,21798,Corriente,COP,48
ACC00001665623,CLI00001665,3400,Ahorros,COP,25
ACC00001666593,CLI00001666,855,Ahorros,COP,5
ACC00001666851,CLI00001666,1410,CDT,COP,75
ACC00001666529,CLI00001666,3656,Ahorros,COP,71
ACC00001667469,CLI00001667,2331,Corriente,COP,30
ACC00001667713,CLI00001667,2196,Corriente,COP,30
ACC00001668436,CLI00001668,273,Ahorros,COP,105
ACC00001669175,CLI00001669,2830,Corriente,COP,101
ACC00001669100,CLI00001669,5349,Ahorros,COP,19
ACC00001670376,CLI00001670,5085,Corriente,COP,53
ACC00001670243,CLI00001670,468,Ahorros,COP,94
ACC00001670498,CLI00001670,11154,Ahorros,COP,22
ACC00001671496,CLI00001671,1426,Corriente,COP,78
ACC00001671100,CLI00001671,16849,Ahorros,COP,61
ACC00001671392,CLI00001671,3188,CDT,COP,115
ACC00001672205,CLI00001672,3065,Ahorros,COP,96
ACC00001673663,CLI00001673,674,Ahorros,COP,91
ACC00001673129,CLI00001673,2572,Corriente,COP,104
ACC00001674625,CLI00001674,4068,Corriente,COP,15
ACC00001675701,CLI00001675,2888,Nomina,COP,80
ACC00001676918,CLI00001676,19269,Corriente,COP,25
ACC00001676523,CLI00001676,4086,CDT,COP,6
ACC00001676263,CLI00001676,711,Corriente,COP,49
ACC00001677827,CLI00001677,452,CDT,COP,99
ACC00001677364,CLI00001677,5165,Ahorros,COP,8
ACC00001677971,CLI00001677,3637,Ahorros,COP,76
ACC00001678868,CLI00001678,5711,Ahorros,COP,75
ACC00001678114,CLI00001678,668,Corriente,COP,59
ACC00001678274,CLI00001678,913,Ahorros,COP,20
ACC00001679948,CLI00001679,4149,CDT,COP,27
ACC00001680478,CLI00001680,2899,Corriente,COP,108
ACC00001681977,CLI00001681,358,Nomina,COP,43
ACC00001681779,CLI00001681,1763,Ahorros,COP,117
ACC00001681277,CLI00001681,3546,Corriente,COP,111
ACC00001682394,CLI00001682,1874,Nomina,COP,50
ACC00001683769,CLI00001683,1796,Ahorros,COP,85
ACC00001683993,CLI00001683,2479,Corriente,COP,53
ACC00001684139,CLI00001684,1132,Corriente,COP,114
ACC00001684985,CLI00001684,1069,Corriente,COP,119
ACC00001684561,CLI00001684,1331,Ahorros,COP,93
ACC00001685284,CLI00001685,1582,Ahorros,COP,80
ACC00001686241,CLI00001686,883,Nomina,COP,69
ACC00001686527,CLI00001686,2354,Ahorros,COP,104
ACC00001687464,CLI00001687,2516,Nomina,COP,42
ACC00001688769,CLI00001688,11502,Corriente,COP,84
ACC00001688702,CLI00001688,17459,Corriente,COP,93
ACC00001689218,CLI00001689,691,CDT,COP,100
ACC00001689337,CLI00001689,25458,Ahorros,COP,31
ACC00001689944,CLI00001689,1489,Ahorros,COP,74
ACC00001690838,CLI00001690,12852,Corriente,COP,8
ACC00001690658,CLI00001690,338,Ahorros,COP,63
ACC00001690565,CLI00001690,4868,Ahorros,COP,61
ACC00001691113,CLI00001691,858,Ahorros,COP,27
ACC00001691533,CLI00001691,10049,Ahorros,COP,94
ACC00001691292,CLI00001691,22312,Ahorros,COP,37
ACC00001692322,CLI00001692,1331,Ahorros,COP,16
ACC00001692111,CLI00001692,1554,Ahorros,COP,37
ACC00001692303,CLI00001692,3768,Nomina,COP,70
ACC00001693296,CLI00001693,8329,Corriente,COP,62
ACC00001693438,CLI00001693,4742,CDT,COP,88
ACC00001693814,CLI00001693,2780,Corriente,COP,70
ACC00001694874,CLI00001694,4178,Ahorros,COP,4
ACC00001695505,CLI00001695,4019,Corriente,COP,45
ACC00001696510,CLI00001696,634,Corriente,COP,17
ACC00001697291,CLI00001697,3373,CDT,COP,16
ACC00001697317,CLI00001697,6220,Nomina,COP,14
ACC00001697941,CLI00001697,3652,Ahorros,COP,47
ACC00001698409,CLI00001698,1356,Ahorros,COP,46
ACC00001698829,CLI00001698,2212,Ahorros,COP,65
ACC00001698975,CLI00001698,347,Ahorros,COP,94
ACC00001699958,CLI00001699,3291,Ahorros,COP,74
ACC00001700326,CLI00001700,247,CDT,COP,87
ACC00001701111,CLI00001701,2909,Ahorros,COP,93
ACC00001702210,CLI00001702,392,Corriente,COP,3
ACC00001702136,CLI00001702,3310,Ahorros,COP,90
ACC00001702414,CLI00001702,14045,Corriente,COP,109
ACC00001703870,CLI00001703,5148,Corriente,COP,50
ACC00001704161,CLI00001704,1435,Ahorros,COP,26
ACC00001705133,CLI00001705,15691,Corriente,COP,101
ACC00001705146,CLI00001705,19347,Ahorros,COP,85
ACC00001706655,CLI00001706,5806,Corriente,COP,12
ACC00001707959,CLI00001707,4639,Nomina,COP,88
ACC00001707356,CLI00001707,9481,Corriente,COP,70
ACC00001708434,CLI00001708,4397,Ahorros,COP,107
ACC00001708479,CLI00001708,3844,Ahorros,COP,84
ACC00001709629,CLI00001709,2237,Corriente,COP,48
ACC00001709493,CLI00001709,6513,Ahorros,COP,2
ACC00001710833,CLI00001710,756,Ahorros,COP,52
ACC00001710948,CLI00001710,2351,Ahorros,COP,41
ACC00001711919,CLI00001711,3323,Corriente,COP,97
ACC00001711215,CLI00001711,454,Corriente,COP,111
ACC00001711424,CLI00001711,4683,Ahorros,COP,77
ACC00001712406,CLI00001712,4352,Corriente,COP,99
ACC00001713932,CLI00001713,35465,Nomina,COP,61
ACC00001713721,CLI00001713,18600,Corriente,COP,68
ACC00001714991,CLI00001714,557,Ahorros,COP,22
ACC00001714191,CLI00001714,2206,Ahorros,COP,106
ACC00001715106,CLI00001715,464,Ahorros,COP,40
ACC00001715265,CLI00001715,5750,Ahorros,COP,20
ACC00001715109,CLI00001715,9606,Ahorros,COP,6
ACC00001716488,CLI00001716,392,Ahorros,COP,103
ACC00001716298,CLI00001716,14177,Ahorros,COP,13
ACC00001716662,CLI00001716,2667,Corriente,COP,80
ACC00001717453,CLI00001717,2162,Ahorros,COP,62
ACC00001717720,CLI00001717,7459,Corriente,COP,14
ACC00001718273,CLI00001718,4773,Corriente,COP,76
ACC00001719802,CLI00001719,2596,CDT,COP,67
ACC00001719913,CLI00001719,5554,Ahorros,COP,48
ACC00001719905,CLI00001719,1378,Ahorros,COP,74
ACC00001720760,CLI00001720,7085,CDT,COP,27
ACC00001720840,CLI00001720,1088,CDT,COP,21
ACC00001721316,CLI00001721,10146,Nomina,COP,27
ACC00001721339,CLI00001721,4907,Ahorros,COP,75
ACC00001721963,CLI00001721,3769,Ahorros,COP,91
ACC00001722193,CLI00001722,1985,Ahorros,COP,78
ACC00001722606,CLI00001722,249,Corriente,COP,88
ACC00001722276,CLI00001722,2949,Ahorros,COP,88
ACC00001723166,CLI00001723,2617,Ahorros,COP,5
ACC00001723477,CLI00001723,31259,Corriente,COP,37
ACC00001723852,CLI00001723,1810,Ahorros,COP,53
ACC00001724825,CLI00001724,966,Ahorros,COP,91
ACC00001725272,CLI00001725,4616,Ahorros,COP,9
ACC00001725134,CLI00001725,1642,Ahorros,COP,32
ACC00001725925,CLI00001725,3473,Ahorros,COP,36
ACC00001726756,CLI00001726,18836,Ahorros,COP,21
ACC00001726536,CLI00001726,321,Ahorros,COP,59
ACC00001726196,CLI00001726,309,Ahorros,COP,5
ACC00001727465,CLI00001727,270,Ahorros,COP,76
ACC00001728977,CLI00001728,1268,Nomina,COP,87
ACC00001728651,CLI00001728,281,Ahorros,COP,99
ACC00001729747,CLI00001729,21383,Ahorros,COP,94
ACC00001729863,CLI00001729,1888,Ahorros,COP,13
ACC00001730118,CLI00001730,5313,Nomina,COP,31
ACC00001730751,CLI00001730,2566,Ahorros,COP,35
ACC00001731234,CLI00001731,838,Ahorros,COP,53
ACC00001731685,CLI00001731,2376,Ahorros,COP,62
ACC00001731697,CLI00001731,458,Ahorros,COP,41
ACC00001732269,CLI00001732,5978,Ahorros,COP,19
ACC00001733456,CLI00001733,1287,Ahorros,COP,51
ACC00001734662,CLI00001734,20568,Nomina,COP,3
ACC00001734266,CLI00001734,1209,Corriente,COP,91
ACC00001735982,CLI00001735,867,Corriente,COP,94
ACC00001735602,CLI00001735,1984,Ahorros,COP,87
ACC00001735620,CLI00001735,1093,Ahorros,COP,79
ACC00001736937,CLI00001736,638,Corriente,COP,95
ACC00001737930,CLI00001737,2630,Ahorros,COP,5
ACC00001737465,CLI00001737,1104,Ahorros,COP,55
ACC00001738657,CLI00001738,1164,Corriente,COP,75
ACC00001738665,CLI00001738,1399,Nomina,COP,43
ACC00001738612,CLI00001738,2412,Ahorros,COP,49
ACC00001739639,CLI00001739,2212,Ahorros,COP,35
ACC00001739251,CLI00001739,5008,Ahorros,COP,7
ACC00001740248,CLI00001740,4448,Ahorros,COP,117
ACC00001741274,CLI00001741,5680,Corriente,COP,52
ACC00001742246,CLI00001742,3412,Ahorros,COP,90
ACC00001743630,CLI00001743,18053,Corriente,COP,22
ACC00001743335,CLI00001743,2740,Ahorros,COP,12
ACC00001743100,CLI00001743,3834,Corriente,COP,103
ACC00001744187,CLI00001744,4103,CDT,COP,115
ACC00001744174,CLI00001744,8863,Ahorros,COP,16
ACC00001744593,CLI00001744,2216,Ahorros,COP,49
ACC00001745685,CLI00001745,2857,CDT,COP,31
ACC00001746114,CLI00001746,992,Corriente,COP,68
ACC00001746426,CLI00001746,3861,Ahorros,COP,36
ACC00001746386,CLI00001746,6614,Ahorros,COP,53
ACC00001747455,CLI00001747,3173,CDT,COP,40
ACC00001747841,CLI00001747,958,CDT,COP,3
ACC00001747675,CLI00001747,264,Ahorros,COP,95
ACC00001748801,CLI00001748,718,Ahorros,COP,52
ACC00001748139,CLI00001748,376,Corriente,COP,7
ACC00001749614,CLI00001749,478,Corriente,COP,57
ACC00001749119,CLI00001749,1810,Nomina,COP,54
ACC00001749814,CLI00001749,2073,CDT,COP,112
ACC00001750224,CLI00001750,2921,Corriente,COP,66
ACC00001751262,CLI00001751,1043,Corriente,COP,83
ACC00001752761,CLI00001752,1975,Nomina,COP,105
ACC00001752673,CLI00001752,771,Corriente,COP,47
ACC00001753926,CLI00001753,2638,Corriente,COP,109
ACC00001754247,CLI00001754,3110,Ahorros,COP,49
ACC00001754973,CLI00001754,19863,Ahorros,COP,80
ACC00001754631,CLI00001754,2717,Corriente,COP,30
ACC00001755842,CLI00001755,1741,Ahorros,COP,67
ACC00001756223,CLI00001756,1113,Corriente,COP,34
ACC00001757665,CLI00001757,745,Corriente,COP,117
ACC00001757862,CLI00001757,5712,CDT,COP,33
ACC00001758699,CLI00001758,2444,Ahorros,COP,40
ACC00001759188,CLI00001759,25579,Ahorros,COP,115
ACC00001759618,CLI00001759,3455,Ahorros,COP,33
ACC00001759606,CLI00001759,18840,Corriente,COP,88
ACC00001760404,CLI00001760,2418,CDT,COP,106
ACC00001760397,CLI00001760,1225,CDT,COP,28
ACC00001761255,CLI00001761,637,Ahorros,COP,23
ACC00001761227,CLI00001761,3480,Corriente,COP,10
ACC00001762177,CLI00001762,6500,Ahorros,COP,40
ACC00001762219,CLI00001762,1961,Ahorros,COP,27
ACC00001763845,CLI00001763,546,Nomina,COP,47
ACC00001763384,CLI00001763,966,Ahorros,COP,91
ACC00001764390,CLI00001764,8346,Nomina,COP,110
ACC00001764467,CLI00001764,3326,Ahorros,COP,109
ACC00001765369,CLI00001765,23880,Corriente,COP,40
ACC00001765157,CLI00001765,5470,Corriente,COP,81
ACC00001766552,CLI00001766,3065,Corriente,COP,30
ACC00001766843,CLI00001766,2686,Ahorros,COP,15
ACC00001766386,CLI00001766,2515,CDT,COP,19
ACC00001767988,CLI00001767,629,Corriente,COP,57
ACC00001767170,CLI00001767,112961,CDT,COP,3
ACC00001768575,CLI00001768,830,Corriente,COP,116
ACC00001768647,CLI00001768,8828,Ahorros,COP,44
ACC00001768692,CLI00001768,5391,Ahorros,COP,15
ACC00001769906,CLI00001769,3315,CDT,COP,117
ACC00001769942,CLI00001769,4824,Ahorros,COP,36
ACC00001769826,CLI00001769,2793,Ahorros,COP,21
ACC00001770156,CLI00001770,1166,Ahorros,COP,16
ACC00001771279,CLI00001771,19724,Ahorros,COP,35
ACC00001771216,CLI00001771,7409,Corriente,COP,80
ACC00001771520,CLI00001771,3386,Ahorros,COP,32
ACC00001772925,CLI00001772,2469,Ahorros,COP,104
ACC00001772247,CLI00001772,2342,Ahorros,COP,89
ACC00001772218,CLI00001772,1209,Corriente,COP,114
ACC00001773550,CLI00001773,2668,CDT,COP,109
ACC00001773591,CLI00001773,645,CDT,COP,74
ACC00001774805,CLI00001774,650,Ahorros,COP,6
ACC00001774503,CLI00001774,2317,Corriente,COP,6
ACC00001774997,CLI00001774,21826,Ahorros,COP,8
ACC00001775942,CLI00001775,1024,Ahorros,COP,115
ACC00001775883,CLI00001775,1161,Ahorros,COP,45
ACC00001775455,CLI00001775,1649,CDT,COP,84
ACC00001776272,CLI00001776,26836,Ahorros,COP,94
ACC00001776116,CLI00001776,10923,CDT,COP,41
ACC00001776525,CLI00001776,2991,Corriente,COP,30
ACC00001777655,CLI00001777,919,Nomina,COP,91
ACC00001778715,CLI00001778,849,CDT,COP,110
ACC00001778925,CLI00001778,12930,Ahorros,COP,111
ACC00001779872,CLI00001779,1497,Nomina,COP,33
ACC00001779566,CLI00001779,29891,CDT,COP,41
ACC00001780857,CLI00001780,5045,Ahorros,COP,13
ACC00001780121,CLI00001780,4593,Ahorros,COP,101
ACC00001781702,CLI00001781,4617,Corriente,COP,49
ACC00001781512,CLI00001781,2494,CDT,COP,16
ACC00001782762,CLI00001782,538,Nomina,COP,98
ACC00001782790,CLI00001782,1640,Ahorros,COP,80
ACC00001783772,CLI00001783,1882,Corriente,COP,49
ACC00001783879,CLI00001783,692,Ahorros,COP,39
ACC00001783865,CLI00001783,1551,Corriente,COP,57
ACC00001784467,CLI00001784,548,Ahorros,COP,17
ACC00001784542,CLI00001784,1888,Corriente,COP,90
ACC00001784584,CLI00001784,23982,Ahorros,COP,15
ACC00001785417,CLI00001785,2042,Corriente,COP,32
ACC00001785550,CLI00001785,424,Ahorros,COP,97
ACC00001785677,CLI00001785,2469,Ahorros,COP,42
ACC00001786802,CLI00001786,461,Ahorros,COP,117
ACC00001786554,CLI00001786,580,Ahorros,COP,91
ACC00001786617,CLI00001786,4499,Ahorros,COP,95
ACC00001787226,CLI00001787,1277,Corriente,COP,83
ACC00001788948,CLI00001788,1171,Corriente,COP,21
ACC00001788533,CLI00001788,1472,Corriente,COP,64
ACC00001789476,CLI00001789,620,Corriente,COP,9
ACC00001790820,CLI00001790,848,Ahorros,COP,107
ACC00001790369,CLI00001790,8223,Ahorros,COP,86
ACC00001791257,CLI00001791,1212,Ahorros,COP,92
ACC00001791871,CLI00001791,190,Nomina,COP,103
ACC00001791294,CLI00001791,8638,Ahorros,COP,114
ACC00001792348,CLI00001792,920,Ahorros,COP,24
ACC00001792497,CLI00001792,5474,Corriente,COP,63
ACC00001793767,CLI00001793,7906,Corriente,COP,17
ACC00001793248,CLI00001793,1199,CDT,COP,59
ACC00001794203,CLI00001794,275,CDT,COP,41
ACC00001795948,CLI00001795,3964,Ahorros,COP,49
ACC00001796904,CLI00001796,398,Nomina,COP,42
ACC00001797472,CLI00001797,162,Corriente,COP,103
ACC00001798888,CLI00001798,2833,Corriente,COP,90
ACC00001798743,CLI00001798,763,Corriente,COP,45
ACC00001799682,CLI00001799,8236,CDT,COP,95
ACC00001799341,CLI00001799,5621,Ahorros,COP,12
ACC00001799729,CLI00001799,1318,Corriente,COP,36
ACC00001800508,CLI00001800,11921,Ahorros,COP,111
ACC00001801465,CLI00001801,1038,CDT,COP,118
ACC00001801887,CLI00001801,4707,Ahorros,COP,10
ACC00001801947,CLI00001801,4522,Corriente,COP,119
ACC00001802833,CLI00001802,1501,Ahorros,COP,53
ACC00001802340,CLI00001802,1382,Nomina,COP,98
ACC00001803712,CLI00001803,4988,Ahorros,COP,78
ACC00001803750,CLI00001803,3022,Ahorros,COP,102
ACC00001803465,CLI00001803,22971,Corriente,COP,69
ACC00001804364,CLI00001804,512,Corriente,COP,107
ACC00001805273,CLI00001805,2332,Corriente,COP,22
ACC00001806215,CLI00001806,11442,Ahorros,COP,80
ACC00001807156,CLI00001807,278,Corriente,COP,112
ACC00001807811,CLI00001807,727,Ahorros,COP,99
ACC00001807929,CLI00001807,2627,CDT,COP,13
ACC00001808845,CLI00001808,12194,Corriente,COP,111
ACC00001809510,CLI00001809,14132,Ahorros,COP,107
ACC00001809961,CLI00001809,31906,CDT,COP,17
ACC00001810879,CLI00001810,4388,Ahorros,COP,45
ACC00001810466,CLI00001810,3099,CDT,COP,30
ACC00001811953,CLI00001811,1127,Ahorros,COP,17
ACC00001812538,CLI00001812,1087,Ahorros,COP,109
ACC00001812300,CLI00001812,2201,Ahorros,COP,24
ACC00001813966,CLI00001813,779,CDT,COP,111
ACC00001813557,CLI00001813,1157,Ahorros,COP,39
ACC00001814330,CLI00001814,6632,Ahorros,COP,57
ACC00001814665,CLI00001814,562,Ahorros,COP,64
ACC00001815177,CLI00001815,8217,CDT,COP,26
ACC00001816533,CLI00001816,11078,Ahorros,COP,54
ACC00001817146,CLI00001817,9306,Ahorros,COP,10
ACC00001817335,CLI00001817,5795,Corriente,COP,37
ACC00001818298,CLI00001818,11168,Ahorros,COP,117
ACC00001818962,CLI00001818,650,Corriente,COP,85
ACC00001818593,CLI00001818,5715,Ahorros,COP,85
ACC00001819495,CLI00001819,1935,Ahorros,COP,3
ACC00001820784,CLI00001820,2208,Ahorros,COP,73
ACC00001821495,CLI00001821,1208,Ahorros,COP,110
ACC00001821886,CLI00001821,9609,CDT,COP,48
ACC00001822968,CLI00001822,492,Ahorros,COP,22
ACC00001822982,CLI00001822,225,Corriente,COP,102
ACC00001822877,CLI00001822,3865,Corriente,COP,113
ACC00001823921,CLI00001823,570,Ahorros,COP,46
ACC00001823747,CLI00001823,60096,Ahorros,COP,77
ACC00001823527,CLI00001823,6171,Ahorros,COP,19
ACC00001824266,CLI00001824,1907,Ahorros,COP,59
ACC00001824829,CLI00001824,2957,Corriente,COP,15
ACC00001825230,CLI00001825,1817,Ahorros,COP,63
ACC00001826355,CLI00001826,637,Ahorros,COP,99
ACC00001826407,CLI00001826,6645,Nomina,COP,93
ACC00001827946,CLI00001827,17824,Corriente,COP,91
ACC00001827928,CLI00001827,1338,Ahorros,COP,42
ACC00001827250,CLI00001827,1056,Corriente,COP,22
ACC00001828617,CLI00001828,1897,Ahorros,COP,10
ACC00001828790,CLI00001828,3551,Ahorros,COP,54
ACC00001829628,CLI00001829,14423,Ahorros,COP,33
ACC00001830777,CLI00001830,4861,Corriente,COP,31
ACC00001830813,CLI00001830,971,Nomina,COP,76
ACC00001831809,CLI00001831,1202,Ahorros,COP,72
ACC00001831570,CLI00001831,539,Corriente,COP,80
ACC00001832626,CLI00001832,2381,CDT,COP,52
ACC00001832986,CLI00001832,6260,Ahorros,COP,47
ACC00001832408,CLI00001832,3097,Corriente,COP,58
ACC00001833226,CLI00001833,7295,Ahorros,COP,104
ACC00001833617,CLI00001833,3400,Ahorros,COP,72
ACC00001833139,CLI00001833,3484,Ahorros,COP,75
ACC00001834468,CLI00001834,6814,Ahorros,COP,55
ACC00001834984,CLI00001834,382,Corriente,COP,85
ACC00001835439,CLI00001835,4330,Ahorros,COP,41
ACC00001835958,CLI00001835,559,Ahorros,COP,106
ACC00001835424,CLI00001835,47470,Ahorros,COP,68
ACC00001836987,CLI00001836,13701,Ahorros,COP,24
ACC00001836219,CLI00001836,4495,Ahorros,COP,67
ACC00001836732,CLI00001836,1579,Ahorros,COP,50
ACC00001837701,CLI00001837,648,Corriente,COP,67
ACC00001838989,CLI00001838,5108,Ahorros,COP,117
ACC00001838195,CLI00001838,1671,Ahorros,COP,97
ACC00001839829,CLI00001839,4480,Corriente,COP,29
ACC00001840892,CLI00001840,11366,Ahorros,COP,104
ACC00001841147,CLI00001841,11584,Corriente,COP,23
ACC00001841711,CLI00001841,158,Ahorros,COP,32
ACC00001841656,CLI00001841,2114,Ahorros,COP,6
ACC00001842903,CLI00001842,1366,Ahorros,COP,93
ACC00001843904,CLI00001843,2817,Ahorros,COP,103
ACC00001843476,CLI00001843,5679,CDT,COP,63
ACC00001844912,CLI00001844,2685,CDT,COP,91
ACC00001844368,CLI00001844,13932,Ahorros,COP,100
ACC00001845303,CLI00001845,7278,Ahorros,COP,71
ACC00001846707,CLI00001846,5616,Ahorros,COP,116
ACC00001846224,CLI00001846,14456,Corriente,COP,3
ACC00001847737,CLI00001847,17730,Corriente,COP,51
ACC00001848519,CLI00001848,2597,Ahorros,COP,92
ACC00001848892,CLI00001848,745,Ahorros,COP,64
ACC00001849525,CLI00001849,51968,CDT,COP,76
ACC00001849449,CLI00001849,2851,Ahorros,COP,102
ACC00001849831,CLI00001849,2233,Ahorros,COP,45
ACC00001850336,CLI00001850,2476,Corriente,COP,84
ACC00001851487,CLI00001851,1622,Ahorros,COP,7
ACC00001851964,CLI00001851,2055,Ahorros,COP,69
ACC00001851963,CLI00001851,414,Corriente,COP,76
ACC00001852758,CLI00001852,8015,Ahorros,COP,27
ACC00001852277,CLI00001852,4248,Ahorros,COP,103
ACC00001852160,CLI00001852,8793,Ahorros,COP,30
ACC00001853589,CLI00001853,10067,Ahorros,COP,60
ACC00001853897,CLI00001853,605,Ahorros,COP,104
ACC00001853161,CLI00001853,890,Ahorros,COP,14
ACC00001854770,CLI00001854,3876,Corriente,COP,68
ACC00001854937,CLI00001854,5424,Ahorros,COP,102
ACC00001855222,CLI00001855,14272,Corriente,COP,104
ACC00001856665,CLI00001856,33538,Nomina,COP,62
ACC00001856917,CLI00001856,580,Nomina,COP,42
ACC00001856875,CLI00001856,3362,Ahorros,COP,110
ACC00001857760,CLI00001857,1342,Ahorros,COP,60
ACC00001857132,CLI00001857,936,Ahorros,COP,78
ACC00001858446,CLI00001858,11068,CDT,COP,2
ACC00001859759,CLI00001859,2620,Nomina,COP,32
ACC00001860834,CLI00001860,9583,Ahorros,COP,31
ACC00001860359,CLI00001860,11150,Corriente,COP,5
ACC00001860801,CLI00001860,1095,Corriente,COP,103
ACC00001861807,CLI00001861,6626,Corriente,COP,104
ACC00001861531,CLI00001861,961,Ahorros,COP,99
ACC00001862554,CLI00001862,3117,Ahorros,COP,83
ACC00001862515,CLI00001862,2677,Nomina,COP,80
ACC00001862211,CLI00001862,13814,Nomina,COP,95
ACC00001863811,CLI00001863,3183,Corriente,COP,30
ACC00001863373,CLI00001863,167,Ahorros,COP,65
ACC00001863756,CLI00001863,5757,CDT,COP,59
ACC00001864435,CLI00001864,3562,Ahorros,COP,3
ACC00001865690,CLI00001865,12675,Ahorros,COP,75
ACC00001866225,CLI00001866,2389,Ahorros,COP,67
ACC00001866545,CLI00001866,834,Ahorros,COP,117
ACC00001866152,CLI00001866,7915,Ahorros,COP,59
ACC00001867870,CLI00001867,1299,Corriente,COP,53
ACC00001868432,CLI00001868,1162,Ahorros,COP,104
ACC00001869117,CLI00001869,1154,Ahorros,COP,9
ACC00001870623,CLI00001870,4471,Ahorros,COP,67
ACC00001871219,CLI00001871,2245,Nomina,COP,7
ACC00001872222,CLI00001872,440,Ahorros,COP,95
ACC00001872793,CLI00001872,2416,Corriente,COP,119
ACC00001873482,CLI00001873,3741,Nomina,COP,90
ACC00001874715,CLI00001874,243,Ahorros,COP,21
ACC00001875422,CLI00001875,328,Ahorros,COP,16
ACC00001875501,CLI00001875,1341,Ahorros,COP,79
ACC00001875475,CLI00001875,3527,Corriente,COP,116
ACC00001876860,CLI00001876,1046,CDT,COP,9
ACC00001876871,CLI00001876,395,Nomina,COP,72
ACC00001876824,CLI00001876,3281,Ahorros,COP,40
ACC00001877213,CLI00001877,1595,Ahorros,COP,83
ACC00001877956,CLI00001877,1557,Nomina,COP,114
ACC00001877606,CLI00001877,1258,Ahorros,COP,3
ACC00001878608,CLI00001878,2969,Ahorros,COP,1
ACC00001878365,CLI00001878,2111,Corriente,COP,72
ACC00001878285,CLI00001878,7620,Nomina,COP,94
ACC00001879635,CLI00001879,3321,Nomina,COP,39
ACC00001879829,CLI00001879,1194,Ahorros,COP,92
ACC00001879929,CLI00001879,1243,Ahorros,COP,55
ACC00001880267,CLI00001880,2810,Ahorros,COP,65
ACC00001881451,CLI00001881,1236,Corriente,COP,115
ACC00001882705,CLI00001882,3617,Ahorros,COP,83
ACC00001882603,CLI00001882,13274,Ahorros,COP,92
ACC00001883756,CLI00001883,1461,Ahorros,COP,49
ACC00001883778,CLI00001883,12786,Ahorros,COP,12
ACC00001883873,CLI00001883,2434,Corriente,COP,54
ACC00001884421,CLI00001884,3799,CDT,COP,117
ACC00001885429,CLI00001885,660,Corriente,COP,37
ACC00001886949,CLI00001886,603,Ahorros,COP,77
ACC00001887370,CLI00001887,5515,Ahorros,COP,69
ACC00001887664,CLI00001887,3579,Ahorros,COP,38
ACC00001887191,CLI00001887,6463,Ahorros,COP,30
ACC00001888319,CLI00001888,3814,Corriente,COP,16
ACC00001889399,CLI00001889,1152,Corriente,COP,3
ACC00001890322,CLI00001890,1985,Ahorros,COP,80
ACC00001890254,CLI00001890,15727,Corriente,COP,33
ACC00001890510,CLI00001890,935,Ahorros,COP,25
ACC00001891700,CLI00001891,8836,Ahorros,COP,106
ACC00001891544,CLI00001891,829,Corriente,COP,27
ACC00001891416,CLI00001891,3661,Ahorros,COP,51
ACC00001892552,CLI00001892,640,Corriente,COP,81
ACC00001893163,CLI00001893,6145,Ahorros,COP,11
ACC00001893388,CLI00001893,3550,Corriente,COP,45
ACC00001893975,CLI00001893,13705,Ahorros,COP,45
ACC00001894902,CLI00001894,2635,Ahorros,COP,26
ACC00001894361,CLI00001894,1935,Ahorros,COP,28
ACC00001895399,CLI00001895,4522,Ahorros,COP,18
ACC00001895874,CLI00001895,13291,CDT,COP,30
ACC00001896478,CLI00001896,1068,Ahorros,COP,59
ACC00001896171,CLI00001896,4491,Ahorros,COP,37
ACC00001896817,CLI00001896,2256,Nomina,COP,71
ACC00001897580,CLI00001897,257,Corriente,COP,70
ACC00001897477,CLI00001897,393,Corriente,COP,76
ACC00001897410,CLI00001897,7567,Corriente,COP,90
ACC00001898183,CLI00001898,737,Corriente,COP,10
ACC00001898552,CLI00001898,6641,CDT,COP,88
ACC00001899519,CLI00001899,1030,Corriente,COP,69
ACC00001899433,CLI00001899,4255,Ahorros,COP,90
ACC00001900792,CLI00001900,5073,Corriente,COP,40
ACC00001900679,CLI00001900,2707,Ahorros,COP,17
ACC00001901480,CLI00001901,1570,Corriente,COP,67
ACC00001901162,CLI00001901,2227,Corriente,COP,62
ACC00001901302,CLI00001901,674,Nomina,COP,10
ACC00001902437,CLI00001902,4492,Corriente,COP,36
ACC00001902353,CLI00001902,22718,Corriente,COP,69
ACC00001902508,CLI00001902,4737,Corriente,COP,107
ACC00001903875,CLI00001903,3757,Nomina,COP,96
ACC00001903308,CLI00001903,545,Ahorros,COP,29
ACC00001904191,CLI00001904,11521,Ahorros,COP,76
ACC00001904213,CLI00001904,5182,Nomina,COP,45
ACC00001905817,CLI00001905,78912,Ahorros,COP,45
ACC00001905906,CLI00001905,2146,Corriente,COP,66
ACC00001906131,CLI00001906,12485,Ahorros,COP,7
ACC00001906770,CLI00001906,11013,Corriente,COP,57
ACC00001906305,CLI00001906,2046,Corriente,COP,106
ACC00001907994,CLI00001907,9626,Ahorros,COP,4
ACC00001907905,CLI00001907,2363,Corriente,COP,108
ACC00001908391,CLI00001908,1740,Ahorros,COP,43
ACC00001908160,CLI00001908,3581,Ahorros,COP,49
ACC00001909424,CLI00001909,1029,Ahorros,COP,34
ACC00001909414,CLI00001909,475,Corriente,COP,110
ACC00001910694,CLI00001910,960,Ahorros,COP,107
ACC00001911439,CLI00001911,1520,Ahorros,COP,86
ACC00001911842,CLI00001911,428,Corriente,COP,50
ACC00001911245,CLI00001911,3066,Ahorros,COP,83
ACC00001912147,CLI00001912,82927,Corriente,COP,93
ACC00001913645,CLI00001913,1242,Corriente,COP,26
ACC00001914223,CLI00001914,418,Ahorros,COP,57
ACC00001914753,CLI00001914,7442,Corriente,COP,79
ACC00001914490,CLI00001914,11900,Nomina,COP,2
ACC00001915700,CLI00001915,1837,Corriente,COP,101
ACC00001916343,CLI00001916,2404,Ahorros,COP,111
ACC00001917167,CLI00001917,1824,Corriente,COP,77
ACC00001918679,CLI00001918,5745,Corriente,COP,79
ACC00001918586,CLI00001918,243,Corriente,COP,100
ACC00001918195,CLI00001918,14460,Ahorros,COP,23
ACC00001919821,CLI00001919,818,Ahorros,COP,4
ACC00001919155,CLI00001919,121,Corriente,COP,90
ACC00001919499,CLI00001919,1813,Ahorros,COP,101
ACC00001920685,CLI00001920,2982,Ahorros,COP,102
ACC00001920241,CLI00001920,2923,Ahorros,COP,114
ACC00001920737,CLI00001920,520,Ahorros,COP,92
ACC00001921709,CLI00001921,3190,Corriente,COP,117
ACC00001921706,CLI00001921,1078,Ahorros,COP,70
ACC00001922959,CLI00001922,783,Ahorros,COP,35
ACC00001922882,CLI00001922,1780,Corriente,COP,44
ACC00001923128,CLI00001923,10945,Ahorros,COP,113
ACC00001923569,CLI00001923,8960,Corriente,COP,73
ACC00001923354,CLI00001923,37684,Corriente,COP,84
ACC00001924727,CLI00001924,2106,Ahorros,COP,104
ACC00001925541,CLI00001925,16632,Corriente,COP,1
ACC00001926499,CLI00001926,3378,Corriente,COP,9
ACC00001926952,CLI00001926,2144,Ahorros,COP,115
ACC00001926512,CLI00001926,482,Corriente,COP,96
ACC00001927598,CLI00001927,5753,Nomina,COP,42
ACC00001928787,CLI00001928,2681,CDT,COP,83
ACC00001928321,CLI00001928,5120,Ahorros,COP,10
ACC00001928274,CLI00001928,4338,Corriente,COP,109
ACC00001929411,CLI00001929,5108,Ahorros,COP,90
ACC00001929945,CLI00001929,1730,CDT,COP,4
ACC00001929239,CLI00001929,1106,Ahorros,COP,32
ACC00001930296,CLI00001930,2094,Corriente,COP,80
ACC00001931102,CLI00001931,1010,Ahorros,COP,81
ACC00001931778,CLI00001931,134,Nomina,COP,2
ACC00001931684,CLI00001931,4375,Corriente,COP,89
ACC00001932397,CLI00001932,5368,Corriente,COP,104
ACC00001932385,CLI00001932,1271,Corriente,COP,115
ACC00001932268,CLI00001932,4448,Corriente,COP,9
ACC00001933441,CLI00001933,23913,CDT,COP,81
ACC00001933319,CLI00001933,3140,Ahorros,COP,17
ACC00001934922,CLI00001934,529,Ahorros,COP,46
ACC00001934576,CLI00001934,223,Ahorros,COP,42
ACC00001934970,CLI00001934,4710,Ahorros,COP,105
ACC00001935586,CLI00001935,491,Corriente,COP,92
ACC00001935779,CLI00001935,12813,CDT,COP,48
ACC00001935677,CLI00001935,2244,Ahorros,COP,111
ACC00001936125,CLI00001936,2172,Corriente,COP,31
ACC00001936755,CLI00001936,457,CDT,COP,51
ACC00001936430,CLI00001936,12301,Ahorros,COP,23
ACC00001937740,CLI00001937,2465,Ahorros,COP,104
ACC00001938385,CLI00001938,7438,Ahorros,COP,74
ACC00001938653,CLI00001938,456,Corriente,COP,91
ACC00001938385,CLI00001938,4871,Corriente,COP,110
ACC00001939609,CLI00001939,5396,Corriente,COP,29
ACC00001939424,CLI00001939,1233,Corriente,COP,74
ACC00001939855,CLI00001939,155,Corriente,COP,70
ACC00001940443,CLI00001940,738,Corriente,COP,71
ACC00001940634,CLI00001940,417,CDT,COP,51
ACC00001941652,CLI00001941,4145,Corriente,COP,24
ACC00001942875,CLI00001942,968,CDT,COP,57
ACC00001942660,CLI00001942,2346,CDT,COP,17
ACC00001942255,CLI00001942,1693,Nomina,COP,67
ACC00001943245,CLI00001943,16472,Ahorros,COP,99
ACC00001943983,CLI00001943,1575,Ahorros,COP,67
ACC00001944278,CLI00001944,2457,Ahorros,COP,73
ACC00001945580,CLI00001945,2512,Corriente,COP,115
ACC00001945652,CLI00001945,1376,CDT,COP,81
ACC00001945706,CLI00001945,9570,Ahorros,COP,67
ACC00001946262,CLI00001946,11871,Ahorros,COP,97
ACC00001946222,CLI00001946,63467,Ahorros,COP,3
ACC00001946131,CLI00001946,21152,Ahorros,COP,61
ACC00001947477,CLI00001947,1010,Ahorros,COP,8
ACC00001948130,CLI00001948,102714,Corriente,COP,73
ACC00001949990,CLI00001949,1121,Corriente,COP,85
ACC00001950387,CLI00001950,3965,Ahorros,COP,24
ACC00001950239,CLI00001950,4682,Ahorros,COP,61
ACC00001951810,CLI00001951,393,Corriente,COP,111
ACC00001951293,CLI00001951,3766,Corriente,COP,111
ACC00001952757,CLI00001952,329,Ahorros,COP,47
ACC00001953518,CLI00001953,755,CDT,COP,110
ACC00001953181,CLI00001953,28621,Ahorros,COP,118
ACC00001953817,CLI00001953,16518,Nomina,COP,105
ACC00001954464,CLI00001954,781,Ahorros,COP,54
ACC00001954649,CLI00001954,6037,Ahorros,COP,33
ACC00001954777,CLI00001954,3467,Ahorros,COP,77
ACC00001955334,CLI00001955,1675,Ahorros,COP,62
ACC00001955525,CLI00001955,5376,Ahorros,COP,99
ACC00001956814,CLI00001956,344,CDT,COP,59
ACC00001957458,CLI00001957,1173,Corriente,COP,28
ACC00001957408,CLI00001957,860,Ahorros,COP,39
ACC00001958377,CLI00001958,516,Corriente,COP,108
ACC00001958426,CLI00001958,4546,Nomina,COP,104
ACC00001959282,CLI00001959,4268,Ahorros,COP,77
ACC00001960403,CLI00001960,3059,Corriente,COP,19
ACC00001960559,CLI00001960,637,CDT,COP,50
ACC00001961760,CLI00001961,7145,Ahorros,COP,7
ACC00001962209,CLI00001962,3495,Ahorros,COP,25
ACC00001963386,CLI00001963,1624,Ahorros,COP,36
ACC00001963195,CLI00001963,1205,Ahorros,COP,53
ACC00001964492,CLI00001964,3141,Ahorros,COP,100
ACC00001964736,CLI00001964,116,Corriente,COP,94
ACC00001965583,CLI00001965,3083,Ahorros,COP,20
ACC00001965396,CLI00001965,3096,Ahorros,COP,20
ACC00001965669,CLI00001965,6457,Corriente,COP,10
ACC00001966904,CLI00001966,756,Ahorros,COP,79
ACC00001967650,CLI00001967,1161,CDT,COP,56
ACC00001967327,CLI00001967,2834,Corriente,COP,46
ACC00001967436,CLI00001967,2407,CDT,COP,38
ACC00001968414,CLI00001968,1841,Ahorros,COP,42
ACC00001968374,CLI00001968,1947,Ahorros,COP,37
ACC00001969691,CLI00001969,540,Ahorros,COP,57
ACC00001970106,CLI00001970,1276,Corriente,COP,36
ACC00001970410,CLI00001970,40838,Ahorros,COP,99
ACC00001970557,CLI00001970,4697,Corriente,COP,89
ACC00001971495,CLI00001971,6100,CDT,COP,50
ACC00001971589,CLI00001971,2084,Corriente,COP,89
ACC00001971482,CLI00001971,1264,Ahorros,COP,46
ACC00001972935,CLI00001972,2687,Ahorros,COP,68
ACC00001973127,CLI00001973,2287,Nomina,COP,59
ACC00001973653,CLI00001973,2170,CDT,COP,92
ACC00001974537,CLI00001974,2916,Corriente,COP,39
ACC00001974845,CLI00001974,3630,Ahorros,COP,113
ACC00001974439,CLI00001974,3241,Corriente,COP,108
ACC00001975866,CLI00001975,3867,Corriente,COP,101
ACC00001975309,CLI00001975,18185,Ahorros,COP,44
ACC00001976360,CLI00001976,1500,Ahorros,COP,5
ACC00001976696,CLI00001976,537,Ahorros,COP,2
ACC00001977919,CLI00001977,8577,Corriente,COP,68
ACC00001978915,CLI00001978,7287,Ahorros,COP,98
ACC00001978610,CLI00001978,2817,Corriente,COP,15
ACC00001978373,CLI00001978,704,CDT,COP,72
ACC00001979857,CLI00001979,3779,Corriente,COP,105
ACC00001980911,CLI00001980,3476,Corriente,COP,105
ACC00001981657,CLI00001981,5736,Corriente,COP,105
ACC00001981928,CLI00001981,501,Corriente,COP,2
ACC00001981425,CLI00001981,1827,Ahorros,COP,100
ACC00001982133,CLI00001982,613,Corriente,COP,53
ACC00001983631,CLI00001983,991,Corriente,COP,71
ACC00001984149,CLI00001984,5130,CDT,COP,8
ACC00001984384,CLI00001984,2260,Nomina,COP,4
ACC00001984278,CLI00001984,904,Nomina,COP,47
ACC00001985153,CLI00001985,1400,Ahorros,COP,12
ACC00001985770,CLI00001985,4669,CDT,COP,81
ACC00001986821,CLI00001986,65355,Ahorros,COP,65
ACC00001987899,CLI00001987,1217,Ahorros,COP,109
ACC00001988254,CLI00001988,719,CDT,COP,95
ACC00001989654,CLI00001989,5878,Corriente,COP,98
ACC00001990158,CLI00001990,4824,Ahorros,COP,104
ACC00001990615,CLI00001990,381,Corriente,COP,118
ACC00001990701,CLI00001990,20323,Ahorros,COP,54
ACC00001991419,CLI00001991,3968,CDT,COP,105
ACC00001992424,CLI00001992,7293,Ahorros,COP,63
ACC00001992754,CLI00001992,260,Corriente,COP,22
ACC00001993356,CLI00001993,1625,Ahorros,COP,26
ACC00001994748,CLI00001994,967,Corriente,COP,84
ACC00001994262,CLI00001994,6148,Ahorros,COP,73
ACC00001994881,CLI00001994,10846,Corriente,COP,1
ACC00001995627,CLI00001995,1429,Ahorros,COP,104
ACC00001995296,CLI00001995,1095,Corriente,COP,79
ACC00001996423,CLI00001996,2867,Ahorros,COP,80
ACC00001997731,CLI00001997,1487,Ahorros,COP,60
ACC00001998694,CLI00001998,397,Corriente,COP,40
ACC00001998909,CLI00001998,429,Ahorros,COP,26
ACC00001998300,CLI00001998,2714,Corriente,COP,40
ACC00001999298,CLI00001999,5504,Ahorros,COP,9
ACC00002000121,CLI00002000,2362,Ahorros,COP,18
ACC00002000759,CLI00002000,11401,Corriente,COP,27
ACC00002000348,CLI00002000,10677,CDT,COP,78
ACC00002001861,CLI00002001,2844,Ahorros,COP,23
ACC00002001982,CLI00002001,477,Corriente,COP,89
ACC00002001554,CLI00002001,1296,Corriente,COP,89
ACC00002002145,CLI00002002,877,CDT,COP,13
ACC00002003461,CLI00002003,795,Corriente,COP,87
ACC00002003935,CLI00002003,3646,Ahorros,COP,42
ACC00002003595,CLI00002003,836,Ahorros,COP,51
ACC00002004131,CLI00002004,6099,Ahorros,COP,87
ACC00002005454,CLI00002005,22015,Ahorros,COP,117
ACC00002006743,CLI00002006,3028,Ahorros,COP,17
ACC00002006387,CLI00002006,2756,Corriente,COP,12
ACC00002006880,CLI00002006,4183,Ahorros,COP,24
ACC00002007566,CLI00002007,2352,Ahorros,COP,80
ACC00002008552,CLI00002008,921,Ahorros,COP,15
ACC00002008862,CLI00002008,525,Ahorros,COP,11
ACC00002008232,CLI00002008,1942,Ahorros,COP,116
ACC00002009382,CLI00002009,30306,Corriente,COP,60
ACC00002009567,CLI00002009,3777,Ahorros,COP,5
ACC00002009865,CLI00002009,1903,Corriente,COP,11
ACC00002010240,CLI00002010,23059,CDT,COP,10
ACC00002011591,CLI00002011,3682,Corriente,COP,96
ACC00002011415,CLI00002011,19459,Corriente,COP,101
ACC00002012991,CLI00002012,6433,Ahorros,COP,70
ACC00002013725,CLI00002013,3832,CDT,COP,101
ACC00002013350,CLI00002013,2326,Ahorros,COP,68
ACC00002013491,CLI00002013,1889,Ahorros,COP,34
ACC00002014873,CLI00002014,3203,Ahorros,COP,13
ACC00002014448,CLI00002014,592,CDT,COP,76
ACC00002014566,CLI00002014,9288,Ahorros,COP,87
ACC00002015836,CLI00002015,2750,Corriente,COP,102
ACC00002016947,CLI00002016,4374,Ahorros,COP,27
ACC00002016743,CLI00002016,7020,Ahorros,COP,98
ACC00002016204,CLI00002016,42946,Corriente,COP,60
ACC00002017736,CLI00002017,8047,Ahorros,COP,86
ACC00002018327,CLI00002018,3237,Corriente,COP,78
ACC00002019959,CLI00002019,627,Ahorros,COP,67
ACC00002020962,CLI00002020,625,Ahorros,COP,46
ACC00002020381,CLI00002020,958,Ahorros,COP,11
ACC00002020571,CLI00002020,1310,Corriente,COP,55
ACC00002021589,CLI00002021,13979,CDT,COP,96
ACC00002021253,CLI00002021,1340,Corriente,COP,5
ACC00002021108,CLI00002021,4699,Ahorros,COP,104
ACC00002022780,CLI00002022,28150,Corriente,COP,54
ACC00002022113,CLI00002022,2749,Corriente,COP,48
ACC00002023303,CLI00002023,3836,Ahorros,COP,47
ACC00002023673,CLI00002023,1817,Ahorros,COP,19
ACC00002023630,CLI00002023,66,Ahorros,COP,71
ACC00002024278,CLI00002024,4923,Corriente,COP,102
ACC00002024827,CLI00002024,8755,Ahorros,COP,71
ACC00002024357,CLI00002024,24192,CDT,COP,96
ACC00002025436,CLI00002025,2512,Ahorros,COP,12
ACC00002025241,CLI00002025,18448,Ahorros,COP,108
ACC00002026810,CLI00002026,8499,Corriente,COP,83
ACC00002026142,CLI00002026,7514,Ahorros,COP,111
ACC00002026437,CLI00002026,608,Nomina,COP,47
ACC00002027856,CLI00002027,3542,CDT,COP,14
ACC00002028974,CLI00002028,1297,Ahorros,COP,77
ACC00002028335,CLI00002028,3886,CDT,COP,103
ACC00002029593,CLI00002029,1395,Ahorros,COP,62
ACC00002029228,CLI00002029,4360,CDT,COP,16
ACC00002030771,CLI00002030,5741,Ahorros,COP,69
ACC00002030281,CLI00002030,2865,CDT,COP,22
ACC00002030342,CLI00002030,8814,Ahorros,COP,24
ACC00002031932,CLI00002031,709,Corriente,COP,68
ACC00002032740,CLI00002032,178,Ahorros,COP,63
ACC00002033368,CLI00002033,18126,CDT,COP,4
ACC00002034898,CLI00002034,3020,Corriente,COP,103
ACC00002034908,CLI00002034,1830,Ahorros,COP,62
ACC00002035320,CLI00002035,2028,Nomina,COP,114
ACC00002035961,CLI00002035,471,Ahorros,COP,1
ACC00002036733,CLI00002036,436,Ahorros,COP,24
ACC00002037309,CLI00002037,11009,Ahorros,COP,29
ACC00002037687,CLI00002037,9385,Corriente,COP,111
ACC00002038195,CLI00002038,2243,Ahorros,COP,26
ACC00002038377,CLI00002038,4686,Ahorros,COP,64
ACC00002038832,CLI00002038,1406,Ahorros,COP,62
ACC00002039946,CLI00002039,1714,Ahorros,COP,61
ACC00002040665,CLI00002040,910,Corriente,COP,69
ACC00002041503,CLI00002041,5107,Corriente,COP,116
ACC00002041906,CLI00002041,1229,Corriente,COP,9
ACC00002041115,CLI00002041,665,Corriente,COP,93
ACC00002042831,CLI00002042,2254,Ahorros,COP,64
ACC00002042587,CLI00002042,2065,Corriente,COP,36
ACC00002042664,CLI00002042,1019,Nomina,COP,10
ACC00002043268,CLI00002043,5803,Ahorros,COP,81
ACC00002044975,CLI00002044,5959,CDT,COP,53
ACC00002044668,CLI00002044,5187,CDT,COP,16
ACC00002044145,CLI00002044,1506,Corriente,COP,46
ACC00002045621,CLI00002045,3537,Corriente,COP,116
ACC00002045857,CLI00002045,1834,CDT,COP,45
ACC00002046334,CLI00002046,1128,Ahorros,COP,110
ACC00002046566,CLI00002046,7135,CDT,COP,54
ACC00002046925,CLI00002046,12024,Corriente,COP,22
ACC00002047884,CLI00002047,2716,Nomina,COP,108
ACC00002048770,CLI00002048,3410,CDT,COP,20
ACC00002049237,CLI00002049,3906,Ahorros,COP,72
ACC00002049589,CLI00002049,798,Ahorros,COP,101
ACC00002049427,CLI00002049,25687,Ahorros,COP,104
ACC00002050145,CLI00002050,11684,CDT,COP,113
ACC00002050647,CLI00002050,2565,Ahorros,COP,35
ACC00002051535,CLI00002051,10064,Corriente,COP,69
ACC00002051572,CLI00002051,6490,Ahorros,COP,111
ACC00002051299,CLI00002051,91,Corriente,COP,75
ACC00002052411,CLI00002052,1903,Ahorros,COP,85
ACC00002052608,CLI00002052,8628,Corriente,COP,27
ACC00002053404,CLI00002053,1430,Nomina,COP,35
ACC00002053504,CLI00002053,1249,Corriente,COP,43
ACC00002053330,CLI00002053,3649,CDT,COP,116
ACC00002054203,CLI00002054,2479,Ahorros,COP,56
ACC00002054381,CLI00002054,44466,Corriente,COP,76
ACC00002054495,CLI00002054,742,Corriente,COP,5
ACC00002055578,CLI00002055,1328,Ahorros,COP,17
ACC00002056964,CLI00002056,5118,CDT,COP,16
ACC00002056734,CLI00002056,1790,Corriente,COP,60
ACC00002056518,CLI00002056,550,Corriente,COP,45
ACC00002057689,CLI00002057,4709,Ahorros,COP,115
ACC00002057816,CLI00002057,8716,Ahorros,COP,35
ACC00002058110,CLI00002058,1559,Corriente,COP,91
ACC00002058799,CLI00002058,4596,Ahorros,COP,116
ACC00002059299,CLI00002059,12622,Corriente,COP,68
ACC00002059476,CLI00002059,599,Corriente,COP,91
ACC00002059538,CLI00002059,6209,Ahorros,COP,55
ACC00002060780,CLI00002060,10481,Ahorros,COP,33
ACC00002061646,CLI00002061,4829,Ahorros,COP,7
ACC00002061311,CLI00002061,4915,Corriente,COP,61
ACC00002062814,CLI00002062,2863,Ahorros,COP,80
ACC00002062762,CLI00002062,5516,Ahorros,COP,98
ACC00002063626,CLI00002063,5045,Ahorros,COP,113
ACC00002064238,CLI00002064,613,Ahorros,COP,58
ACC00002064770,CLI00002064,2579,Corriente,COP,57
ACC00002064194,CLI00002064,4599,Corriente,COP,48
ACC00002065489,CLI00002065,1189,Corriente,COP,119
ACC00002065852,CLI00002065,14937,Corriente,COP,118
ACC00002065931,CLI00002065,6427,Corriente,COP,48
ACC00002066506,CLI00002066,43159,Nomina,COP,96
ACC00002067728,CLI00002067,8078,Corriente,COP,16
ACC00002067800,CLI00002067,504,Ahorros,COP,32
ACC00002068193,CLI00002068,8679,Corriente,COP,82
ACC00002069876,CLI00002069,41886,Ahorros,COP,98
ACC00002069867,CLI00002069,210,CDT,COP,109
ACC00002070640,CLI00002070,2945,Ahorros,COP,26
ACC00002071893,CLI00002071,2514,Ahorros,COP,98
ACC00002071122,CLI00002071,6966,Ahorros,COP,105
ACC00002071298,CLI00002071,1929,Ahorros,COP,59
ACC00002072498,CLI00002072,31903,Ahorros,COP,48
ACC00002072198,CLI00002072,7635,Nomina,COP,49
ACC00002073384,CLI00002073,613,Ahorros,COP,87
ACC00002073335,CLI00002073,13048,Corriente,COP,44
ACC00002073103,CLI00002073,9875,Corriente,COP,5
ACC00002074234,CLI00002074,2528,CDT,COP,102
ACC00002074158,CLI00002074,5856,Ahorros,COP,75
ACC00002075892,CLI00002075,1802,Ahorros,COP,60
ACC00002075265,CLI00002075,7661,Corriente,COP,59
ACC00002076970,CLI00002076,22875,Corriente,COP,102
ACC00002076858,CLI00002076,4202,Corriente,COP,109
ACC00002077346,CLI00002077,6338,Ahorros,COP,77
ACC00002078797,CLI00002078,11865,Ahorros,COP,14
ACC00002079944,CLI00002079,3780,Corriente,COP,77
ACC00002080729,CLI00002080,790,Corriente,COP,113
ACC00002081712,CLI00002081,1412,CDT,COP,83
ACC00002081549,CLI00002081,2845,Ahorros,COP,118
ACC00002082198,CLI00002082,15156,Corriente,COP,118
ACC00002083145,CLI00002083,8311,Ahorros,COP,96
ACC00002084658,CLI00002084,2726,Ahorros,COP,58
ACC00002084520,CLI00002084,60045,Corriente,COP,46
ACC00002084823,CLI00002084,3184,Ahorros,COP,101
ACC00002085976,CLI00002085,2852,Corriente,COP,119
ACC00002085221,CLI00002085,1454,Ahorros,COP,54
ACC00002085318,CLI00002085,1088,Ahorros,COP,1
ACC00002086968,CLI00002086,2187,Ahorros,COP,98
ACC00002087494,CLI00002087,25350,Ahorros,COP,118
ACC00002087221,CLI00002087,1146,Ahorros,COP,32
ACC00002088745,CLI00002088,8394,Corriente,COP,61
ACC00002089946,CLI00002089,1306,Ahorros,COP,36
ACC00002090208,CLI00002090,1376,Corriente,COP,76
ACC00002090514,CLI00002090,885,Ahorros,COP,23
ACC00002090160,CLI00002090,7911,Corriente,COP,10
ACC00002091397,CLI00002091,2458,Ahorros,COP,69
ACC00002091603,CLI00002091,953,Corriente,COP,57
ACC00002092490,CLI00002092,2265,Ahorros,COP,72
ACC00002092422,CLI00002092,780,Ahorros,COP,5
ACC00002092640,CLI00002092,595,Ahorros,COP,106
ACC00002093887,CLI00002093,718,Ahorros,COP,28
ACC00002094833,CLI00002094,8377,Ahorros,COP,92
ACC00002094719,CLI00002094,1351,Corriente,COP,77
ACC00002095212,CLI00002095,1839,Nomina,COP,113
ACC00002095372,CLI00002095,8096,Ahorros,COP,6
ACC00002096171,CLI00002096,519,Nomina,COP,24
ACC00002096691,CLI00002096,813,Ahorros,COP,22
ACC00002097383,CLI00002097,3360,Ahorros,COP,88
ACC00002097672,CLI00002097,3242,Ahorros,COP,20
ACC00002098449,CLI00002098,1266,Ahorros,COP,100
ACC00002099618,CLI00002099,1408,Ahorros,COP,76
ACC00002100806,CLI00002100,3798,Ahorros,COP,23
ACC00002101817,CLI00002101,553,Ahorros,COP,66
ACC00002101599,CLI00002101,360,Ahorros,COP,46
ACC00002102361,CLI00002102,9618,Nomina,COP,56
ACC00002103509,CLI00002103,2386,Ahorros,COP,57
ACC00002104358,CLI00002104,27161,Corriente,COP,107
ACC00002104712,CLI00002104,2916,Nomina,COP,19
ACC00002105960,CLI00002105,781,Corriente,COP,81
ACC00002105703,CLI00002105,8756,Ahorros,COP,8
ACC00002105807,CLI00002105,10212,Corriente,COP,114
ACC00002106602,CLI00002106,8003,CDT,COP,70
ACC00002106426,CLI00002106,2064,Ahorros,COP,30
ACC00002107853,CLI00002107,2732,Nomina,COP,13
ACC00002107208,CLI00002107,8040,Ahorros,COP,28
ACC00002108117,CLI00002108,6130,Nomina,COP,25
ACC00002109686,CLI00002109,2434,Ahorros,COP,72
ACC00002110482,CLI00002110,4041,Ahorros,COP,9
ACC00002111683,CLI00002111,7094,Ahorros,COP,98
ACC00002111371,CLI00002111,4170,Corriente,COP,50
ACC00002111699,CLI00002111,2190,Ahorros,COP,25
ACC00002112511,CLI00002112,1003,Corriente,COP,57
ACC00002113948,CLI00002113,16354,Corriente,COP,84
ACC00002114752,CLI00002114,31920,Ahorros,COP,29
ACC00002114937,CLI00002114,7556,Corriente,COP,39
ACC00002115181,CLI00002115,1060,Ahorros,COP,118
ACC00002116275,CLI00002116,718,Ahorros,COP,80
ACC00002117628,CLI00002117,1713,Ahorros,COP,93
ACC00002117529,CLI00002117,1635,Corriente,COP,22
ACC00002117542,CLI00002117,5398,Corriente,COP,79
ACC00002118785,CLI00002118,5033,Ahorros,COP,13
ACC00002118353,CLI00002118,1760,Ahorros,COP,31
ACC00002118592,CLI00002118,3433,Ahorros,COP,4
ACC00002119933,CLI00002119,882,Ahorros,COP,62
ACC00002120823,CLI00002120,7598,Ahorros,COP,62
ACC00002120400,CLI00002120,8406,Nomina,COP,100
ACC00002120550,CLI00002120,781,CDT,COP,94
ACC00002121386,CLI00002121,922,Ahorros,COP,4
ACC00002121402,CLI00002121,10608,Ahorros,COP,32
ACC00002122484,CLI00002122,3466,Corriente,COP,5
ACC00002122819,CLI00002122,13952,Ahorros,COP,7
ACC00002122221,CLI00002122,406,Corriente,COP,102
ACC00002123936,CLI00002123,2998,Nomina,COP,7
ACC00002123816,CLI00002123,900,Nomina,COP,22
ACC00002123534,CLI00002123,459,CDT,COP,106
ACC00002124680,CLI00002124,4896,Corriente,COP,18
ACC00002124676,CLI00002124,3300,Ahorros,COP,2
ACC00002124121,CLI00002124,2487,Ahorros,COP,29
ACC00002125907,CLI00002125,7516,Nomina,COP,66
ACC00002126602,CLI00002126,4961,CDT,COP,50
ACC00002126453,CLI00002126,2536,Nomina,COP,85
ACC00002126648,CLI00002126,4965,Ahorros,COP,59
ACC00002127872,CLI00002127,1427,CDT,COP,103
ACC00002127462,CLI00002127,3185,Ahorros,COP,81
ACC00002128719,CLI00002128,814,Ahorros,COP,22
ACC00002128677,CLI00002128,628,Corriente,COP,116
ACC00002128874,CLI00002128,3174,CDT,COP,5
ACC00002129268,CLI00002129,4369,Corriente,COP,32
ACC00002130784,CLI00002130,19896,CDT,COP,43
ACC00002130126,CLI00002130,5408,Ahorros,COP,109
ACC00002130597,CLI00002130,1453,Ahorros,COP,101
ACC00002131517,CLI00002131,16677,Corriente,COP,40
ACC00002131539,CLI00002131,7693,Ahorros,COP,81
ACC00002132659,CLI00002132,15328,Corriente,COP,22
ACC00002132366,CLI00002132,10808,CDT,COP,115
ACC00002133662,CLI00002133,28627,Ahorros,COP,108
ACC00002134182,CLI00002134,11832,Ahorros,COP,65
ACC00002134227,CLI00002134,10898,Ahorros,COP,7
ACC00002134875,CLI00002134,1108,Ahorros,COP,108
ACC00002135397,CLI00002135,19608,Corriente,COP,21
ACC00002135917,CLI00002135,3191,Corriente,COP,107
ACC00002136352,CLI00002136,3620,Nomina,COP,49
ACC00002136121,CLI00002136,22395,Ahorros,COP,116
ACC00002137632,CLI00002137,1191,Ahorros,COP,115
ACC00002137983,CLI00002137,4953,Ahorros,COP,23
ACC00002137801,CLI00002137,7244,CDT,COP,102
ACC00002138790,CLI00002138,524,Ahorros,COP,7
ACC00002139294,CLI00002139,28137,Nomina,COP,92
ACC00002139997,CLI00002139,762,Ahorros,COP,45
ACC00002139864,CLI00002139,588,Ahorros,COP,14
ACC00002140285,CLI00002140,315,CDT,COP,43
ACC00002141987,CLI00002141,4487,Ahorros,COP,88
ACC00002141247,CLI00002141,1329,CDT,COP,34
ACC00002142266,CLI00002142,11986,Corriente,COP,51
ACC00002142342,CLI00002142,2931,Ahorros,COP,94
ACC00002142601,CLI00002142,5206,Corriente,COP,73
ACC00002143685,CLI00002143,8918,Ahorros,COP,32
ACC00002143823,CLI00002143,7259,Ahorros,COP,67
ACC00002143385,CLI00002143,1086,Ahorros,COP,28
ACC00002144778,CLI00002144,32061,Ahorros,COP,95
ACC00002144659,CLI00002144,1342,Ahorros,COP,116
ACC00002144918,CLI00002144,736,Nomina,COP,73
ACC00002145459,CLI00002145,7658,Corriente,COP,76
ACC00002145756,CLI00002145,11062,Ahorros,COP,64
ACC00002146180,CLI00002146,574,CDT,COP,86
ACC00002147122,CLI00002147,3208,Ahorros,COP,28
ACC00002147979,CLI00002147,284,Ahorros,COP,68
ACC00002147190,CLI00002147,4013,Ahorros,COP,9
ACC00002148196,CLI00002148,2906,Nomina,COP,106
ACC00002149337,CLI00002149,8153,Corriente,COP,32
ACC00002149370,CLI00002149,19904,Corriente,COP,38
ACC00002149158,CLI00002149,18081,Corriente,COP,49
ACC00002150745,CLI00002150,2166,Corriente,COP,8
ACC00002151969,CLI00002151,329,Corriente,COP,87
ACC00002151316,CLI00002151,967,CDT,COP,22
ACC00002151451,CLI00002151,2302,Corriente,COP,45
ACC00002152764,CLI00002152,1634,Ahorros,COP,74
ACC00002152861,CLI00002152,1854,Corriente,COP,4
ACC00002153343,CLI00002153,4920,CDT,COP,61
ACC00002153833,CLI00002153,344,Corriente,COP,39
ACC00002153577,CLI00002153,8077,Corriente,COP,38
ACC00002154910,CLI00002154,1094,Ahorros,COP,65
ACC00002154853,CLI00002154,41903,CDT,COP,84
ACC00002155986,CLI00002155,1018,Ahorros,COP,95
ACC00002156502,CLI00002156,1240,CDT,COP,107
ACC00002157467,CLI00002157,2671,Ahorros,COP,63
ACC00002158296,CLI00002158,617,Corriente,COP,15
ACC00002158772,CLI00002158,2969,Corriente,COP,74
ACC00002159483,CLI00002159,6777,Ahorros,COP,13
ACC00002160468,CLI00002160,1345,CDT,COP,96
ACC00002160535,CLI00002160,6593,Corriente,COP,14
ACC00002161972,CLI00002161,2011,Corriente,COP,85
ACC00002161806,CLI00002161,6088,CDT,COP,1
ACC00002161410,CLI00002161,6085,Nomina,COP,76
ACC00002162345,CLI00002162,16898,Ahorros,COP,83
ACC00002162559,CLI00002162,1735,Corriente,COP,34
ACC00002163874,CLI00002163,4840,Ahorros,COP,66
ACC00002163354,CLI00002163,1990,Ahorros,COP,89
ACC00002163789,CLI00002163,550,Corriente,COP,85
ACC00002164366,CLI00002164,7701,CDT,COP,97
ACC00002164839,CLI00002164,1039,Ahorros,COP,15
ACC00002164244,CLI00002164,3755,Corriente,COP,119
ACC00002165926,CLI00002165,2212,Ahorros,COP,47
ACC00002165390,CLI00002165,451,Corriente,COP,37
ACC00002165375,CLI00002165,1873,Ahorros,COP,43
ACC00002166425,CLI00002166,11070,Ahorros,COP,47
ACC00002167918,CLI00002167,9121,Ahorros,COP,20
ACC00002167373,CLI00002167,5394,Nomina,COP,99
ACC00002167744,CLI00002167,2265,Nomina,COP,42
ACC00002168975,CLI00002168,31843,Ahorros,COP,92
ACC00002168138,CLI00002168,4276,Nomina,COP,54
ACC00002169230,CLI00002169,2802,Corriente,COP,2
ACC00002169605,CLI00002169,9161,Ahorros,COP,36
ACC00002170733,CLI00002170,5424,Ahorros,COP,11
ACC00002170519,CLI00002170,329,CDT,COP,107
ACC00002171930,CLI00002171,9427,Corriente,COP,93
ACC00002171193,CLI00002171,513,Corriente,COP,70
ACC00002172867,CLI00002172,22415,Ahorros,COP,85
ACC00002173423,CLI00002173,1518,Corriente,COP,82
ACC00002173775,CLI00002173,1968,CDT,COP,37
ACC00002174274,CLI00002174,4564,Corriente,COP,113
ACC00002175828,CLI00002175,7303,Corriente,COP,39
ACC00002175589,CLI00002175,5518,Ahorros,COP,91
ACC00002175682,CLI00002175,5182,Ahorros,COP,25
ACC00002176912,CLI00002176,735,Ahorros,COP,68
ACC00002177817,CLI00002177,10304,CDT,COP,50
ACC00002178500,CLI00002178,522,Ahorros,COP,31
ACC00002178496,CLI00002178,6654,Corriente,COP,104
ACC00002178207,CLI00002178,2770,Ahorros,COP,90
ACC00002179364,CLI00002179,9392,Nomina,COP,91
ACC00002179972,CLI00002179,15212,Corriente,COP,56
ACC00002180402,CLI00002180,442,Ahorros,COP,111
ACC00002180284,CLI00002180,36927,Corriente,COP,54
ACC00002181166,CLI00002181,1558,Corriente,COP,46
ACC00002181239,CLI00002181,331,Ahorros,COP,113
ACC00002181631,CLI00002181,1610,Nomina,COP,50
ACC00002182502,CLI00002182,6397,Ahorros,COP,54
ACC00002183799,CLI00002183,2633,Nomina,COP,23
ACC00002183628,CLI00002183,3470,Ahorros,COP,2
ACC00002184798,CLI00002184,2085,CDT,COP,75
ACC00002184428,CLI00002184,6723,Ahorros,COP,111
ACC00002185412,CLI00002185,1036,Ahorros,COP,42
ACC00002186623,CLI00002186,4315,Ahorros,COP,80
ACC00002186354,CLI00002186,2532,Ahorros,COP,5
ACC00002187858,CLI00002187,9661,Ahorros,COP,108
ACC00002187108,CLI00002187,14195,Ahorros,COP,59
ACC00002188672,CLI00002188,4112,Ahorros,COP,99
ACC00002189354,CLI00002189,3369,Corriente,COP,17
ACC00002190810,CLI00002190,783,Nomina,COP,108
ACC00002190191,CLI00002190,7816,Ahorros,COP,106
ACC00002191340,CLI00002191,37965,Corriente,COP,33
ACC00002192863,CLI00002192,717,Ahorros,COP,25
ACC00002193832,CLI00002193,1438,Ahorros,COP,32
ACC00002193146,CLI00002193,816,Ahorros,COP,18
ACC00002194605,CLI00002194,12623,Ahorros,COP,42
ACC00002194143,CLI00002194,1498,CDT,COP,73
ACC00002195763,CLI00002195,2408,Nomina,COP,56
ACC00002195693,CLI00002195,2909,Ahorros,COP,94
ACC00002196866,CLI00002196,7390,Ahorros,COP,95
ACC00002196151,CLI00002196,12411,Ahorros,COP,47
ACC00002196922,CLI00002196,1360,CDT,COP,57
ACC00002197443,CLI00002197,946,CDT,COP,52
ACC00002197456,CLI00002197,455,Ahorros,COP,55
ACC00002198356,CLI00002198,485,Ahorros,COP,52
ACC00002198731,CLI00002198,4663,Ahorros,COP,81
ACC00002198946,CLI00002198,2255,Corriente,COP,78
ACC00002199522,CLI00002199,735,Corriente,COP,109
ACC00002199817,CLI00002199,688,Ahorros,COP,29
ACC00002200255,CLI00002200,1455,Corriente,COP,69
ACC00002200353,CLI00002200,7652,Ahorros,COP,51
ACC00002201535,CLI00002201,863,Ahorros,COP,109
ACC00002202250,CLI00002202,952,Ahorros,COP,19
ACC00002202129,CLI00002202,1113,CDT,COP,33
ACC00002202881,CLI00002202,3450,Ahorros,COP,20
ACC00002203246,CLI00002203,8627,Ahorros,COP,43
ACC00002204813,CLI00002204,2681,Ahorros,COP,43
ACC00002205611,CLI00002205,2687,CDT,COP,74
ACC00002205397,CLI00002205,1088,Ahorros,COP,48
ACC00002205971,CLI00002205,3236,Ahorros,COP,64
ACC00002206333,CLI00002206,1139,Ahorros,COP,91
ACC00002207364,CLI00002207,4467,Ahorros,COP,118
ACC00002208915,CLI00002208,2654,Corriente,COP,53
ACC00002209462,CLI00002209,2211,Nomina,COP,54
ACC00002209397,CLI00002209,2177,Ahorros,COP,69
ACC00002210775,CLI00002210,5414,Ahorros,COP,56
ACC00002210502,CLI00002210,18223,Ahorros,COP,65
ACC00002211580,CLI00002211,823,Ahorros,COP,115
ACC00002211222,CLI00002211,1753,Corriente,COP,81
ACC00002212353,CLI00002212,4257,Ahorros,COP,102
ACC00002212331,CLI00002212,7506,Ahorros,COP,33
ACC00002212314,CLI00002212,12275,Corriente,COP,117
ACC00002213445,CLI00002213,3902,Corriente,COP,88
ACC00002213154,CLI00002213,6017,Ahorros,COP,97
ACC00002214608,CLI00002214,2568,Corriente,COP,11
ACC00002214962,CLI00002214,52765,CDT,COP,18
ACC00002215122,CLI00002215,3051,Ahorros,COP,114
ACC00002215589,CLI00002215,1112,Corriente,COP,51
ACC00002215515,CLI00002215,1473,Ahorros,COP,12
ACC00002216475,CLI00002216,158,Ahorros,COP,99
ACC00002216711,CLI00002216,23875,Corriente,COP,118
ACC00002216226,CLI00002216,4319,Ahorros,COP,4
ACC00002217622,CLI00002217,7250,Ahorros,COP,59
ACC00002218597,CLI00002218,6008,Ahorros,COP,66
ACC00002218742,CLI00002218,9662,Corriente,COP,40
ACC00002218443,CLI00002218,800,Corriente,COP,80
ACC00002219759,CLI00002219,4390,Ahorros,COP,29
ACC00002219107,CLI00002219,8382,CDT,COP,81
ACC00002219182,CLI00002219,794,Corriente,COP,63
ACC00002220992,CLI00002220,717,CDT,COP,61
ACC00002220917,CLI00002220,1689,Ahorros,COP,112
ACC00002220103,CLI00002220,9920,CDT,COP,93
ACC00002221873,CLI00002221,1222,Ahorros,COP,64
ACC00002222249,CLI00002222,2110,Ahorros,COP,117
ACC00002223899,CLI00002223,4579,CDT,COP,48
ACC00002223551,CLI00002223,924,Ahorros,COP,13
ACC00002223243,CLI00002223,3389,Ahorros,COP,28
ACC00002224393,CLI00002224,919,Ahorros,COP,13
ACC00002225932,CLI00002225,2031,Corriente,COP,57
ACC00002226746,CLI00002226,13591,Corriente,COP,97
ACC00002226261,CLI00002226,28910,Ahorros,COP,106
ACC00002226436,CLI00002226,12093,Ahorros,COP,89
ACC00002227702,CLI00002227,1066,Ahorros,COP,50
ACC00002227125,CLI00002227,3500,Ahorros,COP,39
ACC00002227951,CLI00002227,1452,Ahorros,COP,115
ACC00002228441,CLI00002228,2407,CDT,COP,78
ACC00002228519,CLI00002228,5073,Ahorros,COP,80
ACC00002228614,CLI00002228,3899,Ahorros,COP,68
ACC00002229132,CLI00002229,976,Ahorros,COP,7
ACC00002229263,CLI00002229,6723,CDT,COP,60
ACC00002230919,CLI00002230,1249,Corriente,COP,58
ACC00002231184,CLI00002231,4468,Ahorros,COP,78
ACC00002231839,CLI00002231,2040,Corriente,COP,106
ACC00002231353,CLI00002231,4234,CDT,COP,84
ACC00002232841,CLI00002232,915,Ahorros,COP,103
ACC00002232337,CLI00002232,3390,Ahorros,COP,114
ACC00002232726,CLI00002232,31613,Ahorros,COP,48
ACC00002233523,CLI00002233,2081,Ahorros,COP,41
ACC00002234858,CLI00002234,3672,CDT,COP,4
ACC00002235247,CLI00002235,9385,Ahorros,COP,19
ACC00002235824,CLI00002235,638,Corriente,COP,95
ACC00002235780,CLI00002235,636,Corriente,COP,117
ACC00002236352,CLI00002236,1783,Corriente,COP,21
ACC00002236666,CLI00002236,13443,Corriente,COP,92
ACC00002236697,CLI00002236,608,Ahorros,COP,114
ACC00002237235,CLI00002237,7105,Ahorros,COP,84
ACC00002237397,CLI00002237,974,Nomina,COP,9
ACC00002238363,CLI00002238,960,Corriente,COP,17
ACC00002238783,CLI00002238,5118,Nomina,COP,20
ACC00002238648,CLI00002238,3598,Corriente,COP,94
ACC00002239710,CLI00002239,2223,Corriente,COP,4
ACC00002239331,CLI00002239,7186,Corriente,COP,60
ACC00002240434,CLI00002240,1506,Nomina,COP,98
ACC00002241446,CLI00002241,1599,Ahorros,COP,37
ACC00002241357,CLI00002241,1806,Ahorros,COP,92
ACC00002242215,CLI00002242,3558,Ahorros,COP,12
ACC00002242936,CLI00002242,6193,Corriente,COP,55
ACC00002242478,CLI00002242,7482,Ahorros,COP,34
ACC00002243674,CLI00002243,1687,CDT,COP,71
ACC00002243355,CLI00002243,1375,Ahorros,COP,98
ACC00002244399,CLI00002244,17919,Ahorros,COP,118
ACC00002244878,CLI00002244,1392,Nomina,COP,101
ACC00002244598,CLI00002244,769,Corriente,COP,100
ACC00002245285,CLI00002245,1953,CDT,COP,57
ACC00002245316,CLI00002245,960,CDT,COP,87
ACC00002246107,CLI00002246,62325,Ahorros,COP,86
ACC00002247262,CLI00002247,4091,Ahorros,COP,31
ACC00002247252,CLI00002247,13856,Nomina,COP,60
ACC00002248478,CLI00002248,1100,Ahorros,COP,69
ACC00002249956,CLI00002249,4225,Nomina,COP,48
ACC00002249385,CLI00002249,1399,Nomina,COP,31
ACC00002250674,CLI00002250,8834,Corriente,COP,92
ACC00002250362,CLI00002250,6836,Ahorros,COP,37
ACC00002251653,CLI00002251,3811,Ahorros,COP,38
ACC00002251755,CLI00002251,1815,Corriente,COP,70
ACC00002251880,CLI00002251,2172,Corriente,COP,84
ACC00002252235,CLI00002252,7009,Ahorros,COP,75
ACC00002252906,CLI00002252,364,Ahorros,COP,44
ACC00002252391,CLI00002252,7576,Corriente,COP,31
ACC00002253806,CLI00002253,2729,CDT,COP,83
ACC00002254157,CLI00002254,547,Nomina,COP,99
ACC00002254651,CLI00002254,2704,CDT,COP,105
ACC00002255857,CLI00002255,11251,CDT,COP,105
ACC00002256860,CLI00002256,6748,Ahorros,COP,104
ACC00002257383,CLI00002257,4050,Corriente,COP,98
ACC00002257761,CLI00002257,1086,Ahorros,COP,21
ACC00002258582,CLI00002258,6664,Corriente,COP,48
ACC00002259216,CLI00002259,7065,Nomina,COP,34
ACC00002259829,CLI00002259,3503,CDT,COP,15
ACC00002260378,CLI00002260,127,Ahorros,COP,16
ACC00002261859,CLI00002261,621,Ahorros,COP,49
ACC00002261526,CLI00002261,6616,Nomina,COP,80
ACC00002261345,CLI00002261,4669,Nomina,COP,92
ACC00002262801,CLI00002262,6551,Ahorros,COP,22
ACC00002263129,CLI00002263,9769,Ahorros,COP,16
ACC00002263882,CLI00002263,1248,Corriente,COP,84
ACC00002263109,CLI00002263,3847,CDT,COP,43
ACC00002264464,CLI00002264,9654,Corriente,COP,4
ACC00002265872,CLI00002265,2313,Ahorros,COP,91
ACC00002265852,CLI00002265,1544,Ahorros,COP,118
ACC00002266640,CLI00002266,6988,CDT,COP,48
ACC00002266131,CLI00002266,28082,Corriente,COP,26
ACC00002267822,CLI00002267,1459,Ahorros,COP,50
ACC00002268227,CLI00002268,12153,Ahorros,COP,59
ACC00002269665,CLI00002269,6119,Ahorros,COP,96
ACC00002269829,CLI00002269,352,Ahorros,COP,21
ACC00002269723,CLI00002269,548,Corriente,COP,22
ACC00002270588,CLI00002270,540,Ahorros,COP,69
ACC00002270846,CLI00002270,1235,Ahorros,COP,16
ACC00002271683,CLI00002271,2335,CDT,COP,59
ACC00002272417,CLI00002272,4774,Ahorros,COP,23
ACC00002272815,CLI00002272,3125,CDT,COP,64
ACC00002273436,CLI00002273,6196,Ahorros,COP,8
ACC00002273889,CLI00002273,14241,CDT,COP,54
ACC00002273340,CLI00002273,1285,Corriente,COP,3
ACC00002274439,CLI00002274,1219,Ahorros,COP,117
ACC00002274755,CLI00002274,4783,Ahorros,COP,49
ACC00002275363,CLI00002275,2288,CDT,COP,118
ACC00002276530,CLI00002276,3016,Corriente,COP,101
ACC00002277728,CLI00002277,5528,Ahorros,COP,3
ACC00002277986,CLI00002277,2602,Ahorros,COP,28
ACC00002277758,CLI00002277,5052,Ahorros,COP,28
ACC00002278548,CLI00002278,347,Ahorros,COP,44
ACC00002279246,CLI00002279,2842,Ahorros,COP,44
ACC00002279804,CLI00002279,808,Corriente,COP,100
ACC00002280312,CLI00002280,12990,Nomina,COP,69
ACC00002281106,CLI00002281,31628,Ahorros,COP,95
ACC00002281994,CLI00002281,1989,Ahorros,COP,42
ACC00002282669,CLI00002282,2463,Nomina,COP,105
ACC00002283962,CLI00002283,6893,Ahorros,COP,51
ACC00002283973,CLI00002283,642,Ahorros,COP,59
ACC00002283672,CLI00002283,9186,Nomina,COP,91
ACC00002284565,CLI00002284,4043,CDT,COP,50
ACC00002284115,CLI00002284,1044,Ahorros,COP,15
ACC00002284485,CLI00002284,4739,Corriente,COP,43
ACC00002285976,CLI00002285,5107,Corriente,COP,39
ACC00002285380,CLI00002285,7175,Ahorros,COP,72
ACC00002286882,CLI00002286,2445,Ahorros,COP,109
ACC00002286889,CLI00002286,1869,Ahorros,COP,82
ACC00002287789,CLI00002287,5626,Corriente,COP,18
ACC00002287834,CLI00002287,1555,Ahorros,COP,102
ACC00002288357,CLI00002288,1129,CDT,COP,77
ACC00002288252,CLI00002288,1504,Ahorros,COP,25
ACC00002289153,CLI00002289,271451,Corriente,COP,18
ACC00002289446,CLI00002289,5023,CDT,COP,97
ACC00002289748,CLI00002289,6999,Ahorros,COP,103
ACC00002290844,CLI00002290,780,Ahorros,COP,30
ACC00002291473,CLI00002291,431,Corriente,COP,4
ACC00002292344,CLI00002292,1168,Ahorros,COP,14
ACC00002292560,CLI00002292,6484,Corriente,COP,33
ACC00002292162,CLI00002292,333,Corriente,COP,16
ACC00002293761,CLI00002293,379,Ahorros,COP,1
ACC00002293599,CLI00002293,3337,Nomina,COP,6
ACC00002294861,CLI00002294,1450,Ahorros,COP,12
ACC00002295820,CLI00002295,3681,Ahorros,COP,54
ACC00002295833,CLI00002295,985,Ahorros,COP,108
ACC00002296395,CLI00002296,1586,Ahorros,COP,12
ACC00002296924,CLI00002296,2107,Ahorros,COP,18
ACC00002296723,CLI00002296,5843,Corriente,COP,51
ACC00002297742,CLI00002297,5058,Corriente,COP,88
ACC00002297575,CLI00002297,189546,Corriente,COP,27
ACC00002298505,CLI00002298,2702,Ahorros,COP,3
ACC00002298599,CLI00002298,773,Ahorros,COP,93
ACC00002299445,CLI00002299,2223,Ahorros,COP,103
ACC00002300375,CLI00002300,3668,CDT,COP,39
ACC00002300941,CLI00002300,5782,Corriente,COP,76
ACC00002300556,CLI00002300,3734,Corriente,COP,27
ACC00002301874,CLI00002301,1628,Corriente,COP,52
ACC00002301228,CLI00002301,9140,Ahorros,COP,13
ACC00002302651,CLI00002302,1433,Ahorros,COP,55
ACC00002302702,CLI00002302,373,Nomina,COP,57
ACC00002302830,CLI00002302,1327,Ahorros,COP,24
ACC00002303156,CLI00002303,1512,Nomina,COP,114
ACC00002303936,CLI00002303,11357,CDT,COP,32
ACC00002304406,CLI00002304,612,Ahorros,COP,107
ACC00002304737,CLI00002304,3635,Ahorros,COP,15
ACC00002305321,CLI00002305,12114,Ahorros,COP,17
ACC00002305553,CLI00002305,5161,CDT,COP,40
ACC00002305731,CLI00002305,11696,Corriente,COP,40
ACC00002306512,CLI00002306,1951,Corriente,COP,54
ACC00002306764,CLI00002306,1701,Ahorros,COP,81
ACC00002306752,CLI00002306,195,Ahorros,COP,61
ACC00002307909,CLI00002307,2166,Ahorros,COP,104
ACC00002307724,CLI00002307,877,Ahorros,COP,85
ACC00002307953,CLI00002307,2022,Nomina,COP,119
ACC00002308975,CLI00002308,3901,Ahorros,COP,5
ACC00002309494,CLI00002309,18901,Ahorros,COP,32
ACC00002309758,CLI00002309,4158,Ahorros,COP,9
ACC00002309308,CLI00002309,3367,Ahorros,COP,44
ACC00002310453,CLI00002310,12700,Ahorros,COP,81
ACC00002310843,CLI00002310,8391,Corriente,COP,87
ACC00002311279,CLI00002311,1927,Corriente,COP,70
ACC00002311974,CLI00002311,2569,Corriente,COP,30
ACC00002311652,CLI00002311,452,Ahorros,COP,31
ACC00002312575,CLI00002312,1052,Corriente,COP,62
ACC00002312235,CLI00002312,2918,Ahorros,COP,2
ACC00002312392,CLI00002312,15942,CDT,COP,108
ACC00002313500,CLI00002313,2530,Ahorros,COP,75
ACC00002313873,CLI00002313,579,Ahorros,COP,28
ACC00002314258,CLI00002314,974,Ahorros,COP,32
ACC00002314143,CLI00002314,768,Corriente,COP,36
ACC00002315969,CLI00002315,10643,Corriente,COP,55
ACC00002316892,CLI00002316,3914,CDT,COP,52
ACC00002316298,CLI00002316,1510,Corriente,COP,18
ACC00002317365,CLI00002317,3179,Ahorros,COP,56
ACC00002317126,CLI00002317,732,Ahorros,COP,92
ACC00002318681,CLI00002318,588,Ahorros,COP,97
ACC00002318139,CLI00002318,7026,Corriente,COP,119
ACC00002318365,CLI00002318,4535,Ahorros,COP,71
ACC00002319488,CLI00002319,14515,Nomina,COP,70
ACC00002319139,CLI00002319,2302,CDT,COP,87
ACC00002320530,CLI00002320,929,Corriente,COP,35
ACC00002320848,CLI00002320,2928,Ahorros,COP,25
ACC00002320635,CLI00002320,2279,Corriente,COP,8
ACC00002321959,CLI00002321,18478,Corriente,COP,52
ACC00002322225,CLI00002322,1337,Ahorros,COP,24
ACC00002323428,CLI00002323,3882,Ahorros,COP,65
ACC00002323545,CLI00002323,178,Corriente,COP,55
ACC00002324754,CLI00002324,10449,Corriente,COP,20
ACC00002324156,CLI00002324,7698,Ahorros,COP,118
ACC00002325893,CLI00002325,6472,Ahorros,COP,49
ACC00002325832,CLI00002325,997,Ahorros,COP,26
ACC00002326662,CLI00002326,5203,Ahorros,COP,101
ACC00002326285,CLI00002326,1168,CDT,COP,71
ACC00002327297,CLI00002327,4402,Corriente,COP,23
ACC00002328464,CLI00002328,1174,Corriente,COP,49
ACC00002328230,CLI00002328,1032,Ahorros,COP,21
ACC00002329669,CLI00002329,759,Ahorros,COP,109
ACC00002329694,CLI00002329,3158,Ahorros,COP,65
ACC00002330876,CLI00002330,1399,Nomina,COP,37
ACC00002330950,CLI00002330,27642,Ahorros,COP,45
ACC00002331499,CLI00002331,1041,Ahorros,COP,35
ACC00002332189,CLI00002332,7839,Corriente,COP,67
ACC00002333754,CLI00002333,1239,Ahorros,COP,53
ACC00002334504,CLI00002334,627,Ahorros,COP,81
ACC00002335867,CLI00002335,5141,Ahorros,COP,68
ACC00002335970,CLI00002335,5160,Nomina,COP,94
ACC00002335755,CLI00002335,390,Ahorros,COP,118
ACC00002336674,CLI00002336,11859,CDT,COP,76
ACC00002336896,CLI00002336,5206,Ahorros,COP,10
ACC00002337738,CLI00002337,981,Corriente,COP,34
ACC00002337573,CLI00002337,16261,Corriente,COP,10
ACC00002337318,CLI00002337,3109,Corriente,COP,115
ACC00002338768,CLI00002338,1752,Ahorros,COP,32
ACC00002338147,CLI00002338,1299,Ahorros,COP,17
ACC00002339553,CLI00002339,4205,Ahorros,COP,114
ACC00002339466,CLI00002339,1908,Ahorros,COP,95
ACC00002339488,CLI00002339,8785,Corriente,COP,111
ACC00002340270,CLI00002340,2703,Ahorros,COP,65
ACC00002341488,CLI00002341,1852,Nomina,COP,113
ACC00002341200,CLI00002341,631,Nomina,COP,33
ACC00002342712,CLI00002342,5053,CDT,COP,107
ACC00002342877,CLI00002342,11984,Corriente,COP,91
ACC00002343214,CLI00002343,23887,Ahorros,COP,7
ACC00002343715,CLI00002343,1127,Ahorros,COP,33
ACC00002344216,CLI00002344,7443,Ahorros,COP,45
ACC00002345890,CLI00002345,3092,Corriente,COP,16
ACC00002346344,CLI00002346,793,Corriente,COP,36
ACC00002346399,CLI00002346,1683,Nomina,COP,11
ACC00002346175,CLI00002346,3157,Corriente,COP,31
ACC00002347350,CLI00002347,1584,Ahorros,COP,73
ACC00002347157,CLI00002347,496,Nomina,COP,113
ACC00002348181,CLI00002348,1190,Ahorros,COP,101
ACC00002348392,CLI00002348,504,Corriente,COP,42
ACC00002349959,CLI00002349,2526,Ahorros,COP,41
ACC00002349581,CLI00002349,259,Corriente,COP,56
ACC00002349773,CLI00002349,2080,Corriente,COP,119
ACC00002350209,CLI00002350,1007,Ahorros,COP,29
ACC00002350726,CLI00002350,2246,Ahorros,COP,71
ACC00002351504,CLI00002351,4295,Ahorros,COP,42
ACC00002351671,CLI00002351,1903,Ahorros,COP,11
ACC00002351850,CLI00002351,2113,Corriente,COP,49
ACC00002352337,CLI00002352,980,Corriente,COP,76
ACC00002352944,CLI00002352,23966,Corriente,COP,83
ACC00002352332,CLI00002352,3997,Corriente,COP,104
ACC00002353648,CLI00002353,876,Corriente,COP,32
ACC00002353786,CLI00002353,4920,Corriente,COP,1
ACC00002354326,CLI00002354,2103,Ahorros,COP,108
ACC00002354376,CLI00002354,224,CDT,COP,118
ACC00002354721,CLI00002354,2405,Corriente,COP,64
ACC00002355777,CLI00002355,1863,Ahorros,COP,57
ACC00002355799,CLI00002355,6389,Ahorros,COP,35
ACC00002355133,CLI00002355,6760,Corriente,COP,74
ACC00002356484,CLI00002356,1385,Corriente,COP,104
ACC00002356944,CLI00002356,708,Nomina,COP,62
ACC00002356423,CLI00002356,5037,Ahorros,COP,6
ACC00002357752,CLI00002357,19844,Ahorros,COP,25
ACC00002357781,CLI00002357,3228,Nomina,COP,10
ACC00002357833,CLI00002357,2485,Ahorros,COP,115
ACC00002358936,CLI00002358,1472,Corriente,COP,95
ACC00002358262,CLI00002358,376,Ahorros,COP,102
ACC00002358130,CLI00002358,55945,Ahorros,COP,56
ACC00002359347,CLI00002359,2855,Corriente,COP,44
ACC00002360760,CLI00002360,4415,Corriente,COP,105
ACC00002360245,CLI00002360,2204,Ahorros,COP,111
ACC00002360330,CLI00002360,3074,Corriente,COP,114
ACC00002361354,CLI00002361,14965,CDT,COP,74
ACC00002361833,CLI00002361,5889,Ahorros,COP,30
ACC00002361977,CLI00002361,452467,Ahorros,COP,62
ACC00002362331,CLI00002362,4903,Ahorros,COP,14
ACC00002362538,CLI00002362,2190,CDT,COP,58
ACC00002363172,CLI00002363,3576,Ahorros,COP,27
ACC00002363948,CLI00002363,11867,Ahorros,COP,105
ACC00002363811,CLI00002363,1942,Corriente,COP,40
ACC00002364110,CLI00002364,898,Corriente,COP,56
ACC00002364627,CLI00002364,13844,Nomina,COP,9
ACC00002364169,CLI00002364,3010,Ahorros,COP,41
ACC00002365671,CLI00002365,525,CDT,COP,102
ACC00002365802,CLI00002365,1095,Corriente,COP,53
ACC00002365463,CLI00002365,1057,Ahorros,COP,115
ACC00002366528,CLI00002366,3294,Ahorros,COP,101
ACC00002366623,CLI00002366,1200,Ahorros,COP,60
ACC00002367423,CLI00002367,4703,Corriente,COP,18
ACC00002367948,CLI00002367,2880,Corriente,COP,13
ACC00002368415,CLI00002368,4636,Ahorros,COP,62
ACC00002369800,CLI00002369,2267,Ahorros,COP,1
ACC00002369413,CLI00002369,2015,Corriente,COP,37
ACC00002370450,CLI00002370,1664,Ahorros,COP,75
ACC00002371373,CLI00002371,4475,Ahorros,COP,103
ACC00002371286,CLI00002371,27512,CDT,COP,54
ACC00002371324,CLI00002371,1057,Ahorros,COP,6
ACC00002372198,CLI00002372,14003,Ahorros,COP,32
ACC00002372876,CLI00002372,3312,Ahorros,COP,79
ACC00002372254,CLI00002372,594,CDT,COP,63
ACC00002373992,CLI00002373,1438,Corriente,COP,53
ACC00002374667,CLI00002374,564,Ahorros,COP,41
ACC00002374612,CLI00002374,1590,Ahorros,COP,115
ACC00002374236,CLI00002374,749,Ahorros,COP,93
ACC00002375120,CLI00002375,553,Ahorros,COP,68
ACC00002375344,CLI00002375,4685,Ahorros,COP,109
ACC00002376616,CLI00002376,4511,Ahorros,COP,35
ACC00002376615,CLI00002376,1280,Ahorros,COP,62
ACC00002376325,CLI00002376,878,Ahorros,COP,26
ACC00002377551,CLI00002377,789,CDT,COP,10
ACC00002377561,CLI00002377,478,Nomina,COP,117
ACC00002377491,CLI00002377,1655,Ahorros,COP,19
ACC00002378613,CLI00002378,6866,Ahorros,COP,83
ACC00002379124,CLI00002379,2942,Corriente,COP,9
ACC00002379297,CLI00002379,3297,CDT,COP,3
ACC00002379748,CLI00002379,23372,Ahorros,COP,74
ACC00002380364,CLI00002380,2844,Corriente,COP,31
ACC00002380866,CLI00002380,5478,Ahorros,COP,21
ACC00002380927,CLI00002380,700,Ahorros,COP,19
ACC00002381575,CLI00002381,8074,Ahorros,COP,94
ACC00002381219,CLI00002381,2337,Ahorros,COP,105
ACC00002381990,CLI00002381,13876,Ahorros,COP,32
ACC00002382113,CLI00002382,12642,Corriente,COP,77
ACC00002382896,CLI00002382,5361,CDT,COP,87
ACC00002383584,CLI00002383,7377,Ahorros,COP,40
ACC00002383222,CLI00002383,115483,Nomina,COP,101
ACC00002383602,CLI00002383,1607,Ahorros,COP,12
ACC00002384366,CLI00002384,6253,Ahorros,COP,73
ACC00002385313,CLI00002385,3075,Corriente,COP,27
ACC00002385777,CLI00002385,927,Nomina,COP,22
ACC00002386676,CLI00002386,11257,Corriente,COP,15
ACC00002386234,CLI00002386,4625,CDT,COP,96
ACC00002387172,CLI00002387,15921,Ahorros,COP,41
ACC00002387420,CLI00002387,8252,Nomina,COP,86
ACC00002388343,CLI00002388,10894,Corriente,COP,45
ACC00002388940,CLI00002388,8040,Corriente,COP,21
ACC00002389557,CLI00002389,806,Corriente,COP,50
ACC00002389832,CLI00002389,11359,Corriente,COP,64
ACC00002390842,CLI00002390,3459,Ahorros,COP,44
ACC00002391960,CLI00002391,2787,Corriente,COP,38
ACC00002391175,CLI00002391,2845,Corriente,COP,13
ACC00002391463,CLI00002391,16550,Ahorros,COP,32
ACC00002392298,CLI00002392,8669,CDT,COP,23
ACC00002392361,CLI00002392,22398,Ahorros,COP,40
ACC00002393694,CLI00002393,186,Ahorros,COP,117
ACC00002393149,CLI00002393,1113,Corriente,COP,31
ACC00002393864,CLI00002393,15221,Corriente,COP,27
ACC00002394915,CLI00002394,604,CDT,COP,38
ACC00002394349,CLI00002394,680,Corriente,COP,112
ACC00002395272,CLI00002395,309,Ahorros,COP,73
ACC00002395351,CLI00002395,372,Corriente,COP,67
ACC00002395319,CLI00002395,3708,Corriente,COP,70
ACC00002396791,CLI00002396,2300,Ahorros,COP,60
ACC00002397290,CLI00002397,1785,Ahorros,COP,39
ACC00002397555,CLI00002397,9434,Ahorros,COP,7
ACC00002397694,CLI00002397,5506,Ahorros,COP,34
ACC00002398100,CLI00002398,214,CDT,COP,110
ACC00002398497,CLI00002398,1664,CDT,COP,6
ACC00002398838,CLI00002398,1587,Ahorros,COP,97
ACC00002399593,CLI00002399,1260,Corriente,COP,28
ACC00002399325,CLI00002399,2996,CDT,COP,48
ACC00002400448,CLI00002400,34158,Nomina,COP,100
ACC00002400109,CLI00002400,1347,Corriente,COP,42
ACC00002401247,CLI00002401,1285,Ahorros,COP,24
ACC00002401271,CLI00002401,1112,CDT,COP,4
ACC00002401744,CLI00002401,4914,Ahorros,COP,62
ACC00002402348,CLI00002402,11981,Corriente,COP,31
ACC00002402797,CLI00002402,6652,Corriente,COP,113
ACC00002403196,CLI00002403,9866,Ahorros,COP,34
ACC00002403521,CLI00002403,1162,Ahorros,COP,74
ACC00002404178,CLI00002404,1066,Nomina,COP,74
ACC00002404806,CLI00002404,2827,Ahorros,COP,49
ACC00002404497,CLI00002404,1577,CDT,COP,52
ACC00002405437,CLI00002405,1785,Corriente,COP,107
ACC00002406407,CLI00002406,24809,Ahorros,COP,75
ACC00002407591,CLI00002407,745,Corriente,COP,40
ACC00002408285,CLI00002408,764,Ahorros,COP,27
ACC00002409166,CLI00002409,6227,Corriente,COP,27
ACC00002410242,CLI00002410,889,Nomina,COP,86
ACC00002410656,CLI00002410,2041,Ahorros,COP,116
ACC00002410282,CLI00002410,602,Nomina,COP,98
ACC00002411321,CLI00002411,4570,Corriente,COP,5
ACC00002412864,CLI00002412,11536,Ahorros,COP,25
ACC00002412252,CLI00002412,1522,Ahorros,COP,27
ACC00002413369,CLI00002413,9016,Corriente,COP,90
ACC00002414455,CLI00002414,412,CDT,COP,114
ACC00002415276,CLI00002415,3933,CDT,COP,47
ACC00002415964,CLI00002415,1505,Nomina,COP,57
ACC00002415232,CLI00002415,1665,Ahorros,COP,83
ACC00002416303,CLI00002416,4565,Ahorros,COP,111
ACC00002417414,CLI00002417,5556,Ahorros,COP,21
ACC00002417864,CLI00002417,14179,Ahorros,COP,18
ACC00002418639,CLI00002418,2652,Ahorros,COP,7
ACC00002419552,CLI00002419,4827,Ahorros,COP,104
ACC00002420486,CLI00002420,2905,Corriente,COP,72
ACC00002420820,CLI00002420,1148,Ahorros,COP,103
ACC00002420976,CLI00002420,3770,Ahorros,COP,46
ACC00002421945,CLI00002421,3085,Corriente,COP,114
ACC00002421955,CLI00002421,3426,Ahorros,COP,77
ACC00002421323,CLI00002421,9652,Corriente,COP,39
ACC00002422986,CLI00002422,252,Corriente,COP,8
ACC00002422604,CLI00002422,2410,CDT,COP,51
ACC00002422172,CLI00002422,887,Ahorros,COP,84
ACC00002423240,CLI00002423,2538,Corriente,COP,3
ACC00002424439,CLI00002424,28378,Ahorros,COP,34
ACC00002424737,CLI00002424,987,Corriente,COP,41
ACC00002425266,CLI00002425,4212,Ahorros,COP,81
ACC00002425442,CLI00002425,907,Nomina,COP,18
ACC00002425152,CLI00002425,2691,Nomina,COP,46
ACC00002426443,CLI00002426,1498,Ahorros,COP,103
ACC00002426795,CLI00002426,878,Corriente,COP,22
ACC00002426290,CLI00002426,837,Ahorros,COP,86
ACC00002427704,CLI00002427,691,Ahorros,COP,39
ACC00002427233,CLI00002427,31347,CDT,COP,81
ACC00002428319,CLI00002428,3475,Ahorros,COP,90
ACC00002429519,CLI00002429,2252,Ahorros,COP,33
ACC00002429520,CLI00002429,15858,Ahorros,COP,96
ACC00002429621,CLI00002429,627,Nomina,COP,1
ACC00002430931,CLI00002430,4684,Ahorros,COP,102
ACC00002430821,CLI00002430,5686,Corriente,COP,10
ACC00002430527,CLI00002430,8305,Ahorros,COP,98
ACC00002431481,CLI00002431,5259,Ahorros,COP,12
ACC00002432810,CLI00002432,2649,Ahorros,COP,68
ACC00002432280,CLI00002432,558,Corriente,COP,60
ACC00002432935,CLI00002432,23871,Nomina,COP,36
ACC00002433340,CLI00002433,3063,Corriente,COP,105
ACC00002433618,CLI00002433,886,Corriente,COP,30
ACC00002433863,CLI00002433,4185,Ahorros,COP,47
ACC00002434951,CLI00002434,1828,Ahorros,COP,48
ACC00002434746,CLI00002434,749,Ahorros,COP,78
ACC00002435362,CLI00002435,1951,Nomina,COP,42
ACC00002435117,CLI00002435,5736,Ahorros,COP,15
ACC00002436877,CLI00002436,2217,Corriente,COP,81
ACC00002437276,CLI00002437,2569,Ahorros,COP,20
ACC00002437277,CLI00002437,210,CDT,COP,105
ACC00002437424,CLI00002437,1291,Corriente,COP,72
ACC00002438873,CLI00002438,1061,Corriente,COP,64
ACC00002438744,CLI00002438,1575,Ahorros,COP,66
ACC00002438395,CLI00002438,15698,Corriente,COP,100
ACC00002439668,CLI00002439,6435,Ahorros,COP,74
ACC00002439536,CLI00002439,839,CDT,COP,41
ACC00002440645,CLI00002440,435,CDT,COP,118
ACC00002441168,CLI00002441,1837,Corriente,COP,24
ACC00002442250,CLI00002442,2310,CDT,COP,112
ACC00002443993,CLI00002443,1153,Ahorros,COP,69
ACC00002444744,CLI00002444,2158,Corriente,COP,9
ACC00002444469,CLI00002444,3229,Corriente,COP,26
ACC00002444987,CLI00002444,5649,Ahorros,COP,60
ACC00002445465,CLI00002445,1092,Ahorros,COP,112
ACC00002445684,CLI00002445,1884,Nomina,COP,71
ACC00002446333,CLI00002446,6792,Corriente,COP,82
ACC00002446829,CLI00002446,4156,Ahorros,COP,53
ACC00002446108,CLI00002446,7640,Ahorros,COP,29
ACC00002447831,CLI00002447,1558,Ahorros,COP,60
ACC00002448897,CLI00002448,7152,Corriente,COP,65
ACC00002449824,CLI00002449,388,Corriente,COP,90
ACC00002450758,CLI00002450,169,CDT,COP,78
ACC00002450420,CLI00002450,4556,CDT,COP,106
ACC00002451438,CLI00002451,707,Corriente,COP,104
ACC00002451636,CLI00002451,3461,CDT,COP,79
ACC00002451904,CLI00002451,1197,Corriente,COP,71
ACC00002452307,CLI00002452,4044,Ahorros,COP,14
ACC00002453903,CLI00002453,32401,Corriente,COP,105
ACC00002454260,CLI00002454,26558,Ahorros,COP,78
ACC00002455319,CLI00002455,1127,Ahorros,COP,103
ACC00002456131,CLI00002456,4484,Ahorros,COP,117
ACC00002456104,CLI00002456,1331,Corriente,COP,64
ACC00002457172,CLI00002457,1097,Corriente,COP,23
ACC00002457833,CLI00002457,105,Ahorros,COP,98
ACC00002458957,CLI00002458,854,Ahorros,COP,9
ACC00002458128,CLI00002458,4620,Corriente,COP,105
ACC00002459857,CLI00002459,2302,Nomina,COP,60
ACC00002459850,CLI00002459,6459,Ahorros,COP,97
ACC00002459784,CLI00002459,2976,Ahorros,COP,33
ACC00002460541,CLI00002460,2860,Nomina,COP,44
ACC00002460413,CLI00002460,13549,Ahorros,COP,48
ACC00002461847,CLI00002461,1271,CDT,COP,117
ACC00002461204,CLI00002461,1649,Ahorros,COP,48
ACC00002461383,CLI00002461,858,Ahorros,COP,101
ACC00002462917,CLI00002462,2242,Nomina,COP,110
ACC00002462777,CLI00002462,9658,Corriente,COP,20
ACC00002462641,CLI00002462,1329,Corriente,COP,104
ACC00002463447,CLI00002463,1607,CDT,COP,98
ACC00002464696,CLI00002464,8546,CDT,COP,4
ACC00002465517,CLI00002465,3467,CDT,COP,15
ACC00002465137,CLI00002465,1532,Corriente,COP,119
ACC00002465566,CLI00002465,2611,Ahorros,COP,96
ACC00002466615,CLI00002466,12721,Ahorros,COP,17
ACC00002466955,CLI00002466,1841,Ahorros,COP,119
ACC00002467652,CLI00002467,2820,Ahorros,COP,87
ACC00002468990,CLI00002468,6441,Ahorros,COP,31
ACC00002469143,CLI00002469,9181,Ahorros,COP,53
ACC00002469373,CLI00002469,7148,Corriente,COP,3
ACC00002470533,CLI00002470,4043,Corriente,COP,11
ACC00002470826,CLI00002470,8140,Corriente,COP,5
ACC00002471550,CLI00002471,4182,Corriente,COP,103
ACC00002472289,CLI00002472,1803,Ahorros,COP,53
ACC00002473630,CLI00002473,43438,CDT,COP,51
ACC00002473681,CLI00002473,843,Ahorros,COP,67
ACC00002473572,CLI00002473,589,Corriente,COP,93
ACC00002474286,CLI00002474,1713,Ahorros,COP,118
ACC00002474721,CLI00002474,6363,Ahorros,COP,115
ACC00002474365,CLI00002474,1398,Corriente,COP,51
ACC00002475654,CLI00002475,14681,CDT,COP,105
ACC00002475190,CLI00002475,5882,Ahorros,COP,81
ACC00002475124,CLI00002475,1339,Nomina,COP,96
ACC00002476230,CLI00002476,2037,Ahorros,COP,100
ACC00002476679,CLI00002476,681,CDT,COP,40
ACC00002476777,CLI00002476,4006,Corriente,COP,64
ACC00002477664,CLI00002477,3051,CDT,COP,38
ACC00002478186,CLI00002478,2332,Corriente,COP,75
ACC00002478635,CLI00002478,10976,Ahorros,COP,50
ACC00002479446,CLI00002479,3682,Nomina,COP,9
ACC00002480433,CLI00002480,21456,CDT,COP,17
ACC00002480676,CLI00002480,25772,CDT,COP,93
ACC00002481989,CLI00002481,271,Ahorros,COP,58
ACC00002481200,CLI00002481,581,Nomina,COP,49
ACC00002482852,CLI00002482,21172,CDT,COP,74
ACC00002483106,CLI00002483,340,Corriente,COP,15
ACC00002484262,CLI00002484,7763,Corriente,COP,110
ACC00002485174,CLI00002485,1890,Ahorros,COP,8
ACC00002485598,CLI00002485,8908,Ahorros,COP,35
ACC00002486511,CLI00002486,2027,Nomina,COP,37
ACC00002486643,CLI00002486,1540,Corriente,COP,96
ACC00002486737,CLI00002486,4136,Corriente,COP,90
ACC00002487928,CLI00002487,12531,CDT,COP,49
ACC00002487896,CLI00002487,2306,Ahorros,COP,109
ACC00002487796,CLI00002487,4641,Corriente,COP,6
ACC00002488394,CLI00002488,4584,Corriente,COP,35
ACC00002488486,CLI00002488,73652,Ahorros,COP,110
ACC00002489766,CLI00002489,1091,Ahorros,COP,60
ACC00002489346,CLI00002489,3676,Ahorros,COP,103
ACC00002489473,CLI00002489,110,CDT,COP,43
ACC00002490488,CLI00002490,28951,Nomina,COP,114
ACC00002491462,CLI00002491,6216,Ahorros,COP,2
ACC00002491497,CLI00002491,5085,Ahorros,COP,80
ACC00002491476,CLI00002491,4860,Ahorros,COP,12
ACC00002492806,CLI00002492,23187,Corriente,COP,99
ACC00002492330,CLI00002492,2293,Corriente,COP,119
ACC00002492442,CLI00002492,202,Ahorros,COP,11
ACC00002493820,CLI00002493,44255,Corriente,COP,44
ACC00002494153,CLI00002494,6079,Ahorros,COP,50
ACC00002494285,CLI00002494,3750,Ahorros,COP,28
ACC00002495196,CLI00002495,1265,Ahorros,COP,80
ACC00002495889,CLI00002495,2015,Ahorros,COP,76
ACC00002496978,CLI00002496,11232,Corriente,COP,75
ACC00002496903,CLI00002496,324,Ahorros,COP,41
ACC00002497967,CLI00002497,14895,Corriente,COP,1
ACC00002498659,CLI00002498,134,CDT,COP,107
ACC00002499841,CLI00002499,1430,Ahorros,COP,67
ACC00002499924,CLI00002499,1600,CDT,COP,1
ACC00002500383,CLI00002500,6876,Corriente,COP,92
ACC00002500763,CLI00002500,777,Nomina,COP,110
ACC00002500298,CLI00002500,1231,Corriente,COP,29
ACC00002501154,CLI00002501,2392,Corriente,COP,113
ACC00002501990,CLI00002501,1832,Ahorros,COP,42
ACC00002501991,CLI00002501,1056,Corriente,COP,47
ACC00002502782,CLI00002502,981,Corriente,COP,43
ACC00002502141,CLI00002502,7288,Nomina,COP,104
ACC00002503204,CLI00002503,857,Ahorros,COP,95
ACC00002503975,CLI00002503,682,Corriente,COP,90
ACC00002504223,CLI00002504,3202,Ahorros,COP,69
ACC00002504242,CLI00002504,3855,Corriente,COP,85
ACC00002504224,CLI00002504,2129,CDT,COP,6
ACC00002505641,CLI00002505,63645,Ahorros,COP,87
ACC00002505277,CLI00002505,12851,Ahorros,COP,96
ACC00002506799,CLI00002506,1032,Ahorros,COP,95
ACC00002507717,CLI00002507,39074,Ahorros,COP,86
ACC00002508296,CLI00002508,1813,Ahorros,COP,60
ACC00002508258,CLI00002508,5999,Ahorros,COP,26
ACC00002508810,CLI00002508,7172,Corriente,COP,72
ACC00002509346,CLI00002509,21331,Ahorros,COP,64
ACC00002510147,CLI00002510,5685,Ahorros,COP,2
ACC00002510861,CLI00002510,2031,Corriente,COP,93
ACC00002510538,CLI00002510,80537,Ahorros,COP,29
ACC00002511231,CLI00002511,4645,Ahorros,COP,42
ACC00002511585,CLI00002511,4474,Corriente,COP,32
ACC00002512956,CLI00002512,3529,Ahorros,COP,25
ACC00002513771,CLI00002513,1316,CDT,COP,114
ACC00002514403,CLI00002514,2077,Ahorros,COP,73
ACC00002514533,CLI00002514,1336,Ahorros,COP,42
ACC00002514156,CLI00002514,385,Ahorros,COP,108
ACC00002515301,CLI00002515,11421,Corriente,COP,44
ACC00002516309,CLI00002516,3061,Ahorros,COP,97
ACC00002517768,CLI00002517,2377,Corriente,COP,101
ACC00002517768,CLI00002517,3984,Corriente,COP,65
ACC00002518217,CLI00002518,4884,Corriente,COP,56
ACC00002518429,CLI00002518,1054,CDT,COP,81
ACC00002518788,CLI00002518,29910,Corriente,COP,84
ACC00002519498,CLI00002519,615,Ahorros,COP,86
ACC00002520524,CLI00002520,3077,Nomina,COP,37
ACC00002521797,CLI00002521,2470,Ahorros,COP,43
ACC00002521121,CLI00002521,2913,Corriente,COP,13
ACC00002521205,CLI00002521,4834,Ahorros,COP,87
ACC00002522937,CLI00002522,9576,Ahorros,COP,114
ACC00002522707,CLI00002522,2501,Ahorros,COP,40
ACC00002522501,CLI00002522,23787,Ahorros,COP,34
ACC00002523131,CLI00002523,3202,CDT,COP,66
ACC00002523970,CLI00002523,1615,CDT,COP,85
ACC00002524543,CLI00002524,1103,Ahorros,COP,32
ACC00002524456,CLI00002524,16326,Ahorros,COP,104
ACC00002525795,CLI00002525,464,Corriente,COP,2
ACC00002525119,CLI00002525,2051,Corriente,COP,30
ACC00002525429,CLI00002525,264,Nomina,COP,119
ACC00002526568,CLI00002526,1771,Corriente,COP,6
ACC00002527444,CLI00002527,2025,Ahorros,COP,53
ACC00002527620,CLI00002527,692,Ahorros,COP,14
ACC00002528100,CLI00002528,3676,CDT,COP,26
ACC00002529878,CLI00002529,3131,Ahorros,COP,15
ACC00002529337,CLI00002529,5914,Ahorros,COP,104
ACC00002530982,CLI00002530,2479,Ahorros,COP,67
ACC00002530514,CLI00002530,238,Ahorros,COP,14
ACC00002531973,CLI00002531,1662,Ahorros,COP,18
ACC00002532386,CLI00002532,4218,Ahorros,COP,24
ACC00002532202,CLI00002532,2015,Ahorros,COP,53
ACC00002533660,CLI00002533,5421,Corriente,COP,48
ACC00002533459,CLI00002533,90308,Corriente,COP,50
ACC00002534531,CLI00002534,714,Corriente,COP,4
ACC00002534595,CLI00002534,22456,Corriente,COP,21
ACC00002534246,CLI00002534,1403,Corriente,COP,45
ACC00002535361,CLI00002535,2036,Ahorros,COP,72
ACC00002535479,CLI00002535,1861,CDT,COP,112
ACC00002536414,CLI00002536,73,Corriente,COP,37
ACC00002537283,CLI00002537,4874,CDT,COP,70
ACC00002537406,CLI00002537,2372,Corriente,COP,102
ACC00002537887,CLI00002537,3674,Ahorros,COP,47
ACC00002538536,CLI00002538,1326,Corriente,COP,32
ACC00002538754,CLI00002538,3705,Ahorros,COP,23
ACC00002539893,CLI00002539,5210,Ahorros,COP,37
ACC00002540541,CLI00002540,1366,Ahorros,COP,54
ACC00002540184,CLI00002540,344,Corriente,COP,82
ACC00002540974,CLI00002540,8782,Corriente,COP,34
ACC00002541589,CLI00002541,1110,Ahorros,COP,56
ACC00002541761,CLI00002541,8475,Ahorros,COP,17
ACC00002541309,CLI00002541,3215,CDT,COP,44
ACC00002542347,CLI00002542,3316,Ahorros,COP,9
ACC00002543648,CLI00002543,2319,Ahorros,COP,30
ACC00002543508,CLI00002543,1982,Ahorros,COP,31
ACC00002543756,CLI00002543,8395,Corriente,COP,68
ACC00002544396,CLI00002544,5777,CDT,COP,107
ACC00002544844,CLI00002544,10826,Ahorros,COP,61
ACC00002544308,CLI00002544,8274,Corriente,COP,59
ACC00002545123,CLI00002545,400,Ahorros,COP,47
ACC00002545461,CLI00002545,5675,Ahorros,COP,45
ACC00002546174,CLI00002546,1888,Nomina,COP,64
ACC00002546408,CLI00002546,1187,Nomina,COP,46
ACC00002547874,CLI00002547,12141,Corriente,COP,43
ACC00002547755,CLI00002547,12339,CDT,COP,2
ACC00002548852,CLI00002548,6040,Nomina,COP,78
ACC00002548342,CLI00002548,21160,Ahorros,COP,50
ACC00002548647,CLI00002548,6925,Ahorros,COP,30
ACC00002549428,CLI00002549,11270,Ahorros,COP,10
ACC00002549926,CLI00002549,6209,Ahorros,COP,84
ACC00002550453,CLI00002550,22448,Ahorros,COP,66
ACC00002551400,CLI00002551,33109,Corriente,COP,67
ACC00002551410,CLI00002551,1633,Corriente,COP,98
ACC00002552131,CLI00002552,9545,Ahorros,COP,79
ACC00002552119,CLI00002552,988,Ahorros,COP,90
ACC00002553173,CLI00002553,1182,Corriente,COP,62
ACC00002553515,CLI00002553,7278,Ahorros,COP,20
ACC00002554906,CLI00002554,964,Ahorros,COP,2
ACC00002555642,CLI00002555,1989,Ahorros,COP,95
ACC00002555205,CLI00002555,24336,Ahorros,COP,118
ACC00002555479,CLI00002555,23515,Corriente,COP,118
ACC00002556324,CLI00002556,3370,Ahorros,COP,104
ACC00002557197,CLI00002557,1485,Ahorros,COP,44
ACC00002558736,CLI00002558,21940,Ahorros,COP,26
ACC00002558640,CLI00002558,19396,Nomina,COP,45
ACC00002559290,CLI00002559,3185,Ahorros,COP,108
ACC00002559340,CLI00002559,751,CDT,COP,89
ACC00002559475,CLI00002559,4146,Ahorros,COP,29
ACC00002560365,CLI00002560,679,Nomina,COP,62
ACC00002560913,CLI00002560,1049,Ahorros,COP,116
ACC00002560263,CLI00002560,15970,Ahorros,COP,91
ACC00002561414,CLI00002561,649,Corriente,COP,42
ACC00002561322,CLI00002561,1829,Ahorros,COP,74
ACC00002562848,CLI00002562,965,Corriente,COP,6
ACC00002562925,CLI00002562,1099,Ahorros,COP,13
ACC00002563789,CLI00002563,3625,Corriente,COP,46
ACC00002563265,CLI00002563,17283,Corriente,COP,57
ACC00002563423,CLI00002563,5282,Ahorros,COP,78
ACC00002564461,CLI00002564,13457,Ahorros,COP,53
ACC00002564838,CLI00002564,320,Corriente,COP,26
ACC00002564250,CLI00002564,13279,Nomina,COP,116
ACC00002565376,CLI00002565,377,Ahorros,COP,76
ACC00002566631,CLI00002566,1555,Nomina,COP,93
ACC00002566932,CLI00002566,15123,Ahorros,COP,111
ACC00002567257,CLI00002567,5769,Corriente,COP,8
ACC00002567226,CLI00002567,39463,Ahorros,COP,23
ACC00002567879,CLI00002567,2321,Corriente,COP,30
ACC00002568153,CLI00002568,3278,Ahorros,COP,45
ACC00002568737,CLI00002568,1008,Ahorros,COP,85
ACC00002569970,CLI00002569,5577,Ahorros,COP,55
ACC00002569109,CLI00002569,5839,Corriente,COP,51
ACC00002569118,CLI00002569,2762,CDT,COP,15
ACC00002570682,CLI00002570,621,Ahorros,COP,96
ACC00002570283,CLI00002570,2633,Corriente,COP,63
ACC00002570536,CLI00002570,17609,Ahorros,COP,110
ACC00002571630,CLI00002571,3275,Ahorros,COP,78
ACC00002571202,CLI00002571,6182,Corriente,COP,62
ACC00002572145,CLI00002572,1484,Ahorros,COP,56
ACC00002572640,CLI00002572,9401,Ahorros,COP,109
ACC00002572812,CLI00002572,760,Ahorros,COP,16
ACC00002573434,CLI00002573,8317,Corriente,COP,117
ACC00002573635,CLI00002573,5244,Ahorros,COP,39
ACC00002573347,CLI00002573,20316,Ahorros,COP,111
ACC00002574727,CLI00002574,1496,Ahorros,COP,23
ACC00002574589,CLI00002574,3474,Ahorros,COP,96
ACC00002575859,CLI00002575,2526,Ahorros,COP,82
ACC00002575253,CLI00002575,2231,Ahorros,COP,52
ACC00002575710,CLI00002575,1789,Nomina,COP,103
ACC00002576708,CLI00002576,437,Ahorros,COP,83
ACC00002577604,CLI00002577,1379,Ahorros,COP,87
ACC00002578753,CLI00002578,967,Nomina,COP,65
ACC00002578976,CLI00002578,5343,Corriente,COP,10
ACC00002579153,CLI00002579,2199,Corriente,COP,114
ACC00002580440,CLI00002580,1305,Nomina,COP,6
ACC00002581441,CLI00002581,4995,Corriente,COP,98
ACC00002581638,CLI00002581,3575,Corriente,COP,67
ACC00002582609,CLI00002582,56859,Corriente,COP,2
ACC00002582950,CLI00002582,4080,Ahorros,COP,18
ACC00002583177,CLI00002583,1138,CDT,COP,68
ACC00002583674,CLI00002583,1062,Corriente,COP,41
ACC00002583111,CLI00002583,570,Ahorros,COP,53
ACC00002584831,CLI00002584,17645,Ahorros,COP,49
ACC00002584352,CLI00002584,585,Ahorros,COP,57
ACC00002584461,CLI00002584,2448,Ahorros,COP,67
ACC00002585242,CLI00002585,4666,Ahorros,COP,104
ACC00002586729,CLI00002586,3338,Nomina,COP,81
ACC00002586359,CLI00002586,1973,Corriente,COP,39
ACC00002586656,CLI00002586,3511,Nomina,COP,70
ACC00002587535,CLI00002587,109,Corriente,COP,99
ACC00002588362,CLI00002588,6893,Nomina,COP,40
ACC00002588901,CLI00002588,3380,Ahorros,COP,100
ACC00002588277,CLI00002588,13920,Ahorros,COP,30
ACC00002589946,CLI00002589,1928,Ahorros,COP,26
ACC00002589713,CLI00002589,4120,Corriente,COP,29
ACC00002589440,CLI00002589,357,Corriente,COP,81
ACC00002590331,CLI00002590,749,Corriente,COP,119
ACC00002590617,CLI00002590,2805,Ahorros,COP,111
ACC00002591102,CLI00002591,1550,Ahorros,COP,98
ACC00002591621,CLI00002591,1477,Corriente,COP,46
ACC00002591431,CLI00002591,2576,Ahorros,COP,70
ACC00002592459,CLI00002592,1814,Ahorros,COP,49
ACC00002592477,CLI00002592,5045,Ahorros,COP,4
ACC00002593456,CLI00002593,897,Ahorros,COP,78
ACC00002593682,CLI00002593,2054,Ahorros,COP,31
ACC00002593770,CLI00002593,2741,Corriente,COP,57
ACC00002594557,CLI00002594,1323,Ahorros,COP,23
ACC00002594630,CLI00002594,346,Nomina,COP,64
ACC00002594752,CLI00002594,1905,Ahorros,COP,15
ACC00002595849,CLI00002595,3069,Corriente,COP,74
ACC00002596915,CLI00002596,676,Corriente,COP,57
ACC00002596233,CLI00002596,1763,Ahorros,COP,3
ACC00002596984,CLI00002596,1397,Corriente,COP,81
ACC00002597749,CLI00002597,19175,Ahorros,COP,23
ACC00002597297,CLI00002597,373,Corriente,COP,48
ACC00002597533,CLI00002597,48983,Nomina,COP,85
ACC00002598472,CLI00002598,294,Ahorros,COP,15
ACC00002598549,CLI00002598,5274,Ahorros,COP,111
ACC00002598818,CLI00002598,5274,Ahorros,COP,53
ACC00002599597,CLI00002599,4797,Ahorros,COP,40
ACC00002600539,CLI00002600,2522,Corriente,COP,110
ACC00002600443,CLI00002600,12429,Ahorros,COP,105
ACC00002601753,CLI00002601,11431,Ahorros,COP,96
ACC00002601334,CLI00002601,463,Corriente,COP,80
ACC00002601224,CLI00002601,3794,CDT,COP,1
ACC00002602982,CLI00002602,33076,Ahorros,COP,42
ACC00002602547,CLI00002602,4760,Corriente,COP,18
ACC00002602980,CLI00002602,30746,Ahorros,COP,17
ACC00002603996,CLI00002603,3763,Corriente,COP,16
ACC00002604454,CLI00002604,3667,Corriente,COP,93
ACC00002604121,CLI00002604,1098,Nomina,COP,51
ACC00002604720,CLI00002604,1714,Ahorros,COP,29
ACC00002605398,CLI00002605,6609,Ahorros,COP,105
ACC00002605462,CLI00002605,1361,Nomina,COP,6
ACC00002606977,CLI00002606,4403,Ahorros,COP,119
ACC00002606426,CLI00002606,339,Nomina,COP,4
ACC00002607290,CLI00002607,11126,Corriente,COP,99
ACC00002607193,CLI00002607,6010,Ahorros,COP,8
ACC00002607416,CLI00002607,14169,Ahorros,COP,35
ACC00002608240,CLI00002608,2820,Ahorros,COP,93
ACC00002608198,CLI00002608,52038,Corriente,COP,74
ACC00002608569,CLI00002608,5078,Ahorros,COP,45
ACC00002609669,CLI00002609,6505,Corriente,COP,90
ACC00002609265,CLI00002609,7721,Ahorros,COP,68
ACC00002609959,CLI00002609,2773,Ahorros,COP,80
ACC00002610413,CLI00002610,1125,Ahorros,COP,3
ACC00002610276,CLI00002610,1523,Ahorros,COP,109
ACC00002611803,CLI00002611,2604,CDT,COP,50
ACC00002611522,CLI00002611,5271,Ahorros,COP,119
ACC00002611309,CLI00002611,8762,Ahorros,COP,70
ACC00002612724,CLI00002612,4286,Ahorros,COP,39
ACC00002613210,CLI00002613,4637,Corriente,COP,20
ACC00002613604,CLI00002613,13116,Corriente,COP,92
ACC00002614378,CLI00002614,11169,Ahorros,COP,12
ACC00002614721,CLI00002614,376,Corriente,COP,91
ACC00002615751,CLI00002615,4273,Ahorros,COP,101
ACC00002616873,CLI00002616,398,CDT,COP,20
ACC00002617759,CLI00002617,61812,Nomina,COP,57
ACC00002618529,CLI00002618,597,Corriente,COP,89
ACC00002618870,CLI00002618,194682,Ahorros,COP,64
ACC00002619717,CLI00002619,5378,Ahorros,COP,94
ACC00002619716,CLI00002619,848,Corriente,COP,102
ACC00002619691,CLI00002619,5550,Corriente,COP,46
ACC00002620505,CLI00002620,1866,Ahorros,COP,75
ACC00002620849,CLI00002620,3083,Ahorros,COP,94
ACC00002621247,CLI00002621,1694,Ahorros,COP,17
ACC00002622437,CLI00002622,3758,Nomina,COP,48
ACC00002622635,CLI00002622,12079,Ahorros,COP,35
ACC00002622873,CLI00002622,10473,Ahorros,COP,36
ACC00002623722,CLI00002623,1779,Corriente,COP,13
ACC00002624570,CLI00002624,3269,Ahorros,COP,3
ACC00002624636,CLI00002624,1129,Nomina,COP,57
ACC00002625321,CLI00002625,1817,Corriente,COP,34
ACC00002625930,CLI00002625,1716,Ahorros,COP,98
ACC00002625949,CLI00002625,1739,Ahorros,COP,40
ACC00002626116,CLI00002626,1067,Ahorros,COP,58
ACC00002626706,CLI00002626,2509,Ahorros,COP,100
ACC00002627796,CLI00002627,1614,Ahorros,COP,6
ACC00002627390,CLI00002627,1186,Corriente,COP,118
ACC00002627352,CLI00002627,4157,Nomina,COP,80
ACC00002628971,CLI00002628,3316,Ahorros,COP,103
ACC00002628264,CLI00002628,22576,Corriente,COP,103
ACC00002629507,CLI00002629,1973,Corriente,COP,59
ACC00002630821,CLI00002630,25633,CDT,COP,87
ACC00002631530,CLI00002631,4426,Ahorros,COP,72
ACC00002631135,CLI00002631,4662,Corriente,COP,98
ACC00002631618,CLI00002631,473,Ahorros,COP,10
ACC00002632345,CLI00002632,15477,Corriente,COP,110
ACC00002632324,CLI00002632,393,Ahorros,COP,45
ACC00002633176,CLI00002633,1531,Nomina,COP,47
ACC00002633426,CLI00002633,461,Ahorros,COP,54
ACC00002633554,CLI00002633,5452,Ahorros,COP,87
ACC00002634276,CLI00002634,1116,CDT,COP,26
ACC00002635104,CLI00002635,220,Corriente,COP,35
ACC00002635369,CLI00002635,6359,Ahorros,COP,46
ACC00002636785,CLI00002636,2185,Ahorros,COP,111
ACC00002636956,CLI00002636,958,CDT,COP,24
ACC00002636840,CLI00002636,6849,Ahorros,COP,43
ACC00002637113,CLI00002637,7753,CDT,COP,82
ACC00002637871,CLI00002637,19847,Ahorros,COP,105
ACC00002637166,CLI00002637,7114,Ahorros,COP,112
ACC00002638165,CLI00002638,11965,Nomina,COP,107
ACC00002639769,CLI00002639,3454,Corriente,COP,46
ACC00002639707,CLI00002639,1305,Ahorros,COP,9
ACC00002640280,CLI00002640,1942,Corriente,COP,83
ACC00002640213,CLI00002640,2952,Ahorros,COP,106
ACC00002641987,CLI00002641,5896,Ahorros,COP,62
ACC00002641714,CLI00002641,31600,Ahorros,COP,106
ACC00002641294,CLI00002641,1274,Corriente,COP,95
ACC00002642512,CLI00002642,4657,Ahorros,COP,119
ACC00002642148,CLI00002642,3164,Ahorros,COP,94
ACC00002642762,CLI00002642,10210,Corriente,COP,76
ACC00002643762,CLI00002643,3327,Corriente,COP,90
ACC00002643237,CLI00002643,292,Ahorros,COP,80
ACC00002644563,CLI00002644,1087,Ahorros,COP,39
ACC00002644664,CLI00002644,1595,Ahorros,COP,28
ACC00002644118,CLI00002644,28081,Corriente,COP,98
ACC00002645817,CLI00002645,5764,Ahorros,COP,35
ACC00002645327,CLI00002645,896,CDT,COP,9
ACC00002646711,CLI00002646,1647,Corriente,COP,5
ACC00002646949,CLI00002646,1594,Ahorros,COP,41
ACC00002647810,CLI00002647,1275,Corriente,COP,37
ACC00002647824,CLI00002647,4573,Ahorros,COP,62
ACC00002647162,CLI00002647,12558,Corriente,COP,94
ACC00002648863,CLI00002648,2058,Corriente,COP,103
ACC00002649822,CLI00002649,4452,CDT,COP,114
ACC00002650872,CLI00002650,1508,CDT,COP,18
ACC00002650174,CLI00002650,21391,Ahorros,COP,115
ACC00002650442,CLI00002650,1309,Corriente,COP,34
ACC00002651748,CLI00002651,30213,CDT,COP,39
ACC00002652190,CLI00002652,14319,Corriente,COP,47
ACC00002653712,CLI00002653,3616,Ahorros,COP,54
ACC00002654433,CLI00002654,3925,CDT,COP,65
ACC00002654587,CLI00002654,3313,Corriente,COP,28
ACC00002654180,CLI00002654,4568,Nomina,COP,62
ACC00002655625,CLI00002655,1257,Nomina,COP,19
ACC00002655353,CLI00002655,575,CDT,COP,114
ACC00002655176,CLI00002655,1175,CDT,COP,104
ACC00002656703,CLI00002656,1186,Ahorros,COP,62
ACC00002657810,CLI00002657,15639,Corriente,COP,64
ACC00002657425,CLI00002657,5836,Ahorros,COP,23
ACC00002658974,CLI00002658,229,Ahorros,COP,91
ACC00002658640,CLI00002658,16881,Corriente,COP,65
ACC00002658515,CLI00002658,739,Ahorros,COP,65
ACC00002659656,CLI00002659,10973,Ahorros,COP,68
ACC00002659146,CLI00002659,12972,Nomina,COP,75
ACC00002660908,CLI00002660,4237,CDT,COP,56
ACC00002661480,CLI00002661,723,Ahorros,COP,114
ACC00002661780,CLI00002661,30139,Corriente,COP,68
ACC00002661202,CLI00002661,825,Ahorros,COP,24
ACC00002662845,CLI00002662,1397,Ahorros,COP,108
ACC00002663729,CLI00002663,6559,Ahorros,COP,45
ACC00002664735,CLI00002664,31618,Ahorros,COP,111
ACC00002665293,CLI00002665,8170,Corriente,COP,23
ACC00002665238,CLI00002665,666,Ahorros,COP,86
ACC00002665310,CLI00002665,105,Ahorros,COP,44
ACC00002666979,CLI00002666,594,Ahorros,COP,46
ACC00002666113,CLI00002666,4129,Ahorros,COP,32
ACC00002667662,CLI00002667,3390,CDT,COP,65
ACC00002667948,CLI00002667,767,Nomina,COP,78
ACC00002667886,CLI00002667,1004,Ahorros,COP,90
ACC00002668436,CLI00002668,4865,Ahorros,COP,104
ACC00002669827,CLI00002669,15274,Corriente,COP,35
ACC00002669454,CLI00002669,12557,Corriente,COP,40
ACC00002669792,CLI00002669,3330,Corriente,COP,110
ACC00002670850,CLI00002670,1889,Nomina,COP,64
ACC00002671481,CLI00002671,1061,Ahorros,COP,83
ACC00002671995,CLI00002671,284,Corriente,COP,67
ACC00002672668,CLI00002672,7984,Ahorros,COP,80
ACC00002672261,CLI00002672,2751,Ahorros,COP,18
ACC00002673520,CLI00002673,7621,Corriente,COP,77
ACC00002673778,CLI00002673,11635,Ahorros,COP,93
ACC00002673362,CLI00002673,3351,Corriente,COP,100
ACC00002674637,CLI00002674,5452,Corriente,COP,103
ACC00002675459,CLI00002675,3041,Corriente,COP,50
ACC00002675525,CLI00002675,1621,Corriente,COP,101
ACC00002675412,CLI00002675,3614,Corriente,COP,58
ACC00002676369,CLI00002676,2370,Corriente,COP,92
ACC00002676249,CLI00002676,7433,Ahorros,COP,74
ACC00002676344,CLI00002676,3556,Ahorros,COP,75
ACC00002677455,CLI00002677,1062,Nomina,COP,49
ACC00002677753,CLI00002677,4986,Ahorros,COP,76
ACC00002678708,CLI00002678,29286,Corriente,COP,71
ACC00002678647,CLI00002678,2684,Ahorros,COP,37
ACC00002678682,CLI00002678,17340,Ahorros,COP,85
ACC00002679933,CLI00002679,4745,Ahorros,COP,9
ACC00002679480,CLI00002679,13044,Corriente,COP,77
ACC00002679710,CLI00002679,3077,Ahorros,COP,85
ACC00002680118,CLI00002680,30148,Corriente,COP,104
ACC00002680841,CLI00002680,3292,Corriente,COP,112
ACC00002681689,CLI00002681,3649,Nomina,COP,39
ACC00002682726,CLI00002682,772,Ahorros,COP,52
ACC00002682946,CLI00002682,3290,Corriente,COP,32
ACC00002682172,CLI00002682,1471,Ahorros,COP,44
ACC00002683266,CLI00002683,3463,Nomina,COP,65
ACC00002683443,CLI00002683,2306,Corriente,COP,77
ACC00002684606,CLI00002684,1644,Ahorros,COP,52
ACC00002684784,CLI00002684,15647,Ahorros,COP,14
ACC00002685949,CLI00002685,57689,Corriente,COP,78
ACC00002685219,CLI00002685,6080,Ahorros,COP,72
ACC00002686945,CLI00002686,1764,Ahorros,COP,95
ACC00002686753,CLI00002686,16772,Ahorros,COP,9
ACC00002687779,CLI00002687,1349,Ahorros,COP,79
ACC00002687812,CLI00002687,1472,CDT,COP,82
ACC00002688352,CLI00002688,2055,CDT,COP,21
ACC00002688158,CLI00002688,2162,Ahorros,COP,79
ACC00002688235,CLI00002688,10333,Ahorros,COP,118
ACC00002689152,CLI00002689,73262,Ahorros,COP,33
ACC00002689341,CLI00002689,7839,CDT,COP,48
ACC00002689289,CLI00002689,852,Ahorros,COP,90
ACC00002690128,CLI00002690,12335,CDT,COP,34
ACC00002690832,CLI00002690,3754,Ahorros,COP,34
ACC00002690635,CLI00002690,2612,Ahorros,COP,73
ACC00002691956,CLI00002691,7713,CDT,COP,61
ACC00002692378,CLI00002692,220,Corriente,COP,35
ACC00002692938,CLI00002692,9289,Corriente,COP,80
ACC00002692973,CLI00002692,681,Corriente,COP,86
ACC00002693484,CLI00002693,780,CDT,COP,112
ACC00002693101,CLI00002693,3511,Corriente,COP,5
ACC00002694409,CLI00002694,10327,Ahorros,COP,31
ACC00002694765,CLI00002694,8249,Ahorros,COP,107
ACC00002694393,CLI00002694,2403,Ahorros,COP,84
ACC00002695701,CLI00002695,8777,Ahorros,COP,99
ACC00002695641,CLI00002695,1755,Ahorros,COP,38
ACC00002695303,CLI00002695,1497,Corriente,COP,76
ACC00002696687,CLI00002696,16495,CDT,COP,110
ACC00002696676,CLI00002696,5392,Corriente,COP,57
ACC00002697197,CLI00002697,2413,Corriente,COP,86
ACC00002697348,CLI00002697,7174,Corriente,COP,19
ACC00002698232,CLI00002698,8410,CDT,COP,64
ACC00002698886,CLI00002698,18308,Ahorros,COP,61
ACC00002698606,CLI00002698,548,Corriente,COP,4
ACC00002699364,CLI00002699,13659,Ahorros,COP,14
ACC00002699791,CLI00002699,20253,Corriente,COP,66
ACC00002700652,CLI00002700,3837,Ahorros,COP,62
ACC00002700579,CLI00002700,11906,CDT,COP,6
ACC00002700842,CLI00002700,192,Ahorros,COP,97
ACC00002701788,CLI00002701,19915,Corriente,COP,84
ACC00002701745,CLI00002701,1000,Ahorros,COP,3
ACC00002701894,CLI00002701,21058,CDT,COP,48
ACC00002702422,CLI00002702,2216,CDT,COP,41
ACC00002702329,CLI00002702,5025,Ahorros,COP,11
ACC00002703882,CLI00002703,10831,Ahorros,COP,69
ACC00002704792,CLI00002704,33225,Nomina,COP,35
ACC00002705990,CLI00002705,683,CDT,COP,111
ACC00002705818,CLI00002705,2591,Ahorros,COP,93
ACC00002706167,CLI00002706,428,Corriente,COP,118
ACC00002706399,CLI00002706,2873,Corriente,COP,1
ACC00002706473,CLI00002706,6431,Corriente,COP,17
ACC00002707901,CLI00002707,701,Corriente,COP,37
ACC00002708947,CLI00002708,871,Ahorros,COP,80
ACC00002709899,CLI00002709,639,Corriente,COP,78
ACC00002710559,CLI00002710,357,Ahorros,COP,106
ACC00002710526,CLI00002710,12034,Ahorros,COP,113
ACC00002710508,CLI00002710,7209,Corriente,COP,58
ACC00002711171,CLI00002711,12559,Corriente,COP,66
ACC00002711711,CLI00002711,3424,Corriente,COP,17
ACC00002712412,CLI00002712,2350,Corriente,COP,17
ACC00002712507,CLI00002712,1209,Ahorros,COP,52
ACC00002712316,CLI00002712,3361,Ahorros,COP,43
ACC00002713934,CLI00002713,3244,Ahorros,COP,44
ACC00002713239,CLI00002713,1734,Corriente,COP,19
ACC00002714598,CLI00002714,859,CDT,COP,68
ACC00002715856,CLI00002715,3205,Ahorros,COP,46
ACC00002715412,CLI00002715,6073,Nomina,COP,90
ACC00002716416,CLI00002716,2099,Ahorros,COP,39
ACC00002716227,CLI00002716,7095,CDT,COP,49
ACC00002716442,CLI00002716,14024,Ahorros,COP,64
ACC00002717506,CLI00002717,1350,Ahorros,COP,58
ACC00002717127,CLI00002717,16447,Corriente,COP,32
ACC00002717680,CLI00002717,2222,Nomina,COP,10
ACC00002718150,CLI00002718,551,Corriente,COP,3
ACC00002718167,CLI00002718,1378,Corriente,COP,108
ACC00002718663,CLI00002718,5127,Ahorros,COP,101
ACC00002719175,CLI00002719,1589,Corriente,COP,116
ACC00002719267,CLI00002719,5293,Corriente,COP,11
ACC00002719890,CLI00002719,5284,Corriente,COP,77
ACC00002720608,CLI00002720,4518,Corriente,COP,94
ACC00002720624,CLI00002720,1030,Ahorros,COP,109
ACC00002720652,CLI00002720,7896,Corriente,COP,41
ACC00002721850,CLI00002721,339,Ahorros,COP,16
ACC00002721704,CLI00002721,6348,Ahorros,COP,60
ACC00002721574,CLI00002721,3242,Ahorros,COP,42
ACC00002722768,CLI00002722,3892,Ahorros,COP,22
ACC00002722919,CLI00002722,2208,Nomina,COP,8
ACC00002723875,CLI00002723,3144,Ahorros,COP,93
ACC00002723492,CLI00002723,13886,CDT,COP,98
ACC00002723707,CLI00002723,3737,Ahorros,COP,94
ACC00002724138,CLI00002724,3354,Ahorros,COP,101
ACC00002724958,CLI00002724,4714,Corriente,COP,67
ACC00002725482,CLI00002725,14629,Ahorros,COP,96
ACC00002725121,CLI00002725,3805,Nomina,COP,32
ACC00002725986,CLI00002725,3040,Corriente,COP,42
ACC00002726332,CLI00002726,10844,Corriente,COP,111
ACC00002726321,CLI00002726,1889,Corriente,COP,68
ACC00002727375,CLI00002727,1592,Ahorros,COP,107
ACC00002728299,CLI00002728,995,CDT,COP,43
ACC00002729493,CLI00002729,88,Ahorros,COP,13
ACC00002729447,CLI00002729,3658,Ahorros,COP,36
ACC00002729211,CLI00002729,4466,Ahorros,COP,7
ACC00002730598,CLI00002730,5642,Corriente,COP,5
ACC00002730818,CLI00002730,2769,Ahorros,COP,89
ACC00002731982,CLI00002731,11992,Corriente,COP,30
ACC00002732791,CLI00002732,2821,Ahorros,COP,99
ACC00002732244,CLI00002732,10959,CDT,COP,100
ACC00002733609,CLI00002733,4793,Corriente,COP,43
ACC00002733598,CLI00002733,7613,CDT,COP,13
ACC00002733213,CLI00002733,3474,Ahorros,COP,78
ACC00002734225,CLI00002734,1344,Corriente,COP,20
ACC00002734716,CLI00002734,399,Ahorros,COP,73
ACC00002734125,CLI00002734,7441,Ahorros,COP,26
ACC00002735346,CLI00002735,11303,Ahorros,COP,44
ACC00002735140,CLI00002735,4732,Nomina,COP,91
ACC00002735948,CLI00002735,2657,Corriente,COP,102
ACC00002736837,CLI00002736,1741,Corriente,COP,78
ACC00002736683,CLI00002736,1170,Ahorros,COP,55
ACC00002737656,CLI00002737,2182,Corriente,COP,15
ACC00002737881,CLI00002737,9550,Ahorros,COP,24
ACC00002738191,CLI00002738,775,Corriente,COP,50
ACC00002738683,CLI00002738,23506,Ahorros,COP,80
ACC00002739331,CLI00002739,3351,Ahorros,COP,58
ACC00002740666,CLI00002740,2845,Ahorros,COP,82
ACC00002741224,CLI00002741,1932,CDT,COP,67
ACC00002741852,CLI00002741,15878,Corriente,COP,50
ACC00002742600,CLI00002742,1295,Ahorros,COP,111
ACC00002742863,CLI00002742,13491,Ahorros,COP,61
ACC00002742765,CLI00002742,5987,Corriente,COP,56
ACC00002743415,CLI00002743,716,CDT,COP,16
ACC00002744608,CLI00002744,2858,Corriente,COP,109
ACC00002744436,CLI00002744,775,Ahorros,COP,56
ACC00002745590,CLI00002745,1184,CDT,COP,17
ACC00002745401,CLI00002745,11365,Corriente,COP,27
ACC00002745343,CLI00002745,16858,Ahorros,COP,115
ACC00002746113,CLI00002746,3270,Corriente,COP,43
ACC00002746901,CLI00002746,1297,Ahorros,COP,89
ACC00002747545,CLI00002747,1899,Nomina,COP,3
ACC00002747353,CLI00002747,293,Corriente,COP,51
ACC00002748844,CLI00002748,2434,Ahorros,COP,12
ACC00002748210,CLI00002748,6773,CDT,COP,40
ACC00002749687,CLI00002749,3120,Ahorros,COP,103
ACC00002749724,CLI00002749,3017,Corriente,COP,16
ACC00002749632,CLI00002749,3952,Ahorros,COP,100
ACC00002750339,CLI00002750,1437,Ahorros,COP,65
ACC00002750689,CLI00002750,18920,CDT,COP,10
ACC00002751345,CLI00002751,1343,Ahorros,COP,11
ACC00002751311,CLI00002751,1070,Ahorros,COP,37
ACC00002752160,CLI00002752,202,CDT,COP,44
ACC00002753788,CLI00002753,1151,Ahorros,COP,6
ACC00002753690,CLI00002753,1112,Corriente,COP,108
ACC00002753872,CLI00002753,1887,Ahorros,COP,81
ACC00002754340,CLI00002754,1465,CDT,COP,52
ACC00002755464,CLI00002755,975,Ahorros,COP,87
ACC00002756983,CLI00002756,4768,Corriente,COP,72
ACC00002757791,CLI00002757,4409,Ahorros,COP,95
ACC00002758276,CLI00002758,2844,Ahorros,COP,96
ACC00002758735,CLI00002758,3119,Corriente,COP,50
ACC00002759901,CLI00002759,409,Nomina,COP,70
ACC00002759968,CLI00002759,15881,Ahorros,COP,64
ACC00002760609,CLI00002760,4040,Ahorros,COP,112
ACC00002760744,CLI00002760,589,Ahorros,COP,12
ACC00002760899,CLI00002760,1230,Nomina,COP,108
ACC00002761568,CLI00002761,2641,Ahorros,COP,73
ACC00002762577,CLI00002762,182,Ahorros,COP,28
ACC00002763720,CLI00002763,978,Corriente,COP,87
ACC00002763371,CLI00002763,1829,Ahorros,COP,82
ACC00002764168,CLI00002764,22168,CDT,COP,68
ACC00002764252,CLI00002764,30010,Corriente,COP,36
ACC00002764442,CLI00002764,2613,Ahorros,COP,94
ACC00002765920,CLI00002765,5134,Corriente,COP,64
ACC00002765882,CLI00002765,983,Ahorros,COP,92
ACC00002766966,CLI00002766,1440,CDT,COP,110
ACC00002767427,CLI00002767,345,CDT,COP,104
ACC00002768393,CLI00002768,1006,Ahorros,COP,2
ACC00002768437,CLI00002768,2390,Ahorros,COP,90
ACC00002768391,CLI00002768,557,Ahorros,COP,99
ACC00002769669,CLI00002769,7388,Corriente,COP,71
ACC00002769995,CLI00002769,28746,Ahorros,COP,5
ACC00002769396,CLI00002769,4532,Corriente,COP,1
ACC00002770774,CLI00002770,4073,Ahorros,COP,90
ACC00002770245,CLI00002770,9045,Ahorros,COP,30
ACC00002771145,CLI00002771,2676,Corriente,COP,103
ACC00002772406,CLI00002772,4198,CDT,COP,13
ACC00002772976,CLI00002772,14595,Corriente,COP,47
ACC00002773616,CLI00002773,16258,Ahorros,COP,46
ACC00002773901,CLI00002773,8499,Ahorros,COP,53
ACC00002774416,CLI00002774,1111,Ahorros,COP,39
ACC00002774978,CLI00002774,9478,Ahorros,COP,50
ACC00002774943,CLI00002774,3272,Ahorros,COP,39
ACC00002775219,CLI00002775,24836,Corriente,COP,111
ACC00002776537,CLI00002776,9886,Ahorros,COP,89
ACC00002776440,CLI00002776,4293,Ahorros,COP,24
ACC00002776385,CLI00002776,958,Ahorros,COP,49
ACC00002777478,CLI00002777,9746,Corriente,COP,18
ACC00002777600,CLI00002777,1572,Corriente,COP,22
ACC00002777705,CLI00002777,1325,Ahorros,COP,104
ACC00002778390,CLI00002778,1476,Ahorros,COP,47
ACC00002778685,CLI00002778,3768,Ahorros,COP,27
ACC00002778613,CLI00002778,16510,Ahorros,COP,56
ACC00002779993,CLI00002779,4099,Corriente,COP,34
ACC00002779343,CLI00002779,3664,Corriente,COP,117
ACC00002780196,CLI00002780,5650,Ahorros,COP,33
ACC00002781944,CLI00002781,972,Ahorros,COP,20
ACC00002781533,CLI00002781,1131,Ahorros,COP,110
ACC00002781885,CLI00002781,4287,Ahorros,COP,116
ACC00002782489,CLI00002782,884,CDT,COP,87
ACC00002782519,CLI00002782,1403,Nomina,COP,7
ACC00002783340,CLI00002783,5857,Ahorros,COP,108
ACC00002784244,CLI00002784,2378,Corriente,COP,41
ACC00002784616,CLI00002784,5959,CDT,COP,90
ACC00002784256,CLI00002784,1718,Ahorros,COP,19
ACC00002785823,CLI00002785,4653,Ahorros,COP,69
ACC00002785720,CLI00002785,2217,CDT,COP,109
ACC00002786714,CLI00002786,3881,Corriente,COP,88
ACC00002786838,CLI00002786,1066,CDT,COP,41
ACC00002787670,CLI00002787,1708,Nomina,COP,32
ACC00002787720,CLI00002787,8407,Corriente,COP,54
ACC00002787485,CLI00002787,10175,Nomina,COP,13
ACC00002788321,CLI00002788,1210,Ahorros,COP,45
ACC00002788327,CLI00002788,13779,Corriente,COP,93
ACC00002789815,CLI00002789,2929,Ahorros,COP,107
ACC00002789225,CLI00002789,23067,CDT,COP,118
ACC00002790653,CLI00002790,3014,Ahorros,COP,98
ACC00002790532,CLI00002790,1422,Ahorros,COP,51
ACC00002791337,CLI00002791,261,Corriente,COP,92
ACC00002791710,CLI00002791,2366,Corriente,COP,66
ACC00002792735,CLI00002792,2085,Corriente,COP,35
ACC00002792776,CLI00002792,6277,CDT,COP,93
ACC00002792129,CLI00002792,2161,Ahorros,COP,74
ACC00002793713,CLI00002793,786,Ahorros,COP,41
ACC00002793596,CLI00002793,4886,Corriente,COP,105
ACC00002794621,CLI00002794,14524,Corriente,COP,11
ACC00002794672,CLI00002794,359,Corriente,COP,52
ACC00002794836,CLI00002794,1520,Ahorros,COP,102
ACC00002795969,CLI00002795,1582,Ahorros,COP,32
ACC00002795729,CLI00002795,52134,Ahorros,COP,38
ACC00002796145,CLI00002796,818,Corriente,COP,10
ACC00002797630,CLI00002797,6488,Ahorros,COP,35
ACC00002798464,CLI00002798,3164,Ahorros,COP,14
ACC00002798695,CLI00002798,3902,Ahorros,COP,69
ACC00002798153,CLI00002798,6260,Corriente,COP,40
ACC00002799669,CLI00002799,3313,Ahorros,COP,30
ACC00002799979,CLI00002799,1962,CDT,COP,49
ACC00002799561,CLI00002799,774,Ahorros,COP,20
ACC00002800980,CLI00002800,909,Corriente,COP,55
ACC00002800336,CLI00002800,1376,Ahorros,COP,119
ACC00002800268,CLI00002800,5054,Corriente,COP,77
ACC00002801996,CLI00002801,15565,Ahorros,COP,46
ACC00002801981,CLI00002801,1909,Ahorros,COP,38
ACC00002802492,CLI00002802,1289,Corriente,COP,72
ACC00002803273,CLI00002803,5263,Ahorros,COP,115
ACC00002804437,CLI00002804,14229,CDT,COP,11
ACC00002804419,CLI00002804,1358,Corriente,COP,22
ACC00002804624,CLI00002804,401,CDT,COP,28
ACC00002805151,CLI00002805,6583,Corriente,COP,4
ACC00002805899,CLI00002805,938,Corriente,COP,36
ACC00002806398,CLI00002806,6349,Corriente,COP,95
ACC00002806505,CLI00002806,1004,Corriente,COP,107
ACC00002806496,CLI00002806,1237,Ahorros,COP,37
ACC00002807793,CLI00002807,837,CDT,COP,7
ACC00002807551,CLI00002807,3595,CDT,COP,23
ACC00002808452,CLI00002808,6482,Ahorros,COP,59
ACC00002809414,CLI00002809,22263,CDT,COP,109
ACC00002809243,CLI00002809,1279,Ahorros,COP,41
ACC00002809977,CLI00002809,7625,Ahorros,COP,98
ACC00002810337,CLI00002810,396,Corriente,COP,85
ACC00002810673,CLI00002810,1293,Corriente,COP,50
ACC00002810502,CLI00002810,4422,Nomina,COP,50
ACC00002811748,CLI00002811,2102,Corriente,COP,27
ACC00002811488,CLI00002811,781,Corriente,COP,16
ACC00002812516,CLI00002812,19979,Nomina,COP,76
ACC00002813474,CLI00002813,797,Corriente,COP,66
ACC00002813507,CLI00002813,16825,Ahorros,COP,102
ACC00002813834,CLI00002813,2295,Ahorros,COP,115
ACC00002814102,CLI00002814,3006,Ahorros,COP,41
ACC00002815563,CLI00002815,648,Ahorros,COP,47
ACC00002815516,CLI00002815,13312,Corriente,COP,25
ACC00002816174,CLI00002816,2288,Ahorros,COP,33
ACC00002816486,CLI00002816,1514,Ahorros,COP,19
ACC00002817974,CLI00002817,45,Ahorros,COP,85
ACC00002817622,CLI00002817,17439,Corriente,COP,116
ACC00002817586,CLI00002817,298,Corriente,COP,26
ACC00002818968,CLI00002818,32386,Ahorros,COP,119
ACC00002818991,CLI00002818,1292,Ahorros,COP,44
ACC00002819572,CLI00002819,15358,Ahorros,COP,1
ACC00002819352,CLI00002819,4545,Ahorros,COP,46
ACC00002819510,CLI00002819,1509,Ahorros,COP,7
ACC00002820720,CLI00002820,1827,Corriente,COP,2
ACC00002821703,CLI00002821,2631,CDT,COP,112
ACC00002821867,CLI00002821,702,Corriente,COP,23
ACC00002821691,CLI00002821,436,Corriente,COP,73
ACC00002822461,CLI00002822,10481,Corriente,COP,1
ACC00002822193,CLI00002822,3848,Ahorros,COP,9
ACC00002823844,CLI00002823,836,Ahorros,COP,65
ACC00002823875,CLI00002823,477,CDT,COP,80
ACC00002823973,CLI00002823,1860,CDT,COP,39
ACC00002824103,CLI00002824,198,Ahorros,COP,54
ACC00002824519,CLI00002824,2360,Ahorros,COP,13
ACC00002824828,CLI00002824,2189,CDT,COP,58
ACC00002825181,CLI00002825,681,Ahorros,COP,34
ACC00002825574,CLI00002825,1291,Corriente,COP,101
ACC00002825165,CLI00002825,2976,Corriente,COP,35
ACC00002826131,CLI00002826,400,Nomina,COP,7
ACC00002826480,CLI00002826,4526,Ahorros,COP,58
ACC00002826113,CLI00002826,2167,CDT,COP,75
ACC00002827490,CLI00002827,2133,Ahorros,COP,97
ACC00002827284,CLI00002827,989,Corriente,COP,82
ACC00002827541,CLI00002827,6318,CDT,COP,15
ACC00002828371,CLI00002828,229,Corriente,COP,96
ACC00002829710,CLI00002829,1006,CDT,COP,15
ACC00002829430,CLI00002829,3507,Corriente,COP,20
ACC00002829196,CLI00002829,17754,Corriente,COP,3
ACC00002830888,CLI00002830,3913,CDT,COP,69
ACC00002830721,CLI00002830,2283,Corriente,COP,33
ACC00002831440,CLI00002831,432,Corriente,COP,106
ACC00002831331,CLI00002831,7290,Corriente,COP,14
ACC00002831388,CLI00002831,5905,Ahorros,COP,60
ACC00002832934,CLI00002832,131,Corriente,COP,79
ACC00002832112,CLI00002832,6550,Ahorros,COP,74
ACC00002832939,CLI00002832,6996,Ahorros,COP,33
ACC00002833917,CLI00002833,1457,Ahorros,COP,84
ACC00002833505,CLI00002833,1442,Corriente,COP,64
ACC00002833234,CLI00002833,2766,Corriente,COP,20
ACC00002834722,CLI00002834,763,CDT,COP,67
ACC00002834169,CLI00002834,1052,Ahorros,COP,110
ACC00002835252,CLI00002835,2144,Nomina,COP,20
ACC00002835966,CLI00002835,10855,Ahorros,COP,31
ACC00002835691,CLI00002835,1388,Corriente,COP,42
ACC00002836397,CLI00002836,496,Corriente,COP,67
ACC00002836284,CLI00002836,19244,Corriente,COP,61
ACC00002836386,CLI00002836,788,Corriente,COP,109
ACC00002837341,CLI00002837,12373,Corriente,COP,26
ACC00002837430,CLI00002837,2939,Ahorros,COP,92
ACC00002838935,CLI00002838,660,Corriente,COP,41
ACC00002838931,CLI00002838,1136,Ahorros,COP,24
ACC00002838859,CLI00002838,1826,Ahorros,COP,44
ACC00002839651,CLI00002839,1530,Nomina,COP,28
ACC00002839370,CLI00002839,7988,Ahorros,COP,30
ACC00002839137,CLI00002839,3574,Corriente,COP,27
ACC00002840783,CLI00002840,1510,Ahorros,COP,39
ACC00002840457,CLI00002840,1643,Nomina,COP,20
ACC00002841324,CLI00002841,47708,Ahorros,COP,115
ACC00002841682,CLI00002841,2487,Ahorros,COP,22
ACC00002841627,CLI00002841,3440,Corriente,COP,30
ACC00002842548,CLI00002842,4816,Ahorros,COP,116
ACC00002842627,CLI00002842,3166,Ahorros,COP,23
ACC00002843793,CLI00002843,5796,Ahorros,COP,113
ACC00002843953,CLI00002843,2203,Ahorros,COP,82
ACC00002843910,CLI00002843,1541,CDT,COP,24
ACC00002844259,CLI00002844,6240,Ahorros,COP,7
ACC00002845756,CLI00002845,1251,Ahorros,COP,19
ACC00002846916,CLI00002846,3352,Ahorros,COP,34
ACC00002846636,CLI00002846,2595,Corriente,COP,37
ACC00002847635,CLI00002847,3131,Ahorros,COP,27
ACC00002848185,CLI00002848,13192,Ahorros,COP,27
ACC00002848312,CLI00002848,1549,Ahorros,COP,81
ACC00002848852,CLI00002848,474,Corriente,COP,45
ACC00002849681,CLI00002849,5025,Ahorros,COP,90
ACC00002849773,CLI00002849,598,Nomina,COP,1
ACC00002850680,CLI00002850,1266,Corriente,COP,97
ACC00002851676,CLI00002851,522,Ahorros,COP,79
ACC00002851314,CLI00002851,8910,Ahorros,COP,42
ACC00002852612,CLI00002852,3890,Corriente,COP,61
ACC00002853753,CLI00002853,700,CDT,COP,56
ACC00002853428,CLI00002853,5003,Ahorros,COP,43
ACC00002854927,CLI00002854,2623,Nomina,COP,57
ACC00002854658,CLI00002854,2537,Ahorros,COP,70
ACC00002854784,CLI00002854,5606,Ahorros,COP,48
ACC00002855908,CLI00002855,2880,Ahorros,COP,107
ACC00002855441,CLI00002855,1618,Ahorros,COP,16
ACC00002856149,CLI00002856,417,Corriente,COP,7
ACC00002857679,CLI00002857,767,CDT,COP,66
ACC00002858175,CLI00002858,6534,Nomina,COP,95
ACC00002859607,CLI00002859,3554,Ahorros,COP,52
ACC00002860735,CLI00002860,1018,Corriente,COP,85
ACC00002860757,CLI00002860,339,Ahorros,COP,1
ACC00002861651,CLI00002861,203,Corriente,COP,69
ACC00002861525,CLI00002861,2793,Ahorros,COP,112
ACC00002862153,CLI00002862,11997,Corriente,COP,93
ACC00002863907,CLI00002863,185,Ahorros,COP,39
ACC00002863426,CLI00002863,40746,Ahorros,COP,67
ACC00002863140,CLI00002863,2827,Corriente,COP,80
ACC00002864456,CLI00002864,753,Corriente,COP,10
ACC00002864951,CLI00002864,2030,Ahorros,COP,64
ACC00002865614,CLI00002865,567,Nomina,COP,49
ACC00002865930,CLI00002865,7964,Ahorros,COP,51
ACC00002865232,CLI00002865,971,Corriente,COP,46
ACC00002866957,CLI00002866,4644,Corriente,COP,22
ACC00002867220,CLI00002867,2156,Ahorros,COP,22
ACC00002868298,CLI00002868,1885,Nomina,COP,20
ACC00002869284,CLI00002869,8903,Ahorros,COP,66
ACC00002869139,CLI00002869,723,Corriente,COP,31
ACC00002870394,CLI00002870,1589,Ahorros,COP,25
ACC00002871698,CLI00002871,4586,Ahorros,COP,74
ACC00002871290,CLI00002871,619,Corriente,COP,44
ACC00002872957,CLI00002872,23217,Ahorros,COP,78
ACC00002873784,CLI00002873,720,Ahorros,COP,115
ACC00002874289,CLI00002874,49035,Corriente,COP,48
ACC00002874775,CLI00002874,1104,Corriente,COP,21
ACC00002874720,CLI00002874,958,CDT,COP,61
ACC00002875118,CLI00002875,11231,Corriente,COP,118
ACC00002875791,CLI00002875,1167,Ahorros,COP,47
ACC00002876420,CLI00002876,6631,Corriente,COP,37
ACC00002876512,CLI00002876,3820,Ahorros,COP,111
ACC00002876102,CLI00002876,40090,Corriente,COP,92
ACC00002877188,CLI00002877,4258,Corriente,COP,89
ACC00002877862,CLI00002877,2576,Ahorros,COP,22
ACC00002877817,CLI00002877,10792,Corriente,COP,83
ACC00002878966,CLI00002878,70680,Ahorros,COP,32
ACC00002878561,CLI00002878,273,Ahorros,COP,110
ACC00002879119,CLI00002879,2171,Ahorros,COP,8
ACC00002879245,CLI00002879,2387,Corriente,COP,62
ACC00002879894,CLI00002879,2291,Corriente,COP,22
ACC00002880962,CLI00002880,10158,Corriente,COP,104
ACC00002881772,CLI00002881,8840,Corriente,COP,41
ACC00002882470,CLI00002882,483,Ahorros,COP,83
ACC00002882434,CLI00002882,6180,CDT,COP,18
ACC00002882728,CLI00002882,3630,Ahorros,COP,47
ACC00002883493,CLI00002883,27491,Ahorros,COP,2
ACC00002883430,CLI00002883,2248,Ahorros,COP,65
ACC00002884157,CLI00002884,1385,CDT,COP,86
ACC00002884633,CLI00002884,1690,Ahorros,COP,65
ACC00002885160,CLI00002885,13775,Ahorros,COP,33
ACC00002885491,CLI00002885,2615,Ahorros,COP,106
ACC00002885732,CLI00002885,5362,CDT,COP,6
ACC00002886735,CLI00002886,2541,Ahorros,COP,21
ACC00002887947,CLI00002887,17039,Ahorros,COP,58
ACC00002887293,CLI00002887,2071,Ahorros,COP,18
ACC00002887172,CLI00002887,886,Corriente,COP,20
ACC00002888563,CLI00002888,1573,Corriente,COP,61
ACC00002889107,CLI00002889,2131,Corriente,COP,112
ACC00002889470,CLI00002889,1059,Ahorros,COP,14
ACC00002889865,CLI00002889,1318,Ahorros,COP,30
ACC00002890181,CLI00002890,1834,Corriente,COP,45
ACC00002891676,CLI00002891,1506,CDT,COP,79
ACC00002891982,CLI00002891,554,Ahorros,COP,109
ACC00002891170,CLI00002891,2859,Ahorros,COP,70
ACC00002892434,CLI00002892,557,Ahorros,COP,77
ACC00002892588,CLI00002892,5890,Ahorros,COP,78
ACC00002893921,CLI00002893,12178,Corriente,COP,27
ACC00002893370,CLI00002893,2216,Ahorros,COP,84
ACC00002893409,CLI00002893,1680,Nomina,COP,116
ACC00002894369,CLI00002894,21566,Corriente,COP,15
ACC00002895996,CLI00002895,183,Ahorros,COP,54
ACC00002895750,CLI00002895,9252,Ahorros,COP,37
ACC00002895941,CLI00002895,2524,Ahorros,COP,83
ACC00002896319,CLI00002896,526,Ahorros,COP,1
ACC00002896127,CLI00002896,750,Corriente,COP,37
ACC00002896658,CLI00002896,1023,Ahorros,COP,99
ACC00002897638,CLI00002897,2681,Ahorros,COP,83
ACC00002897275,CLI00002897,7037,CDT,COP,87
ACC00002898443,CLI00002898,9677,Nomina,COP,80
ACC00002898380,CLI00002898,5364,Ahorros,COP,75
ACC00002899224,CLI00002899,982,Corriente,COP,70
ACC00002900500,CLI00002900,1184,Corriente,COP,98
ACC00002901722,CLI00002901,18398,Ahorros,COP,83
ACC00002901651,CLI00002901,1803,CDT,COP,68
ACC00002901216,CLI00002901,717,Corriente,COP,77
ACC00002902768,CLI00002902,6820,Ahorros,COP,86
ACC00002903184,CLI00002903,21425,Ahorros,COP,102
ACC00002904104,CLI00002904,3155,Ahorros,COP,37
ACC00002904825,CLI00002904,3351,Ahorros,COP,21
ACC00002905984,CLI00002905,673,Ahorros,COP,42
ACC00002906530,CLI00002906,17489,Ahorros,COP,51
ACC00002906665,CLI00002906,19310,Corriente,COP,58
ACC00002906975,CLI00002906,601,Corriente,COP,65
ACC00002907799,CLI00002907,539,Ahorros,COP,109
ACC00002907148,CLI00002907,970,Ahorros,COP,104
ACC00002907769,CLI00002907,2013,Ahorros,COP,74
ACC00002908304,CLI00002908,651,Corriente,COP,3
ACC00002908274,CLI00002908,997,Corriente,COP,117
ACC00002909614,CLI00002909,894,Ahorros,COP,76
ACC00002910792,CLI00002910,6554,Corriente,COP,28
ACC00002910449,CLI00002910,9861,Ahorros,COP,80
ACC00002911244,CLI00002911,953,Ahorros,COP,116
ACC00002912494,CLI00002912,5872,Ahorros,COP,8
ACC00002913936,CLI00002913,2995,Corriente,COP,34
ACC00002913634,CLI00002913,5141,Ahorros,COP,63
ACC00002913696,CLI00002913,1986,Corriente,COP,55
ACC00002914160,CLI00002914,3550,Corriente,COP,94
ACC00002914202,CLI00002914,2832,Ahorros,COP,106
ACC00002915699,CLI00002915,6003,Ahorros,COP,86
ACC00002915563,CLI00002915,5677,Corriente,COP,9
ACC00002916855,CLI00002916,32604,Ahorros,COP,98
ACC00002916120,CLI00002916,6700,Ahorros,COP,77
ACC00002916371,CLI00002916,2551,Corriente,COP,26
ACC00002917499,CLI00002917,2536,Ahorros,COP,69
ACC00002917616,CLI00002917,9939,Ahorros,COP,83
ACC00002917484,CLI00002917,1922,Ahorros,COP,8
ACC00002918413,CLI00002918,2203,Corriente,COP,85
ACC00002918704,CLI00002918,2332,Corriente,COP,109
ACC00002919758,CLI00002919,1974,Nomina,COP,70
ACC00002919272,CLI00002919,2726,Ahorros,COP,45
ACC00002919772,CLI00002919,3209,Nomina,COP,116
ACC00002920199,CLI00002920,9087,Corriente,COP,112
ACC00002920307,CLI00002920,10151,Corriente,COP,115
ACC00002921203,CLI00002921,1948,Ahorros,COP,9
ACC00002922286,CLI00002922,12145,CDT,COP,54
ACC00002922825,CLI00002922,6747,CDT,COP,45
ACC00002923709,CLI00002923,6517,Nomina,COP,119
ACC00002924689,CLI00002924,3653,Ahorros,COP,60
ACC00002924989,CLI00002924,23238,Ahorros,COP,113
ACC00002925914,CLI00002925,2501,Ahorros,COP,87
ACC00002926674,CLI00002926,4774,CDT,COP,1
ACC00002926782,CLI00002926,2253,Ahorros,COP,74
ACC00002927579,CLI00002927,1094,Ahorros,COP,55
ACC00002927878,CLI00002927,2824,CDT,COP,98
ACC00002927351,CLI00002927,7902,CDT,COP,33
ACC00002928259,CLI00002928,1818,Ahorros,COP,82
ACC00002928858,CLI00002928,1872,Ahorros,COP,70
ACC00002928772,CLI00002928,3488,Corriente,COP,58
ACC00002929769,CLI00002929,2993,Corriente,COP,53
ACC00002929883,CLI00002929,1031,Corriente,COP,106
ACC00002929154,CLI00002929,7497,Ahorros,COP,78
ACC00002930530,CLI00002930,755,Corriente,COP,88
ACC00002930819,CLI00002930,2726,Ahorros,COP,69
ACC00002931270,CLI00002931,4441,Ahorros,COP,107
ACC00002932226,CLI00002932,742,Ahorros,COP,18
ACC00002932137,CLI00002932,2958,Ahorros,COP,9
ACC00002933502,CLI00002933,2177,Ahorros,COP,13
ACC00002933336,CLI00002933,14305,Corriente,COP,65
ACC00002933739,CLI00002933,5738,Nomina,COP,83
ACC00002934330,CLI00002934,3115,Ahorros,COP,115
ACC00002935279,CLI00002935,695,Corriente,COP,60
ACC00002935961,CLI00002935,84,Nomina,COP,87
ACC00002935389,CLI00002935,3087,Corriente,COP,49
ACC00002936870,CLI00002936,7623,Ahorros,COP,41
ACC00002937793,CLI00002937,3542,Ahorros,COP,109
ACC00002937103,CLI00002937,3531,Ahorros,COP,93
ACC00002938826,CLI00002938,10519,Corriente,COP,56
ACC00002938718,CLI00002938,5985,Corriente,COP,23
ACC00002939329,CLI00002939,278,Ahorros,COP,58
ACC00002939572,CLI00002939,17128,Ahorros,COP,108
ACC00002939708,CLI00002939,2539,Ahorros,COP,57
ACC00002940383,CLI00002940,4699,Ahorros,COP,26
ACC00002940370,CLI00002940,16722,Nomina,COP,91
ACC00002941955,CLI00002941,3061,Corriente,COP,49
ACC00002941374,CLI00002941,4083,Ahorros,COP,95
ACC00002941760,CLI00002941,7084,Nomina,COP,57
ACC00002942210,CLI00002942,1375,Corriente,COP,30
ACC00002943752,CLI00002943,10400,CDT,COP,15
ACC00002943470,CLI00002943,1415,CDT,COP,7
ACC00002943925,CLI00002943,2174,Corriente,COP,17
ACC00002944132,CLI00002944,3504,Corriente,COP,67
ACC00002944282,CLI00002944,7497,Ahorros,COP,26
ACC00002945745,CLI00002945,857,Ahorros,COP,118
ACC00002945818,CLI00002945,4099,Ahorros,COP,78
ACC00002946218,CLI00002946,12431,CDT,COP,4
ACC00002946979,CLI00002946,4329,Corriente,COP,29
ACC00002946526,CLI00002946,1252,Ahorros,COP,118
ACC00002947694,CLI00002947,3502,CDT,COP,33
ACC00002948685,CLI00002948,343,Corriente,COP,1
ACC00002948396,CLI00002948,2850,Corriente,COP,38
ACC00002949745,CLI00002949,874,Ahorros,COP,79
ACC00002950843,CLI00002950,3002,Ahorros,COP,43
ACC00002950613,CLI00002950,2318,Ahorros,COP,90
ACC00002950126,CLI00002950,3723,Corriente,COP,23
ACC00002951574,CLI00002951,4616,Nomina,COP,27
ACC00002951104,CLI00002951,1412,Corriente,COP,4
ACC00002952591,CLI00002952,4276,Nomina,COP,103
ACC00002952528,CLI00002952,7149,Ahorros,COP,18
ACC00002952689,CLI00002952,5075,Nomina,COP,46
ACC00002953388,CLI00002953,5860,CDT,COP,13
ACC00002954416,CLI00002954,21813,Ahorros,COP,107
ACC00002954327,CLI00002954,1327,CDT,COP,66
ACC00002955179,CLI00002955,5072,Ahorros,COP,21
ACC00002956794,CLI00002956,631,CDT,COP,39
ACC00002956241,CLI00002956,2360,Ahorros,COP,91
ACC00002956566,CLI00002956,2987,Ahorros,COP,38
ACC00002957991,CLI00002957,19635,Corriente,COP,12
ACC00002957993,CLI00002957,8607,Corriente,COP,99
ACC00002958937,CLI00002958,1404,CDT,COP,16
ACC00002959585,CLI00002959,4186,Corriente,COP,45
ACC00002959832,CLI00002959,2663,Corriente,COP,1
ACC00002960427,CLI00002960,332,Ahorros,COP,83
ACC00002961725,CLI00002961,3458,Corriente,COP,100
ACC00002961581,CLI00002961,9112,Corriente,COP,1
ACC00002962703,CLI00002962,475,Nomina,COP,74
ACC00002963801,CLI00002963,3385,Corriente,COP,35
ACC00002963172,CLI00002963,3470,Corriente,COP,57
ACC00002964763,CLI00002964,1840,Corriente,COP,82
ACC00002964439,CLI00002964,1105,Corriente,COP,67
ACC00002965518,CLI00002965,2727,Ahorros,COP,55
ACC00002966639,CLI00002966,4594,CDT,COP,100
ACC00002966298,CLI00002966,1865,Nomina,COP,101
ACC00002966555,CLI00002966,799,Ahorros,COP,79
ACC00002967164,CLI00002967,3947,Ahorros,COP,105
ACC00002968204,CLI00002968,5342,Ahorros,COP,62
ACC00002969730,CLI00002969,6709,Corriente,COP,78
ACC00002969417,CLI00002969,3283,Ahorros,COP,66
ACC00002969499,CLI00002969,2693,Corriente,COP,47
ACC00002970583,CLI00002970,5824,Ahorros,COP,118
ACC00002971645,CLI00002971,781,CDT,COP,66
ACC00002972640,CLI00002972,2574,Ahorros,COP,82
ACC00002972434,CLI00002972,4138,Corriente,COP,54
ACC00002973857,CLI00002973,17688,Ahorros,COP,66
ACC00002973784,CLI00002973,1296,Ahorros,COP,49
ACC00002974569,CLI00002974,1637,Ahorros,COP,17
ACC00002975743,CLI00002975,1874,CDT,COP,101
ACC00002975400,CLI00002975,14277,Ahorros,COP,95
ACC00002976851,CLI00002976,3026,Corriente,COP,29
ACC00002977657,CLI00002977,9076,Corriente,COP,42
ACC00002977946,CLI00002977,7004,Ahorros,COP,43
ACC00002978359,CLI00002978,2770,Corriente,COP,96
ACC00002978990,CLI00002978,3279,Ahorros,COP,27
ACC00002979113,CLI00002979,3704,Nomina,COP,9
ACC00002979742,CLI00002979,2078,Ahorros,COP,82
ACC00002980745,CLI00002980,780,Nomina,COP,85
ACC00002980575,CLI00002980,9565,Corriente,COP,70
ACC00002980243,CLI00002980,2785,Ahorros,COP,88
ACC00002981684,CLI00002981,319,CDT,COP,5
ACC00002982859,CLI00002982,8223,Corriente,COP,73
ACC00002982898,CLI00002982,994,Corriente,COP,10
ACC00002982188,CLI00002982,2257,Ahorros,COP,63
ACC00002983672,CLI00002983,3975,Corriente,COP,66
ACC00002983169,CLI00002983,3998,CDT,COP,102
ACC00002983233,CLI00002983,383,Ahorros,COP,112
ACC00002984851,CLI00002984,1144,Corriente,COP,53
ACC00002985772,CLI00002985,433,Ahorros,COP,86
ACC00002985677,CLI00002985,272,Corriente,COP,107
ACC00002986463,CLI00002986,525,Ahorros,COP,41
ACC00002986457,CLI00002986,10424,Nomina,COP,115
ACC00002987618,CLI00002987,13856,Corriente,COP,71
ACC00002988608,CLI00002988,3483,Ahorros,COP,42
ACC00002988744,CLI00002988,173356,CDT,COP,70
ACC00002988262,CLI00002988,1880,CDT,COP,111
ACC00002989484,CLI00002989,70664,Corriente,COP,77
ACC00002989699,CLI00002989,3028,Ahorros,COP,58
ACC00002989601,CLI00002989,2495,Corriente,COP,52
ACC00002990706,CLI00002990,1676,Ahorros,COP,24
ACC00002991206,CLI00002991,3784,Ahorros,COP,52
ACC00002991329,CLI00002991,6439,Corriente,COP,90
ACC00002992717,CLI00002992,179,Ahorros,COP,91
ACC00002993914,CLI00002993,4475,CDT,COP,59
ACC00002993386,CLI00002993,808,Corriente,COP,119
ACC00002994384,CLI00002994,15424,Corriente,COP,102
ACC00002995880,CLI00002995,624,Corriente,COP,76
ACC00002995359,CLI00002995,8627,Corriente,COP,66
ACC00002995863,CLI00002995,922,Ahorros,COP,106
ACC00002996453,CLI00002996,773,Corriente,COP,43
ACC00002996814,CLI00002996,914,CDT,COP,14
ACC00002996498,CLI00002996,2947,Ahorros,COP,70
ACC00002997246,CLI00002997,2314,CDT,COP,16
ACC00002997127,CLI00002997,437,Ahorros,COP,91
ACC00002998368,CLI00002998,1454,CDT,COP,19
ACC00002998543,CLI00002998,428,Ahorros,COP,50
ACC00002998391,CLI00002998,29910,Ahorros,COP,14
ACC00002999125,CLI00002999,2656,Nomina,COP,107
ACC00002999855,CLI00002999,1152,Ahorros,COP,20
ACC00002999582,CLI00002999,1214,Ahorros,COP,92
ACC00003000202,CLI00003000,4874,Corriente,COP,88
ACC00003001734,CLI00003001,4774,Corriente,COP,20
ACC00003001802,CLI00003001,1423,CDT,COP,90
ACC00003001622,CLI00003001,1642,Corriente,COP,9
ACC00003002981,CLI00003002,516,Nomina,COP,25
ACC00003002850,CLI00003002,11814,Corriente,COP,70
ACC00003003514,CLI00003003,5301,Ahorros,COP,48
ACC00003004874,CLI00003004,1854,Corriente,COP,103
ACC00003005515,CLI00003005,5956,Ahorros,COP,104
ACC00003006395,CLI00003006,681,Ahorros,COP,44
ACC00003006579,CLI00003006,8374,CDT,COP,1
ACC00003006697,CLI00003006,6212,Corriente,COP,31
ACC00003007250,CLI00003007,1616,Corriente,COP,81
ACC00003007982,CLI00003007,61711,Ahorros,COP,103
ACC00003007687,CLI00003007,223,Ahorros,COP,38
ACC00003008176,CLI00003008,1602,Ahorros,COP,9
ACC00003008635,CLI00003008,459,Corriente,COP,107
ACC00003009667,CLI00003009,167,Corriente,COP,85
ACC00003010149,CLI00003010,1312,Ahorros,COP,42
ACC00003010749,CLI00003010,3195,Ahorros,COP,81
ACC00003010482,CLI00003010,3847,Ahorros,COP,13
ACC00003011786,CLI00003011,2535,Nomina,COP,48
ACC00003011981,CLI00003011,2955,Ahorros,COP,103
ACC00003011317,CLI00003011,3021,Ahorros,COP,117
ACC00003012576,CLI00003012,715,Ahorros,COP,7
ACC00003012178,CLI00003012,2606,Nomina,COP,87
ACC00003013986,CLI00003013,4167,Ahorros,COP,14
ACC00003013200,CLI00003013,2365,Corriente,COP,88
ACC00003014210,CLI00003014,18138,Ahorros,COP,34
ACC00003015449,CLI00003015,1903,Ahorros,COP,12
ACC00003016491,CLI00003016,1174,CDT,COP,73
ACC00003016714,CLI00003016,1067,Corriente,COP,66
ACC00003016822,CLI00003016,5954,Ahorros,COP,44
ACC00003017321,CLI00003017,5219,CDT,COP,58
ACC00003017768,CLI00003017,5020,Ahorros,COP,63
ACC00003017929,CLI00003017,17042,Ahorros,COP,19
ACC00003018515,CLI00003018,1208,Corriente,COP,26
ACC00003018336,CLI00003018,5599,Nomina,COP,49
ACC00003019932,CLI00003019,3584,Ahorros,COP,61
ACC00003020831,CLI00003020,2812,Corriente,COP,45
ACC00003020475,CLI00003020,12840,Ahorros,COP,76
ACC00003020159,CLI00003020,15027,Ahorros,COP,1
ACC00003021952,CLI00003021,8114,Ahorros,COP,75
ACC00003022578,CLI00003022,4748,Corriente,COP,119
ACC00003023979,CLI00003023,598,Ahorros,COP,61
ACC00003024486,CLI00003024,721,Ahorros,COP,83
ACC00003024869,CLI00003024,29939,Ahorros,COP,81
ACC00003025606,CLI00003025,12710,Corriente,COP,87
ACC00003025547,CLI00003025,924,Corriente,COP,27
ACC00003026323,CLI00003026,2028,Ahorros,COP,82
ACC00003026130,CLI00003026,13531,Ahorros,COP,87
ACC00003027548,CLI00003027,4581,Ahorros,COP,7
ACC00003028958,CLI00003028,3526,Ahorros,COP,24
ACC00003028861,CLI00003028,37147,Corriente,COP,93
ACC00003028431,CLI00003028,1125,Nomina,COP,89
ACC00003029780,CLI00003029,5210,CDT,COP,91
ACC00003029592,CLI00003029,10248,Nomina,COP,40
ACC00003030497,CLI00003030,3860,Ahorros,COP,30
ACC00003031460,CLI00003031,16098,Corriente,COP,36
ACC00003032655,CLI00003032,2986,Nomina,COP,23
ACC00003033931,CLI00003033,9452,Ahorros,COP,31
ACC00003033990,CLI00003033,7879,Ahorros,COP,46
ACC00003033277,CLI00003033,6966,Ahorros,COP,60
ACC00003034905,CLI00003034,1719,Ahorros,COP,25
ACC00003034404,CLI00003034,1122,Ahorros,COP,17
ACC00003034949,CLI00003034,9381,Ahorros,COP,77
ACC00003035813,CLI00003035,3222,Corriente,COP,16
ACC00003036255,CLI00003036,13648,Ahorros,COP,116
ACC00003037808,CLI00003037,1647,CDT,COP,40
ACC00003037874,CLI00003037,1779,Ahorros,COP,79
ACC00003038259,CLI00003038,5085,Ahorros,COP,49
ACC00003038912,CLI00003038,1039,Ahorros,COP,35
ACC00003038736,CLI00003038,3758,Corriente,COP,45
ACC00003039646,CLI00003039,805,Ahorros,COP,93
ACC00003039814,CLI00003039,1378,Ahorros,COP,20
ACC00003039498,CLI00003039,1127,Ahorros,COP,115
ACC00003040247,CLI00003040,17400,Ahorros,COP,19
ACC00003041182,CLI00003041,10107,Ahorros,COP,89
ACC00003041666,CLI00003041,9729,Nomina,COP,75
ACC00003041193,CLI00003041,689,Nomina,COP,105
ACC00003042211,CLI00003042,857,CDT,COP,48
ACC00003042263,CLI00003042,2314,Ahorros,COP,103
ACC00003043729,CLI00003043,10888,CDT,COP,11
ACC00003043106,CLI00003043,1198,Corriente,COP,51
ACC00003043921,CLI00003043,2900,Corriente,COP,60
ACC00003044744,CLI00003044,2305,Corriente,COP,101
ACC00003044244,CLI00003044,1833,Ahorros,COP,92
ACC00003044871,CLI00003044,2624,Ahorros,COP,108
ACC00003045984,CLI00003045,875,CDT,COP,58
ACC00003045574,CLI00003045,450,CDT,COP,40
ACC00003046164,CLI00003046,409,Corriente,COP,107
ACC00003046518,CLI00003046,28533,Ahorros,COP,90
ACC00003046302,CLI00003046,1376,Ahorros,COP,98
ACC00003047891,CLI00003047,695,CDT,COP,43
ACC00003048652,CLI00003048,1292,Ahorros,COP,107
ACC00003049431,CLI00003049,1474,Ahorros,COP,86
ACC00003049678,CLI00003049,2810,Corriente,COP,2
ACC00003049403,CLI00003049,3570,Corriente,COP,108
ACC00003050513,CLI00003050,2360,Ahorros,COP,17
ACC00003050285,CLI00003050,31587,Ahorros,COP,44
ACC00003051487,CLI00003051,672,Ahorros,COP,50
ACC00003052925,CLI00003052,895,Corriente,COP,67
ACC00003052413,CLI00003052,3289,Ahorros,COP,7
ACC00003052856,CLI00003052,1721,Ahorros,COP,52
ACC00003053290,CLI00003053,2168,CDT,COP,97
ACC00003053791,CLI00003053,3897,Corriente,COP,104
ACC00003053127,CLI00003053,31230,Corriente,COP,89
ACC00003054756,CLI00003054,2969,Corriente,COP,39
ACC00003054758,CLI00003054,5903,Ahorros,COP,73
ACC00003055247,CLI00003055,13293,CDT,COP,57
ACC00003056659,CLI00003056,1758,Ahorros,COP,23
ACC00003056608,CLI00003056,515,Ahorros,COP,103
ACC00003056273,CLI00003056,22654,Ahorros,COP,58
ACC00003057548,CLI00003057,1370,Corriente,COP,92
ACC00003058250,CLI00003058,5177,Corriente,COP,86
ACC00003058141,CLI00003058,12727,Corriente,COP,20
ACC00003059925,CLI00003059,2532,Corriente,COP,41
ACC00003059535,CLI00003059,5353,Corriente,COP,107
ACC00003060146,CLI00003060,5058,Corriente,COP,38
ACC00003060285,CLI00003060,6645,Corriente,COP,41
ACC00003061178,CLI00003061,1606,Ahorros,COP,79
ACC00003062348,CLI00003062,42925,Ahorros,COP,69
ACC00003062982,CLI00003062,3053,Ahorros,COP,53
ACC00003062202,CLI00003062,18015,Corriente,COP,98
ACC00003063156,CLI00003063,470,Ahorros,COP,103
ACC00003063338,CLI00003063,4579,Ahorros,COP,30
ACC00003064597,CLI00003064,2251,Ahorros,COP,91
ACC00003065571,CLI00003065,10046,Ahorros,COP,83
ACC00003066786,CLI00003066,32080,Corriente,COP,57
ACC00003067889,CLI00003067,1109,CDT,COP,74
ACC00003067447,CLI00003067,4605,Nomina,COP,34
ACC00003067170,CLI00003067,1458,Corriente,COP,52
ACC00003068547,CLI00003068,5212,Ahorros,COP,62
ACC00003068199,CLI00003068,4927,Ahorros,COP,115
ACC00003069129,CLI00003069,504,Ahorros,COP,20
ACC00003070565,CLI00003070,322,Ahorros,COP,70
ACC00003070505,CLI00003070,451,Ahorros,COP,86
ACC00003071208,CLI00003071,10602,Ahorros,COP,77
ACC00003071391,CLI00003071,7198,Ahorros,COP,36
ACC00003071583,CLI00003071,4605,Ahorros,COP,58
ACC00003072361,CLI00003072,2839,Ahorros,COP,67
ACC00003072294,CLI00003072,3541,CDT,COP,45
ACC00003073650,CLI00003073,1254,Ahorros,COP,17
ACC00003073562,CLI00003073,1008,Corriente,COP,107
ACC00003073481,CLI00003073,1108,Ahorros,COP,15
ACC00003074732,CLI00003074,5947,Ahorros,COP,38
ACC00003074940,CLI00003074,3342,Ahorros,COP,107
ACC00003074903,CLI00003074,1873,Corriente,COP,85
ACC00003075713,CLI00003075,33327,CDT,COP,91
ACC00003075166,CLI00003075,4734,Corriente,COP,46
ACC00003076212,CLI00003076,9763,Ahorros,COP,49
ACC00003077645,CLI00003077,1974,Corriente,COP,105
ACC00003077261,CLI00003077,36902,Corriente,COP,7
ACC00003077754,CLI00003077,6319,Ahorros,COP,55
ACC00003078217,CLI00003078,8233,CDT,COP,13
ACC00003078709,CLI00003078,1993,Corriente,COP,32
ACC00003078937,CLI00003078,28729,Ahorros,COP,92
ACC00003079413,CLI00003079,385,Ahorros,COP,105
ACC00003080247,CLI00003080,1275,Ahorros,COP,106
ACC00003081230,CLI00003081,1307,Ahorros,COP,119
ACC00003082456,CLI00003082,34635,Ahorros,COP,93
ACC00003082568,CLI00003082,1960,Ahorros,COP,77
ACC00003082167,CLI00003082,6640,Ahorros,COP,99
ACC00003083717,CLI00003083,11918,Nomina,COP,63
ACC00003083790,CLI00003083,12435,Ahorros,COP,107
ACC00003084902,CLI00003084,6531,Corriente,COP,53
ACC00003084821,CLI00003084,1546,Ahorros,COP,26
ACC00003085807,CLI00003085,4002,Corriente,COP,61
ACC00003085593,CLI00003085,1964,Ahorros,COP,35
ACC00003086821,CLI00003086,10758,CDT,COP,7
ACC00003086616,CLI00003086,934,Nomina,COP,82
ACC00003086406,CLI00003086,7731,Ahorros,COP,41
ACC00003087919,CLI00003087,2458,CDT,COP,65
ACC00003087607,CLI00003087,3182,Nomina,COP,101
ACC00003087371,CLI00003087,44362,CDT,COP,37
ACC00003088591,CLI00003088,4730,Ahorros,COP,80
ACC00003088245,CLI00003088,818,Ahorros,COP,73
ACC00003088152,CLI00003088,18666,Ahorros,COP,35
ACC00003089618,CLI00003089,2832,Ahorros,COP,25
ACC00003090164,CLI00003090,1635,Corriente,COP,99
ACC00003091862,CLI00003091,4230,Nomina,COP,93
ACC00003091142,CLI00003091,10536,Ahorros,COP,49
ACC00003091927,CLI00003091,27811,Ahorros,COP,3
ACC00003092265,CLI00003092,11017,Ahorros,COP,114
ACC00003092643,CLI00003092,10614,CDT,COP,2
ACC00003093530,CLI00003093,1257,CDT,COP,16
ACC00003094522,CLI00003094,9246,Ahorros,COP,117
ACC00003094671,CLI00003094,20472,Ahorros,COP,106
ACC00003094219,CLI00003094,8119,Corriente,COP,108
ACC00003095953,CLI00003095,329,CDT,COP,93
ACC00003095818,CLI00003095,994,Corriente,COP,106
ACC00003095163,CLI00003095,1554,CDT,COP,37
ACC00003096269,CLI00003096,2343,Ahorros,COP,36
ACC00003097834,CLI00003097,62759,Ahorros,COP,71
ACC00003097116,CLI00003097,5220,Ahorros,COP,87
ACC00003098265,CLI00003098,11949,Corriente,COP,42
ACC00003099348,CLI00003099,11861,Corriente,COP,87
ACC00003100667,CLI00003100,1261,Corriente,COP,44
ACC00003101152,CLI00003101,27394,CDT,COP,23
ACC00003102500,CLI00003102,14184,Ahorros,COP,113
ACC00003102250,CLI00003102,11085,Ahorros,COP,14
ACC00003103979,CLI00003103,6693,Corriente,COP,8
ACC00003103505,CLI00003103,36627,Ahorros,COP,29
ACC00003103317,CLI00003103,1237,Ahorros,COP,48
ACC00003104548,CLI00003104,2374,Corriente,COP,116
ACC00003104193,CLI00003104,1873,Corriente,COP,49
ACC00003104514,CLI00003104,1769,Ahorros,COP,73
ACC00003105315,CLI00003105,11228,Nomina,COP,97
ACC00003105598,CLI00003105,7020,Corriente,COP,19
ACC00003105527,CLI00003105,2364,Ahorros,COP,16
ACC00003106854,CLI00003106,1106,Nomina,COP,117
ACC00003106102,CLI00003106,2874,Corriente,COP,17
ACC00003106249,CLI00003106,459,Ahorros,COP,56
ACC00003107376,CLI00003107,2288,Ahorros,COP,106
ACC00003107425,CLI00003107,1510,CDT,COP,88
ACC00003107489,CLI00003107,1936,Corriente,COP,108
ACC00003108359,CLI00003108,6540,Ahorros,COP,61
ACC00003108815,CLI00003108,6020,Ahorros,COP,13
ACC00003108766,CLI00003108,952,Ahorros,COP,118
ACC00003109275,CLI00003109,2756,Corriente,COP,87
ACC00003110506,CLI00003110,1599,Ahorros,COP,64
ACC00003111486,CLI00003111,3193,Ahorros,COP,74
ACC00003111609,CLI00003111,1366,Corriente,COP,96
ACC00003112494,CLI00003112,32994,Ahorros,COP,55
ACC00003112969,CLI00003112,10036,Ahorros,COP,106
ACC00003112310,CLI00003112,470,Corriente,COP,5
ACC00003113997,CLI00003113,177,Ahorros,COP,71
ACC00003114550,CLI00003114,475,Ahorros,COP,43
ACC00003114697,CLI00003114,320,Nomina,COP,61
ACC00003114894,CLI00003114,452,Ahorros,COP,37
ACC00003115513,CLI00003115,3979,Corriente,COP,101
ACC00003116549,CLI00003116,1583,Ahorros,COP,78
ACC00003117159,CLI00003117,767,Ahorros,COP,83
ACC00003118326,CLI00003118,7725,Ahorros,COP,81
ACC00003119349,CLI00003119,2052,Ahorros,COP,55
ACC00003120762,CLI00003120,6987,Corriente,COP,8
ACC00003120324,CLI00003120,1450,Corriente,COP,55
ACC00003120755,CLI00003120,55956,Corriente,COP,107
ACC00003121297,CLI00003121,5093,Ahorros,COP,19
ACC00003121548,CLI00003121,12817,Ahorros,COP,50
ACC00003121181,CLI00003121,3890,Corriente,COP,35
ACC00003122949,CLI00003122,168,Ahorros,COP,86
ACC00003122892,CLI00003122,2069,Corriente,COP,82
ACC00003123182,CLI00003123,7563,Corriente,COP,66
ACC00003123384,CLI00003123,2161,Ahorros,COP,110
ACC00003123338,CLI00003123,10280,CDT,COP,80
ACC00003124226,CLI00003124,523,Ahorros,COP,12
ACC00003125594,CLI00003125,46310,Ahorros,COP,83
ACC00003126606,CLI00003126,1493,Corriente,COP,80
ACC00003127805,CLI00003127,31594,Ahorros,COP,33
ACC00003128766,CLI00003128,759,Corriente,COP,65
ACC00003128448,CLI00003128,10260,Ahorros,COP,107
ACC00003128768,CLI00003128,635,Corriente,COP,77
ACC00003129198,CLI00003129,2119,Ahorros,COP,23
ACC00003129547,CLI00003129,1048,Corriente,COP,69
ACC00003129230,CLI00003129,7510,Corriente,COP,36
ACC00003130538,CLI00003130,22670,Corriente,COP,106
ACC00003130115,CLI00003130,2709,Ahorros,COP,53
ACC00003130307,CLI00003130,2728,Corriente,COP,110
ACC00003131621,CLI00003131,1299,Corriente,COP,29
ACC00003131139,CLI00003131,773,Nomina,COP,73
ACC00003132888,CLI00003132,5506,Ahorros,COP,23
ACC00003132588,CLI00003132,6574,Ahorros,COP,117
ACC00003132860,CLI00003132,1095,Ahorros,COP,32
ACC00003133503,CLI00003133,13628,CDT,COP,83
ACC00003133178,CLI00003133,4604,Corriente,COP,110
ACC00003134792,CLI00003134,7787,Corriente,COP,37
ACC00003134129,CLI00003134,24039,CDT,COP,28
ACC00003135294,CLI00003135,6171,CDT,COP,75
ACC00003135669,CLI00003135,5765,Ahorros,COP,100
ACC00003135807,CLI00003135,340,CDT,COP,72
ACC00003136558,CLI00003136,1872,CDT,COP,104
ACC00003136700,CLI00003136,230,Ahorros,COP,111
ACC00003136978,CLI00003136,4847,Ahorros,COP,23
ACC00003137857,CLI00003137,1985,Ahorros,COP,117
ACC00003137827,CLI00003137,2218,Corriente,COP,30
ACC00003137829,CLI00003137,1508,Corriente,COP,99
ACC00003138393,CLI00003138,1753,Corriente,COP,39
ACC00003138694,CLI00003138,957,Corriente,COP,109
ACC00003139362,CLI00003139,1008,Corriente,COP,73
ACC00003139882,CLI00003139,2326,Ahorros,COP,57
ACC00003139896,CLI00003139,504,Corriente,COP,11
ACC00003140693,CLI00003140,10961,Ahorros,COP,115
ACC00003140421,CLI00003140,15999,CDT,COP,50
ACC00003141748,CLI00003141,4564,CDT,COP,89
ACC00003141474,CLI00003141,1163,Ahorros,COP,57
ACC00003141410,CLI00003141,555,Ahorros,COP,53
ACC00003142935,CLI00003142,2162,Ahorros,COP,53
ACC00003143532,CLI00003143,1561,Ahorros,COP,99
ACC00003144707,CLI00003144,440,Ahorros,COP,106
ACC00003144195,CLI00003144,7258,Ahorros,COP,35
ACC00003144354,CLI00003144,1130,Ahorros,COP,55
ACC00003145880,CLI00003145,4368,Ahorros,COP,23
ACC00003145774,CLI00003145,1728,Ahorros,COP,116
ACC00003145431,CLI00003145,1764,Nomina,COP,115
ACC00003146962,CLI00003146,8901,Ahorros,COP,107
ACC00003146524,CLI00003146,11801,Ahorros,COP,68
ACC00003147477,CLI00003147,1041,Ahorros,COP,48
ACC00003147605,CLI00003147,138,Ahorros,COP,89
ACC00003147209,CLI00003147,983,Ahorros,COP,11
ACC00003148455,CLI00003148,47597,Corriente,COP,88
ACC00003149250,CLI00003149,6316,CDT,COP,87
ACC00003150144,CLI00003150,5775,Ahorros,COP,8
ACC00003150573,CLI00003150,1189,Corriente,COP,35
ACC00003150142,CLI00003150,705,Ahorros,COP,112
ACC00003151136,CLI00003151,14233,Ahorros,COP,15
ACC00003151224,CLI00003151,7582,Ahorros,COP,5
ACC00003151141,CLI00003151,6184,Corriente,COP,29
ACC00003152540,CLI00003152,238,Ahorros,COP,81
ACC00003152903,CLI00003152,12556,Corriente,COP,86
ACC00003152124,CLI00003152,4659,Ahorros,COP,14
ACC00003153260,CLI00003153,9259,Ahorros,COP,76
ACC00003153955,CLI00003153,14998,Corriente,COP,57
ACC00003153173,CLI00003153,8297,Ahorros,COP,29
ACC00003154833,CLI00003154,7290,Corriente,COP,87
ACC00003155594,CLI00003155,1860,Ahorros,COP,112
ACC00003156659,CLI00003156,518,Ahorros,COP,105
ACC00003157473,CLI00003157,1076,Ahorros,COP,108
ACC00003157816,CLI00003157,12909,Ahorros,COP,16
ACC00003157115,CLI00003157,680,Corriente,COP,112
ACC00003158555,CLI00003158,4549,Corriente,COP,40
ACC00003159268,CLI00003159,6840,Ahorros,COP,10
ACC00003160706,CLI00003160,5232,CDT,COP,80
ACC00003160230,CLI00003160,3162,Ahorros,COP,94
ACC00003161938,CLI00003161,691,Ahorros,COP,118
ACC00003161660,CLI00003161,2753,CDT,COP,16
ACC00003162515,CLI00003162,9414,Nomina,COP,19
ACC00003163967,CLI00003163,5553,Ahorros,COP,60
ACC00003163737,CLI00003163,1057,Ahorros,COP,33
ACC00003164333,CLI00003164,6519,Nomina,COP,24
ACC00003164234,CLI00003164,3717,Corriente,COP,19
ACC00003164359,CLI00003164,881,Ahorros,COP,64
ACC00003165994,CLI00003165,6606,Ahorros,COP,34
ACC00003165668,CLI00003165,4770,Ahorros,COP,12
ACC00003166797,CLI00003166,527,Corriente,COP,9
ACC00003166119,CLI00003166,3282,Corriente,COP,93
ACC00003166985,CLI00003166,2483,Ahorros,COP,59
ACC00003167349,CLI00003167,494,CDT,COP,77
ACC00003168253,CLI00003168,181,Ahorros,COP,91
ACC00003168594,CLI00003168,64992,Ahorros,COP,19
ACC00003169283,CLI00003169,3378,CDT,COP,8
ACC00003169539,CLI00003169,909,Ahorros,COP,20
ACC00003170613,CLI00003170,3756,CDT,COP,32
ACC00003170739,CLI00003170,864,Corriente,COP,68
ACC00003171113,CLI00003171,2303,Ahorros,COP,29
ACC00003171165,CLI00003171,2031,CDT,COP,93
ACC00003171613,CLI00003171,4210,Corriente,COP,117
ACC00003172532,CLI00003172,21841,Ahorros,COP,73
ACC00003173405,CLI00003173,14635,Corriente,COP,25
ACC00003174435,CLI00003174,2459,Ahorros,COP,82
ACC00003174538,CLI00003174,352,Ahorros,COP,67
ACC00003175856,CLI00003175,1168,Corriente,COP,84
ACC00003176607,CLI00003176,2618,Ahorros,COP,99
ACC00003177388,CLI00003177,911,Ahorros,COP,62
ACC00003177203,CLI00003177,5216,Ahorros,COP,106
ACC00003178850,CLI00003178,1146,Ahorros,COP,77
ACC00003179962,CLI00003179,652,Corriente,COP,61
ACC00003179658,CLI00003179,2078,Ahorros,COP,115
ACC00003179553,CLI00003179,284,Ahorros,COP,117
ACC00003180193,CLI00003180,17043,Ahorros,COP,53
ACC00003181314,CLI00003181,1197,Corriente,COP,119
ACC00003181775,CLI00003181,8043,Ahorros,COP,94
ACC00003182970,CLI00003182,7484,Corriente,COP,87
ACC00003183682,CLI00003183,4586,Ahorros,COP,51
ACC00003184438,CLI00003184,6368,Ahorros,COP,87
ACC00003185754,CLI00003185,10917,Ahorros,COP,85
ACC00003185425,CLI00003185,3964,Ahorros,COP,51
ACC00003186326,CLI00003186,850,Corriente,COP,116
ACC00003187117,CLI00003187,601,Ahorros,COP,60
ACC00003187624,CLI00003187,3994,Ahorros,COP,91
ACC00003187929,CLI00003187,2179,Ahorros,COP,103
ACC00003188600,CLI00003188,9922,Corriente,COP,104
ACC00003188537,CLI00003188,7537,Ahorros,COP,12
ACC00003189359,CLI00003189,3977,Corriente,COP,33
ACC00003189920,CLI00003189,9759,Corriente,COP,69
ACC00003189627,CLI00003189,5045,CDT,COP,59
ACC00003190666,CLI00003190,377,Corriente,COP,68
ACC00003190305,CLI00003190,868,Corriente,COP,56
ACC00003190196,CLI00003190,568,Ahorros,COP,52
ACC00003191840,CLI00003191,1886,Corriente,COP,108
ACC00003191801,CLI00003191,6287,Corriente,COP,25
ACC00003192918,CLI00003192,4821,Ahorros,COP,75
ACC00003192122,CLI00003192,6585,Ahorros,COP,79
ACC00003192562,CLI00003192,5556,Ahorros,COP,52
ACC00003193713,CLI00003193,6466,Ahorros,COP,43
ACC00003194616,CLI00003194,6038,Ahorros,COP,113
ACC00003194388,CLI00003194,1514,CDT,COP,92
ACC00003195977,CLI00003195,882,Ahorros,COP,29
ACC00003195205,CLI00003195,6874,Ahorros,COP,108
ACC00003196317,CLI00003196,1059,CDT,COP,62
ACC00003196773,CLI00003196,3231,Corriente,COP,53
ACC00003197752,CLI00003197,268,CDT,COP,21
ACC00003197246,CLI00003197,1497,Ahorros,COP,23
ACC00003197718,CLI00003197,893,Corriente,COP,22
ACC00003198378,CLI00003198,1308,Ahorros,COP,97
ACC00003198734,CLI00003198,4851,Corriente,COP,3
ACC00003198272,CLI00003198,3050,Ahorros,COP,66
ACC00003199720,CLI00003199,172,Ahorros,COP,92
ACC00003200612,CLI00003200,2283,Ahorros,COP,39
ACC00003200708,CLI00003200,796,Ahorros,COP,60
ACC00003200101,CLI00003200,1395,CDT,COP,69
ACC00003201424,CLI00003201,3968,Ahorros,COP,22
ACC00003201129,CLI00003201,13729,CDT,COP,82
ACC00003201169,CLI00003201,1776,Nomina,COP,16
ACC00003202377,CLI00003202,2106,Ahorros,COP,49
ACC00003202971,CLI00003202,13619,Corriente,COP,59
ACC00003202431,CLI00003202,1746,Ahorros,COP,95
ACC00003203767,CLI00003203,3527,CDT,COP,113
ACC00003203971,CLI00003203,1218,Nomina,COP,25
ACC00003203941,CLI00003203,4244,Corriente,COP,15
ACC00003204597,CLI00003204,1775,CDT,COP,107
ACC00003205290,CLI00003205,4371,Nomina,COP,95
ACC00003205828,CLI00003205,3951,Ahorros,COP,51
ACC00003205109,CLI00003205,10149,Ahorros,COP,18
ACC00003206648,CLI00003206,707,Ahorros,COP,102
ACC00003207523,CLI00003207,477,CDT,COP,92
ACC00003207995,CLI00003207,3130,Ahorros,COP,43
ACC00003208617,CLI00003208,6618,Ahorros,COP,53
ACC00003208573,CLI00003208,641,Ahorros,COP,20
ACC00003209158,CLI00003209,2684,CDT,COP,49
ACC00003209839,CLI00003209,706,Ahorros,COP,49
ACC00003209650,CLI00003209,14915,Corriente,COP,35
ACC00003210391,CLI00003210,5963,Ahorros,COP,107
ACC00003210111,CLI00003210,2570,Ahorros,COP,28
ACC00003210565,CLI00003210,4833,Ahorros,COP,39
ACC00003211980,CLI00003211,117,Corriente,COP,66
ACC00003212766,CLI00003212,464,Corriente,COP,34
ACC00003212134,CLI00003212,1949,Corriente,COP,28
ACC00003212189,CLI00003212,3337,CDT,COP,60
ACC00003213844,CLI00003213,1991,Corriente,COP,13
ACC00003213203,CLI00003213,2952,Ahorros,COP,60
ACC00003213276,CLI00003213,96,Ahorros,COP,55
ACC00003214103,CLI00003214,3293,Ahorros,COP,105
ACC00003214444,CLI00003214,2900,Nomina,COP,112
ACC00003214677,CLI00003214,6441,Ahorros,COP,69
ACC00003215426,CLI00003215,1121,Ahorros,COP,2
ACC00003216244,CLI00003216,707,Corriente,COP,62
ACC00003216261,CLI00003216,611,CDT,COP,56
ACC00003216534,CLI00003216,1275,CDT,COP,115
ACC00003217698,CLI00003217,21113,Nomina,COP,33
ACC00003217135,CLI00003217,2840,Ahorros,COP,62
ACC00003217642,CLI00003217,798,Ahorros,COP,54
ACC00003218326,CLI00003218,677,Ahorros,COP,44
ACC00003218633,CLI00003218,686,Ahorros,COP,19
ACC00003219126,CLI00003219,14619,Ahorros,COP,43
ACC00003219306,CLI00003219,1560,Ahorros,COP,28
ACC00003220347,CLI00003220,571,Ahorros,COP,92
ACC00003220585,CLI00003220,8467,Corriente,COP,108
ACC00003221458,CLI00003221,493,Ahorros,COP,68
ACC00003222791,CLI00003222,39455,Nomina,COP,63
ACC00003223572,CLI00003223,3820,Ahorros,COP,30
ACC00003223248,CLI00003223,10291,Ahorros,COP,44
ACC00003224142,CLI00003224,611,Corriente,COP,38
ACC00003224410,CLI00003224,6323,Ahorros,COP,32
ACC00003224294,CLI00003224,2688,Ahorros,COP,35
ACC00003225228,CLI00003225,14050,Corriente,COP,39
ACC00003226405,CLI00003226,13379,Ahorros,COP,83
ACC00003227350,CLI00003227,301,Corriente,COP,68
ACC00003227682,CLI00003227,27903,Nomina,COP,9
ACC00003227387,CLI00003227,18506,Ahorros,COP,98
ACC00003228545,CLI00003228,6440,Ahorros,COP,32
ACC00003228787,CLI00003228,1834,Ahorros,COP,2
ACC00003229992,CLI00003229,3083,Corriente,COP,45
ACC00003229209,CLI00003229,2347,Corriente,COP,82
ACC00003230763,CLI00003230,1116,Corriente,COP,97
ACC00003230207,CLI00003230,1695,Ahorros,COP,58
ACC00003230857,CLI00003230,2109,Ahorros,COP,36
ACC00003231722,CLI00003231,8336,Ahorros,COP,62
ACC00003231258,CLI00003231,10648,Ahorros,COP,44
ACC00003232493,CLI00003232,1246,Ahorros,COP,100
ACC00003232278,CLI00003232,47634,Corriente,COP,72
ACC00003233409,CLI00003233,2545,Corriente,COP,100
ACC00003233969,CLI00003233,1877,Nomina,COP,113
ACC00003234206,CLI00003234,2385,Ahorros,COP,74
ACC00003234724,CLI00003234,7550,Ahorros,COP,31
ACC00003234744,CLI00003234,5496,Ahorros,COP,62
ACC00003235746,CLI00003235,1815,Corriente,COP,72
ACC00003235204,CLI00003235,26404,Ahorros,COP,91
ACC00003235995,CLI00003235,1088,Corriente,COP,82
ACC00003236615,CLI00003236,6153,Corriente,COP,47
ACC00003237151,CLI00003237,14206,Ahorros,COP,29
ACC00003238482,CLI00003238,837,Nomina,COP,19
ACC00003238431,CLI00003238,23248,CDT,COP,31
ACC00003239782,CLI00003239,2571,Corriente,COP,47
ACC00003240722,CLI00003240,1516,Ahorros,COP,43
ACC00003241513,CLI00003241,2666,Corriente,COP,28
ACC00003241532,CLI00003241,2782,Ahorros,COP,30
ACC00003242296,CLI00003242,9755,Nomina,COP,117
ACC00003242422,CLI00003242,1289,Corriente,COP,119
ACC00003243621,CLI00003243,9200,Ahorros,COP,1
ACC00003243368,CLI00003243,21155,Ahorros,COP,82
ACC00003243272,CLI00003243,3051,Ahorros,COP,70
ACC00003244501,CLI00003244,8899,Ahorros,COP,48
ACC00003244580,CLI00003244,15175,Nomina,COP,69
ACC00003245640,CLI00003245,5521,Ahorros,COP,97
ACC00003245873,CLI00003245,32438,CDT,COP,71
ACC00003245303,CLI00003245,9405,Nomina,COP,71
ACC00003246287,CLI00003246,1741,Corriente,COP,4
ACC00003247319,CLI00003247,1429,Nomina,COP,105
ACC00003247946,CLI00003247,1563,Corriente,COP,29
ACC00003248724,CLI00003248,1973,Ahorros,COP,35
ACC00003248808,CLI00003248,2283,Ahorros,COP,3
ACC00003249626,CLI00003249,3364,Ahorros,COP,110
ACC00003249498,CLI00003249,4871,Corriente,COP,87
ACC00003250813,CLI00003250,11349,Corriente,COP,68
ACC00003251190,CLI00003251,218,Ahorros,COP,27
ACC00003251512,CLI00003251,18832,Nomina,COP,76
ACC00003252791,CLI00003252,668,Corriente,COP,80
ACC00003252852,CLI00003252,2085,Ahorros,COP,65
ACC00003252753,CLI00003252,76266,Ahorros,COP,91
ACC00003253539,CLI00003253,2416,Corriente,COP,41
ACC00003253655,CLI00003253,3321,Ahorros,COP,46
ACC00003254566,CLI00003254,2778,Nomina,COP,5
ACC00003254161,CLI00003254,650,Ahorros,COP,44
ACC00003254862,CLI00003254,18850,Ahorros,COP,30
ACC00003255323,CLI00003255,1731,Corriente,COP,17
ACC00003256376,CLI00003256,12023,Ahorros,COP,111
ACC00003257311,CLI00003257,7063,Corriente,COP,49
ACC00003258742,CLI00003258,2811,Ahorros,COP,92
ACC00003258681,CLI00003258,1620,Ahorros,COP,29
ACC00003259460,CLI00003259,7951,Corriente,COP,11
ACC00003259647,CLI00003259,13043,Ahorros,COP,3
ACC00003259734,CLI00003259,1007,Ahorros,COP,21
ACC00003260504,CLI00003260,1660,Corriente,COP,75
ACC00003260933,CLI00003260,12379,CDT,COP,6
ACC00003261147,CLI00003261,1490,Corriente,COP,12
ACC00003261696,CLI00003261,2450,Ahorros,COP,54
ACC00003262612,CLI00003262,6609,Nomina,COP,15
ACC00003263433,CLI00003263,6710,CDT,COP,89
ACC00003263208,CLI00003263,74620,Corriente,COP,94
ACC00003264879,CLI00003264,3622,Corriente,COP,48
ACC00003264592,CLI00003264,6550,Corriente,COP,37
ACC00003265554,CLI00003265,6745,Ahorros,COP,99
ACC00003266749,CLI00003266,28916,Ahorros,COP,53
ACC00003266392,CLI00003266,2393,Ahorros,COP,45
ACC00003266139,CLI00003266,728,Ahorros,COP,46
ACC00003267282,CLI00003267,4811,Ahorros,COP,115
ACC00003268838,CLI00003268,4330,Corriente,COP,14
ACC00003268851,CLI00003268,494,Ahorros,COP,75
ACC00003268681,CLI00003268,121801,CDT,COP,50
ACC00003269358,CLI00003269,1470,Corriente,COP,19
ACC00003270201,CLI00003270,3408,Ahorros,COP,73
ACC00003270473,CLI00003270,1923,Nomina,COP,103
ACC00003270980,CLI00003270,5253,Ahorros,COP,89
ACC00003271410,CLI00003271,16890,Corriente,COP,98
ACC00003271422,CLI00003271,6567,Ahorros,COP,62
ACC00003272179,CLI00003272,4856,Corriente,COP,92
ACC00003272848,CLI00003272,3680,Ahorros,COP,110
ACC00003272451,CLI00003272,1242,Ahorros,COP,22
ACC00003273358,CLI00003273,1368,Ahorros,COP,78
ACC00003273382,CLI00003273,705,Ahorros,COP,28
ACC00003273651,CLI00003273,18562,Ahorros,COP,64
ACC00003274465,CLI00003274,2354,Ahorros,COP,22
ACC00003274152,CLI00003274,4042,Ahorros,COP,106
ACC00003274286,CLI00003274,10047,Ahorros,COP,78
ACC00003275320,CLI00003275,448,Nomina,COP,111
ACC00003275675,CLI00003275,635,CDT,COP,20
ACC00003275741,CLI00003275,750,Ahorros,COP,53
ACC00003276671,CLI00003276,296,Ahorros,COP,57
ACC00003277682,CLI00003277,12014,CDT,COP,11
ACC00003277254,CLI00003277,5435,Corriente,COP,34
ACC00003278440,CLI00003278,1434,CDT,COP,40
ACC00003278696,CLI00003278,7916,Ahorros,COP,100
ACC00003278810,CLI00003278,969,Corriente,COP,67
ACC00003279505,CLI00003279,4007,Corriente,COP,11
ACC00003280319,CLI00003280,1175,Corriente,COP,96
ACC00003280371,CLI00003280,1660,Ahorros,COP,72
ACC00003280751,CLI00003280,23544,Ahorros,COP,93
ACC00003281415,CLI00003281,2409,Ahorros,COP,5
ACC00003282911,CLI00003282,1801,CDT,COP,110
ACC00003282142,CLI00003282,2450,Ahorros,COP,16
ACC00003283906,CLI00003283,5880,Ahorros,COP,109
ACC00003283918,CLI00003283,1916,CDT,COP,30
ACC00003283179,CLI00003283,17711,Ahorros,COP,33
ACC00003284129,CLI00003284,814,Corriente,COP,5
ACC00003285262,CLI00003285,6891,Ahorros,COP,95
ACC00003285109,CLI00003285,15242,CDT,COP,86
ACC00003285325,CLI00003285,692,Corriente,COP,3
ACC00003286393,CLI00003286,11941,Ahorros,COP,94
ACC00003287778,CLI00003287,3817,Ahorros,COP,89
ACC00003288674,CLI00003288,953,Ahorros,COP,101
ACC00003288458,CLI00003288,1247,Ahorros,COP,12
ACC00003289903,CLI00003289,1149,CDT,COP,39
ACC00003290609,CLI00003290,2806,Corriente,COP,9
ACC00003291221,CLI00003291,1207,Ahorros,COP,27
ACC00003291907,CLI00003291,2322,Corriente,COP,36
ACC00003292887,CLI00003292,1707,Ahorros,COP,92
ACC00003292835,CLI00003292,4927,Corriente,COP,6
ACC00003293864,CLI00003293,11438,Ahorros,COP,44
ACC00003294555,CLI00003294,3034,Corriente,COP,87
ACC00003294955,CLI00003294,3507,Corriente,COP,71
ACC00003295490,CLI00003295,583,Ahorros,COP,98
ACC00003296677,CLI00003296,11370,CDT,COP,66
ACC00003296340,CLI00003296,3372,Corriente,COP,117
ACC00003296925,CLI00003296,6365,CDT,COP,22
ACC00003297993,CLI00003297,611,Ahorros,COP,15
ACC00003297779,CLI00003297,67464,CDT,COP,97
ACC00003298142,CLI00003298,1915,Ahorros,COP,62
ACC00003298561,CLI00003298,8857,Ahorros,COP,9
ACC00003298852,CLI00003298,1444,Corriente,COP,81
ACC00003299176,CLI00003299,248,Nomina,COP,108
ACC00003299996,CLI00003299,16990,Nomina,COP,16
ACC00003299230,CLI00003299,1744,Ahorros,COP,96
ACC00003300879,CLI00003300,6120,Ahorros,COP,59
ACC00003301302,CLI00003301,5513,Ahorros,COP,110
ACC00003301794,CLI00003301,3454,Ahorros,COP,1
ACC00003302513,CLI00003302,9695,Corriente,COP,16
ACC00003302649,CLI00003302,1959,Ahorros,COP,36
ACC00003303604,CLI00003303,542,CDT,COP,80
ACC00003304701,CLI00003304,1979,Ahorros,COP,84
ACC00003304702,CLI00003304,920,Ahorros,COP,11
ACC00003305928,CLI00003305,3791,Nomina,COP,59
ACC00003305289,CLI00003305,357,Ahorros,COP,117
ACC00003305909,CLI00003305,36502,Ahorros,COP,38
ACC00003306723,CLI00003306,1738,Corriente,COP,89
ACC00003307566,CLI00003307,6170,Corriente,COP,62
ACC00003307299,CLI00003307,11205,Corriente,COP,95
ACC00003307832,CLI00003307,4755,Ahorros,COP,17
ACC00003308193,CLI00003308,1505,Ahorros,COP,8
ACC00003308238,CLI00003308,383,Corriente,COP,109
ACC00003309733,CLI00003309,866,Corriente,COP,31
ACC00003309553,CLI00003309,3713,Ahorros,COP,101
ACC00003310461,CLI00003310,1098,Corriente,COP,48
ACC00003310447,CLI00003310,2153,Ahorros,COP,30
ACC00003310919,CLI00003310,7339,Ahorros,COP,39
ACC00003311450,CLI00003311,384,Ahorros,COP,36
ACC00003312159,CLI00003312,1081,Ahorros,COP,115
ACC00003313608,CLI00003313,2354,Corriente,COP,101
ACC00003313644,CLI00003313,28768,CDT,COP,62
ACC00003314589,CLI00003314,11598,Ahorros,COP,62
ACC00003315915,CLI00003315,532,Corriente,COP,102
ACC00003316465,CLI00003316,4411,Corriente,COP,8
ACC00003317357,CLI00003317,31642,Nomina,COP,54
ACC00003317291,CLI00003317,13536,Ahorros,COP,61
ACC00003318311,CLI00003318,8622,Corriente,COP,24
ACC00003318472,CLI00003318,4202,Ahorros,COP,80
ACC00003319772,CLI00003319,3128,Ahorros,COP,6
ACC00003319255,CLI00003319,1502,CDT,COP,56
ACC00003320470,CLI00003320,2118,Corriente,COP,118
ACC00003320796,CLI00003320,17281,Ahorros,COP,43
ACC00003320492,CLI00003320,4234,Corriente,COP,79
ACC00003321728,CLI00003321,5937,Ahorros,COP,104
ACC00003321244,CLI00003321,1041,Ahorros,COP,2
ACC00003321977,CLI00003321,1759,CDT,COP,75
ACC00003322527,CLI00003322,653,Ahorros,COP,90
ACC00003322164,CLI00003322,21373,CDT,COP,54
ACC00003323619,CLI00003323,22138,Ahorros,COP,53
ACC00003323381,CLI00003323,9518,Ahorros,COP,25
ACC00003323970,CLI00003323,1390,Corriente,COP,79
ACC00003324282,CLI00003324,422,CDT,COP,95
ACC00003325608,CLI00003325,1018,Corriente,COP,41
ACC00003325133,CLI00003325,746,Ahorros,COP,89
ACC00003325381,CLI00003325,652,Corriente,COP,118
ACC00003326539,CLI00003326,5981,Corriente,COP,31
ACC00003326326,CLI00003326,5705,Ahorros,COP,65
ACC00003327420,CLI00003327,5299,Ahorros,COP,109
ACC00003327855,CLI00003327,13423,Ahorros,COP,60
ACC00003327893,CLI00003327,2414,Corriente,COP,72
ACC00003328353,CLI00003328,31384,CDT,COP,11
ACC00003328952,CLI00003328,350,Corriente,COP,57
ACC00003328936,CLI00003328,2033,Ahorros,COP,5
ACC00003329966,CLI00003329,6264,Ahorros,COP,44
ACC00003329431,CLI00003329,992,Corriente,COP,8
ACC00003329812,CLI00003329,18027,Ahorros,COP,75
ACC00003330839,CLI00003330,5291,Corriente,COP,83
ACC00003331468,CLI00003331,237,CDT,COP,102
ACC00003331565,CLI00003331,5785,Ahorros,COP,97
ACC00003332620,CLI00003332,3266,Corriente,COP,19
ACC00003332253,CLI00003332,2635,Ahorros,COP,81
ACC00003332605,CLI00003332,20952,Ahorros,COP,47
ACC00003333557,CLI00003333,8112,Corriente,COP,86
ACC00003334947,CLI00003334,6680,CDT,COP,114
ACC00003334627,CLI00003334,6168,Ahorros,COP,109
ACC00003335351,CLI00003335,7966,Ahorros,COP,16
ACC00003336813,CLI00003336,773,Ahorros,COP,17
ACC00003337925,CLI00003337,3276,Ahorros,COP,70
ACC00003337935,CLI00003337,12214,Nomina,COP,76
ACC00003337888,CLI00003337,1051,Ahorros,COP,27
ACC00003338956,CLI00003338,285,Corriente,COP,45
ACC00003338699,CLI00003338,9204,Corriente,COP,4
ACC00003338883,CLI00003338,6243,Corriente,COP,29
ACC00003339372,CLI00003339,1260,Ahorros,COP,13
ACC00003339414,CLI00003339,5373,Ahorros,COP,23
ACC00003340224,CLI00003340,2544,Corriente,COP,100
ACC00003340193,CLI00003340,4967,Nomina,COP,15
ACC00003340640,CLI00003340,15122,Ahorros,COP,42
ACC00003341641,CLI00003341,11881,Ahorros,COP,114
ACC00003341415,CLI00003341,8035,Ahorros,COP,103
ACC00003341564,CLI00003341,1016,CDT,COP,13
ACC00003342728,CLI00003342,260,Corriente,COP,50
ACC00003342263,CLI00003342,2177,Nomina,COP,50
ACC00003343538,CLI00003343,482,CDT,COP,119
ACC00003343711,CLI00003343,2718,Ahorros,COP,12
ACC00003344636,CLI00003344,3365,Nomina,COP,104
ACC00003344883,CLI00003344,3071,Corriente,COP,53
ACC00003344435,CLI00003344,7963,CDT,COP,93
ACC00003345522,CLI00003345,7875,Ahorros,COP,79
ACC00003346566,CLI00003346,10247,Nomina,COP,86
ACC00003346512,CLI00003346,6000,Corriente,COP,67
ACC00003346539,CLI00003346,1242,Ahorros,COP,78
ACC00003347879,CLI00003347,4429,Nomina,COP,41
ACC00003348281,CLI00003348,10180,Corriente,COP,117
ACC00003349639,CLI00003349,2643,Corriente,COP,20
ACC00003349279,CLI00003349,407,Nomina,COP,20
ACC00003350587,CLI00003350,7638,Corriente,COP,111
ACC00003350287,CLI00003350,3438,Ahorros,COP,111
ACC00003350402,CLI00003350,1012,Ahorros,COP,69
ACC00003351709,CLI00003351,3965,Ahorros,COP,6
ACC00003351779,CLI00003351,5661,CDT,COP,98
ACC00003352974,CLI00003352,2156,Ahorros,COP,70
ACC00003352317,CLI00003352,6242,Ahorros,COP,60
ACC00003353538,CLI00003353,14800,Ahorros,COP,93
ACC00003354904,CLI00003354,8665,CDT,COP,22
ACC00003355261,CLI00003355,4691,Ahorros,COP,67
ACC00003356813,CLI00003356,927,Corriente,COP,49
ACC00003356463,CLI00003356,2607,Corriente,COP,35
ACC00003357188,CLI00003357,883,Ahorros,COP,84
ACC00003357118,CLI00003357,539,Ahorros,COP,25
ACC00003358360,CLI00003358,17483,Ahorros,COP,84
ACC00003358981,CLI00003358,7191,Ahorros,COP,103
ACC00003358126,CLI00003358,1580,Nomina,COP,113
ACC00003359739,CLI00003359,1631,Corriente,COP,60
ACC00003359951,CLI00003359,800,Ahorros,COP,62
ACC00003360733,CLI00003360,566,Ahorros,COP,28
ACC00003360155,CLI00003360,14409,CDT,COP,71
ACC00003360225,CLI00003360,695,Ahorros,COP,39
ACC00003361669,CLI00003361,4236,CDT,COP,42
ACC00003361155,CLI00003361,5410,CDT,COP,75
ACC00003362222,CLI00003362,1429,Ahorros,COP,78
ACC00003362114,CLI00003362,1237,Ahorros,COP,58
ACC00003362236,CLI00003362,9770,Nomina,COP,102
ACC00003363236,CLI00003363,1142,Ahorros,COP,98
ACC00003363566,CLI00003363,37496,Nomina,COP,73
ACC00003364213,CLI00003364,11668,Ahorros,COP,98
ACC00003365511,CLI00003365,3460,CDT,COP,70
ACC00003365964,CLI00003365,6248,Ahorros,COP,56
ACC00003366422,CLI00003366,1563,Ahorros,COP,10
ACC00003366950,CLI00003366,4764,Ahorros,COP,82
ACC00003366184,CLI00003366,567,Ahorros,COP,35
ACC00003367243,CLI00003367,2932,Ahorros,COP,11
ACC00003367141,CLI00003367,438,Corriente,COP,36
ACC00003367300,CLI00003367,9890,Corriente,COP,82
ACC00003368733,CLI00003368,27904,Ahorros,COP,8
ACC00003368863,CLI00003368,4779,Corriente,COP,106
ACC00003368879,CLI00003368,7717,Nomina,COP,55
ACC00003369248,CLI00003369,4775,Nomina,COP,70
ACC00003370337,CLI00003370,5813,CDT,COP,14
ACC00003371995,CLI00003371,9201,Nomina,COP,35
ACC00003371260,CLI00003371,2705,Corriente,COP,17
ACC00003371218,CLI00003371,5712,Corriente,COP,63
ACC00003372717,CLI00003372,1709,Ahorros,COP,99
ACC00003372797,CLI00003372,285,Ahorros,COP,110
ACC00003372298,CLI00003372,2159,Ahorros,COP,64
ACC00003373101,CLI00003373,1198,Ahorros,COP,30
ACC00003373964,CLI00003373,850,Corriente,COP,40
ACC00003373739,CLI00003373,1756,Ahorros,COP,2
ACC00003374872,CLI00003374,2884,Nomina,COP,65
ACC00003375803,CLI00003375,774,Ahorros,COP,47
ACC00003375160,CLI00003375,959,CDT,COP,98
ACC00003376968,CLI00003376,4609,Corriente,COP,68
ACC00003376925,CLI00003376,7139,CDT,COP,104
ACC00003377317,CLI00003377,371,CDT,COP,79
ACC00003377567,CLI00003377,1197,Ahorros,COP,51
ACC00003378414,CLI00003378,166,Corriente,COP,22
ACC00003379494,CLI00003379,2186,Ahorros,COP,38
ACC00003379126,CLI00003379,268,Ahorros,COP,62
ACC00003379225,CLI00003379,3238,Ahorros,COP,76
ACC00003380721,CLI00003380,287,Nomina,COP,72
ACC00003381895,CLI00003381,4609,Ahorros,COP,15
ACC00003381590,CLI00003381,13703,CDT,COP,69
ACC00003382639,CLI00003382,570,Ahorros,COP,63
ACC00003382808,CLI00003382,7201,Corriente,COP,78
ACC00003382388,CLI00003382,1988,Ahorros,COP,26
ACC00003383448,CLI00003383,1416,Ahorros,COP,43
ACC00003384263,CLI00003384,10911,Ahorros,COP,71
ACC00003384196,CLI00003384,6508,Ahorros,COP,14
ACC00003384520,CLI00003384,845,Ahorros,COP,115
ACC00003385599,CLI00003385,6081,CDT,COP,114
ACC00003386601,CLI00003386,1234,CDT,COP,76
ACC00003387896,CLI00003387,5502,Ahorros,COP,90
ACC00003388671,CLI00003388,2128,Ahorros,COP,110
ACC00003388750,CLI00003388,3775,Nomina,COP,52
ACC00003389479,CLI00003389,905,Ahorros,COP,77
ACC00003390966,CLI00003390,1966,CDT,COP,36
ACC00003390336,CLI00003390,912,Corriente,COP,98
ACC00003391864,CLI00003391,10414,Corriente,COP,86
ACC00003391690,CLI00003391,4936,Ahorros,COP,113
ACC00003392214,CLI00003392,4021,Corriente,COP,115
ACC00003392871,CLI00003392,3681,Ahorros,COP,14
ACC00003393351,CLI00003393,4540,Nomina,COP,117
ACC00003394329,CLI00003394,1704,Ahorros,COP,42
ACC00003394601,CLI00003394,3586,Corriente,COP,53
ACC00003394258,CLI00003394,2393,Ahorros,COP,35
ACC00003395120,CLI00003395,2372,Ahorros,COP,113
ACC00003396707,CLI00003396,3346,Ahorros,COP,9
ACC00003396304,CLI00003396,18451,CDT,COP,119
ACC00003397285,CLI00003397,15826,CDT,COP,90
ACC00003397440,CLI00003397,1861,Ahorros,COP,96
ACC00003398853,CLI00003398,544,Corriente,COP,14
ACC00003398724,CLI00003398,2649,Ahorros,COP,27
ACC00003398957,CLI00003398,5326,Corriente,COP,84
ACC00003399540,CLI00003399,2607,Corriente,COP,47
ACC00003399676,CLI00003399,14756,Ahorros,COP,102
ACC00003399866,CLI00003399,27120,Ahorros,COP,114
ACC00003400224,CLI00003400,5365,Ahorros,COP,30
ACC00003400348,CLI00003400,5579,Corriente,COP,69
ACC00003401134,CLI00003401,641,Corriente,COP,34
ACC00003401263,CLI00003401,14099,Ahorros,COP,52
ACC00003402792,CLI00003402,6508,Ahorros,COP,58
ACC00003402666,CLI00003402,6334,Nomina,COP,79
ACC00003403382,CLI00003403,8672,Nomina,COP,49
ACC00003403955,CLI00003403,5352,Ahorros,COP,59
ACC00003403973,CLI00003403,5118,Ahorros,COP,19
ACC00003404810,CLI00003404,10408,Corriente,COP,58
ACC00003404653,CLI00003404,785,Ahorros,COP,98
ACC00003404960,CLI00003404,3764,Corriente,COP,41
ACC00003405896,CLI00003405,6778,Ahorros,COP,119
ACC00003405469,CLI00003405,6472,Corriente,COP,26
ACC00003406787,CLI00003406,1180,Ahorros,COP,68
ACC00003406716,CLI00003406,850,Ahorros,COP,107
ACC00003407211,CLI00003407,2536,Nomina,COP,57
ACC00003408932,CLI00003408,4513,Ahorros,COP,59
ACC00003408947,CLI00003408,3224,Ahorros,COP,59
ACC00003408799,CLI00003408,9432,Nomina,COP,101
ACC00003409520,CLI00003409,439,Corriente,COP,34
ACC00003409893,CLI00003409,525,Ahorros,COP,78
ACC00003410573,CLI00003410,21743,CDT,COP,61
ACC00003410353,CLI00003410,2834,Corriente,COP,108
ACC00003411542,CLI00003411,9258,CDT,COP,9
ACC00003411351,CLI00003411,444,Corriente,COP,94
ACC00003411374,CLI00003411,2231,Ahorros,COP,20
ACC00003412183,CLI00003412,18726,Corriente,COP,100
ACC00003412928,CLI00003412,13773,Ahorros,COP,4
ACC00003412319,CLI00003412,6737,Ahorros,COP,86
ACC00003413510,CLI00003413,1039,Corriente,COP,79
ACC00003413769,CLI00003413,1356,CDT,COP,30
ACC00003414386,CLI00003414,734,Corriente,COP,94
ACC00003414358,CLI00003414,3961,Ahorros,COP,73
ACC00003414755,CLI00003414,3714,Ahorros,COP,70
ACC00003415880,CLI00003415,652,Corriente,COP,99
ACC00003415215,CLI00003415,2731,Nomina,COP,31
ACC00003416273,CLI00003416,3478,Ahorros,COP,5
ACC00003417765,CLI00003417,1319,Ahorros,COP,44
ACC00003417817,CLI00003417,679,Corriente,COP,90
ACC00003417129,CLI00003417,12159,Corriente,COP,45
ACC00003418492,CLI00003418,13663,Corriente,COP,109
ACC00003419727,CLI00003419,8248,Ahorros,COP,85
ACC00003419678,CLI00003419,8705,Ahorros,COP,17
ACC00003420396,CLI00003420,1634,Ahorros,COP,68
ACC00003421240,CLI00003421,19306,Ahorros,COP,67
ACC00003421395,CLI00003421,3107,Ahorros,COP,37
ACC00003421397,CLI00003421,8809,Corriente,COP,53
ACC00003422867,CLI00003422,15471,Ahorros,COP,33
ACC00003422608,CLI00003422,6471,Nomina,COP,28
ACC00003422406,CLI00003422,1215,Corriente,COP,92
ACC00003423166,CLI00003423,849,Corriente,COP,59
ACC00003423786,CLI00003423,7989,Ahorros,COP,28
ACC00003423621,CLI00003423,6709,Ahorros,COP,95
ACC00003424889,CLI00003424,2050,Corriente,COP,11
ACC00003424755,CLI00003424,2820,Nomina,COP,43
ACC00003425286,CLI00003425,1569,Ahorros,COP,93
ACC00003426112,CLI00003426,1167,Corriente,COP,46
ACC00003426991,CLI00003426,2524,CDT,COP,50
ACC00003427964,CLI00003427,4189,CDT,COP,21
ACC00003428991,CLI00003428,8781,Ahorros,COP,27
ACC00003428497,CLI00003428,1683,Ahorros,COP,53
ACC00003428396,CLI00003428,2791,Ahorros,COP,67
ACC00003429876,CLI00003429,5319,CDT,COP,50
ACC00003430530,CLI00003430,4734,Ahorros,COP,67
ACC00003431647,CLI00003431,3209,Corriente,COP,66
ACC00003432221,CLI00003432,3719,Ahorros,COP,16
ACC00003432666,CLI00003432,261,Ahorros,COP,106
ACC00003433417,CLI00003433,1074,Corriente,COP,22
ACC00003434413,CLI00003434,9889,Ahorros,COP,114
ACC00003435298,CLI00003435,1963,Ahorros,COP,1
ACC00003436260,CLI00003436,11908,Corriente,COP,108
ACC00003437463,CLI00003437,1579,Nomina,COP,73
ACC00003437404,CLI00003437,76,CDT,COP,83
ACC00003437603,CLI00003437,3809,Ahorros,COP,118
ACC00003438315,CLI00003438,4871,Nomina,COP,9
ACC00003439781,CLI00003439,1640,Ahorros,COP,28
ACC00003439282,CLI00003439,509,Ahorros,COP,64
ACC00003439588,CLI00003439,668,Nomina,COP,106
ACC00003440759,CLI00003440,2211,CDT,COP,115
ACC00003441311,CLI00003441,5378,CDT,COP,97
ACC00003441509,CLI00003441,5351,Ahorros,COP,87
ACC00003441429,CLI00003441,1660,Corriente,COP,78
ACC00003442493,CLI00003442,21143,Ahorros,COP,76
ACC00003443179,CLI00003443,2714,Ahorros,COP,113
ACC00003443681,CLI00003443,5006,Ahorros,COP,71
ACC00003443541,CLI00003443,6021,CDT,COP,106
ACC00003444307,CLI00003444,7454,Ahorros,COP,66
ACC00003444833,CLI00003444,855,CDT,COP,92
ACC00003445651,CLI00003445,1876,Nomina,COP,49
ACC00003446496,CLI00003446,741,Nomina,COP,48
ACC00003446150,CLI00003446,1459,Ahorros,COP,71
ACC00003446426,CLI00003446,4721,Ahorros,COP,112
ACC00003447208,CLI00003447,4646,Ahorros,COP,115
ACC00003447130,CLI00003447,5424,Ahorros,COP,69
ACC00003447253,CLI00003447,1825,Corriente,COP,35
ACC00003448290,CLI00003448,2459,CDT,COP,89
ACC00003448946,CLI00003448,2151,Ahorros,COP,118
ACC00003449889,CLI00003449,277,Ahorros,COP,14
ACC00003449988,CLI00003449,7397,Corriente,COP,38
ACC00003450234,CLI00003450,607,Corriente,COP,31
ACC00003451741,CLI00003451,634,Nomina,COP,18
ACC00003452739,CLI00003452,1552,Ahorros,COP,39
ACC00003452882,CLI00003452,711,Ahorros,COP,94
ACC00003453448,CLI00003453,1240,Corriente,COP,63
ACC00003453979,CLI00003453,7708,Nomina,COP,96
ACC00003454483,CLI00003454,986,Ahorros,COP,118
ACC00003454717,CLI00003454,1029,Ahorros,COP,108
ACC00003455316,CLI00003455,5727,Ahorros,COP,91
ACC00003455850,CLI00003455,2063,Ahorros,COP,41
ACC00003455265,CLI00003455,1431,Corriente,COP,90
ACC00003456846,CLI00003456,1412,Corriente,COP,34
ACC00003457119,CLI00003457,8036,Ahorros,COP,89
ACC00003458883,CLI00003458,5524,Ahorros,COP,98
ACC00003458889,CLI00003458,925,Ahorros,COP,32
ACC00003458199,CLI00003458,2837,CDT,COP,18
ACC00003459169,CLI00003459,3623,Ahorros,COP,100
ACC00003459125,CLI00003459,13908,Ahorros,COP,12
ACC00003459632,CLI00003459,3894,Ahorros,COP,74
ACC00003460720,CLI00003460,1749,CDT,COP,50
ACC00003460705,CLI00003460,364,Corriente,COP,25
ACC00003460693,CLI00003460,8442,Nomina,COP,96
ACC00003461208,CLI00003461,929,Corriente,COP,116
ACC00003461877,CLI00003461,2430,Corriente,COP,57
ACC00003461964,CLI00003461,5408,Corriente,COP,58
ACC00003462363,CLI00003462,3205,Corriente,COP,32
ACC00003462415,CLI00003462,1798,Corriente,COP,47
ACC00003462942,CLI00003462,3645,Nomina,COP,83
ACC00003463993,CLI00003463,6950,Ahorros,COP,100
ACC00003464669,CLI00003464,857,Ahorros,COP,12
ACC00003464664,CLI00003464,1495,Corriente,COP,27
ACC00003465741,CLI00003465,2531,Ahorros,COP,68
ACC00003465993,CLI00003465,475,Ahorros,COP,93
ACC00003466334,CLI00003466,1834,Ahorros,COP,66
ACC00003466468,CLI00003466,952,CDT,COP,70
ACC00003466427,CLI00003466,3901,Corriente,COP,72
ACC00003467987,CLI00003467,348,Ahorros,COP,117
ACC00003467703,CLI00003467,12590,Corriente,COP,37
ACC00003468634,CLI00003468,1438,Ahorros,COP,58
ACC00003468239,CLI00003468,521,Ahorros,COP,89
ACC00003468239,CLI00003468,981,Corriente,COP,115
ACC00003469567,CLI00003469,18218,Ahorros,COP,106
ACC00003469144,CLI00003469,14462,Corriente,COP,82
ACC00003469128,CLI00003469,15647,CDT,COP,92
ACC00003470370,CLI00003470,20805,Ahorros,COP,43
ACC00003471578,CLI00003471,2059,CDT,COP,5
ACC00003472117,CLI00003472,8001,Ahorros,COP,14
ACC00003472524,CLI00003472,662,Ahorros,COP,87
ACC00003473189,CLI00003473,15480,Ahorros,COP,6
ACC00003474496,CLI00003474,21568,Corriente,COP,63
ACC00003474788,CLI00003474,114660,Ahorros,COP,119
ACC00003474835,CLI00003474,986,Corriente,COP,106
ACC00003475906,CLI00003475,174,CDT,COP,4
ACC00003476106,CLI00003476,1791,Ahorros,COP,68
ACC00003477708,CLI00003477,7272,Corriente,COP,30
ACC00003477543,CLI00003477,2555,Ahorros,COP,93
ACC00003478788,CLI00003478,21127,Ahorros,COP,61
ACC00003478252,CLI00003478,2366,Corriente,COP,50
ACC00003478523,CLI00003478,59,Corriente,COP,117
ACC00003479750,CLI00003479,22620,CDT,COP,13
ACC00003480444,CLI00003480,1382,Ahorros,COP,104
ACC00003480733,CLI00003480,4472,Ahorros,COP,48
ACC00003480796,CLI00003480,3614,Corriente,COP,100
ACC00003481621,CLI00003481,2548,Nomina,COP,76
ACC00003482967,CLI00003482,1177,CDT,COP,25
ACC00003482336,CLI00003482,8537,Corriente,COP,39
ACC00003483888,CLI00003483,8562,Ahorros,COP,42
ACC00003484437,CLI00003484,2334,Corriente,COP,116
ACC00003484247,CLI00003484,3655,Corriente,COP,10
ACC00003485738,CLI00003485,1049,Corriente,COP,114
ACC00003485820,CLI00003485,2855,Ahorros,COP,118
ACC00003485500,CLI00003485,7306,Corriente,COP,99
ACC00003486275,CLI00003486,578,Corriente,COP,32
ACC00003486701,CLI00003486,24448,Nomina,COP,52
ACC00003487821,CLI00003487,478,Ahorros,COP,26
ACC00003488267,CLI00003488,1388,Corriente,COP,119
ACC00003488790,CLI00003488,8817,Nomina,COP,18
ACC00003489503,CLI00003489,2272,Ahorros,COP,21
ACC00003490919,CLI00003490,1117,Ahorros,COP,35
ACC00003490989,CLI00003490,6924,Ahorros,COP,53
ACC00003491825,CLI00003491,2840,Corriente,COP,12
ACC00003492959,CLI00003492,5925,Ahorros,COP,44
ACC00003492750,CLI00003492,1765,Ahorros,COP,97
ACC00003493488,CLI00003493,3348,Ahorros,COP,103
ACC00003493366,CLI00003493,1303,Corriente,COP,54
ACC00003493953,CLI00003493,5016,Ahorros,COP,28
ACC00003494718,CLI00003494,3673,Ahorros,COP,25
ACC00003494822,CLI00003494,1551,Ahorros,COP,34
ACC00003495256,CLI00003495,22941,Ahorros,COP,7
ACC00003495745,CLI00003495,649,Ahorros,COP,71
ACC00003496482,CLI00003496,3527,Ahorros,COP,110
ACC00003497678,CLI00003497,8393,Ahorros,COP,70
ACC00003497285,CLI00003497,2091,Corriente,COP,21
ACC00003498717,CLI00003498,5566,Ahorros,COP,49
ACC00003498385,CLI00003498,9348,Ahorros,COP,70
ACC00003499777,CLI00003499,732,Ahorros,COP,55
ACC00003499915,CLI00003499,3059,Ahorros,COP,37
ACC00003500128,CLI00003500,2353,Corriente,COP,71
ACC00003500659,CLI00003500,2062,Corriente,COP,83
ACC00003501248,CLI00003501,10226,Nomina,COP,38
ACC00003501361,CLI00003501,12227,Nomina,COP,66
ACC00003502839,CLI00003502,58341,Corriente,COP,83
ACC00003502113,CLI00003502,2312,Corriente,COP,40
ACC00003503533,CLI00003503,7428,Nomina,COP,42
ACC00003503835,CLI00003503,1068,Ahorros,COP,119
ACC00003504494,CLI00003504,710,Corriente,COP,109
ACC00003505652,CLI00003505,4657,Corriente,COP,43
ACC00003506473,CLI00003506,1396,Ahorros,COP,60
ACC00003507211,CLI00003507,3002,Ahorros,COP,30
ACC00003508399,CLI00003508,2160,Ahorros,COP,29
ACC00003509727,CLI00003509,1321,Corriente,COP,74
ACC00003509881,CLI00003509,4284,Corriente,COP,118
ACC00003510334,CLI00003510,7733,Ahorros,COP,86
ACC00003510651,CLI00003510,3802,Corriente,COP,41
ACC00003511332,CLI00003511,20018,Nomina,COP,34
ACC00003512478,CLI00003512,15616,Ahorros,COP,118
ACC00003512416,CLI00003512,1479,Ahorros,COP,108
ACC00003513265,CLI00003513,491,Ahorros,COP,91
ACC00003513759,CLI00003513,550,CDT,COP,82
ACC00003514356,CLI00003514,1624,CDT,COP,22
ACC00003514423,CLI00003514,692,Corriente,COP,29
ACC00003514957,CLI00003514,303,Ahorros,COP,112
ACC00003515953,CLI00003515,3886,CDT,COP,76
ACC00003515253,CLI00003515,33071,Corriente,COP,82
ACC00003516305,CLI00003516,50791,Ahorros,COP,55
ACC00003516700,CLI00003516,138,Corriente,COP,24
ACC00003516506,CLI00003516,2420,Ahorros,COP,103
ACC00003517662,CLI00003517,67613,Corriente,COP,63
ACC00003517314,CLI00003517,968,Ahorros,COP,67
ACC00003517708,CLI00003517,1183,Ahorros,COP,65
ACC00003518194,CLI00003518,1672,Ahorros,COP,51
ACC00003518986,CLI00003518,2701,Ahorros,COP,56
ACC00003519398,CLI00003519,5547,Ahorros,COP,89
ACC00003519137,CLI00003519,1481,Ahorros,COP,95
ACC00003520632,CLI00003520,1929,Ahorros,COP,70
ACC00003520807,CLI00003520,3692,Ahorros,COP,11
ACC00003520773,CLI00003520,2435,Ahorros,COP,46
ACC00003521286,CLI00003521,911,Corriente,COP,37
ACC00003521330,CLI00003521,4679,Corriente,COP,92
ACC00003522409,CLI00003522,5320,Ahorros,COP,59
ACC00003523175,CLI00003523,4085,Corriente,COP,90
ACC00003523611,CLI00003523,16032,Ahorros,COP,5
ACC00003523795,CLI00003523,686,Corriente,COP,1
ACC00003524508,CLI00003524,1732,Ahorros,COP,70
ACC00003525597,CLI00003525,9066,Ahorros,COP,21
ACC00003525498,CLI00003525,10320,CDT,COP,23
ACC00003526734,CLI00003526,1725,CDT,COP,16
ACC00003527873,CLI00003527,1695,CDT,COP,118
ACC00003527885,CLI00003527,6044,Ahorros,COP,36
ACC00003527691,CLI00003527,5368,CDT,COP,107
ACC00003528723,CLI00003528,5497,Corriente,COP,82
ACC00003529813,CLI00003529,2572,Nomina,COP,19
ACC00003530357,CLI00003530,796,Corriente,COP,67
ACC00003531580,CLI00003531,2553,Corriente,COP,99
ACC00003532412,CLI00003532,2795,Ahorros,COP,30
ACC00003532454,CLI00003532,597,Corriente,COP,35
ACC00003533992,CLI00003533,572,CDT,COP,94
ACC00003533200,CLI00003533,14309,Ahorros,COP,118
ACC00003533231,CLI00003533,6166,Corriente,COP,105
ACC00003534176,CLI00003534,4425,Nomina,COP,35
ACC00003534839,CLI00003534,3057,Corriente,COP,96
ACC00003535453,CLI00003535,761,Ahorros,COP,70
ACC00003535959,CLI00003535,456,Ahorros,COP,55
ACC00003536766,CLI00003536,4301,Corriente,COP,49
ACC00003537749,CLI00003537,686,Corriente,COP,49
ACC00003538528,CLI00003538,1868,Corriente,COP,22
ACC00003538181,CLI00003538,360,Ahorros,COP,117
ACC00003538488,CLI00003538,16458,Ahorros,COP,8
ACC00003539199,CLI00003539,3343,Nomina,COP,31
ACC00003539586,CLI00003539,5391,Ahorros,COP,38
ACC00003540954,CLI00003540,11616,CDT,COP,16
ACC00003541229,CLI00003541,3639,Ahorros,COP,100
ACC00003541150,CLI00003541,2892,Ahorros,COP,10
ACC00003541268,CLI00003541,1799,Ahorros,COP,98
ACC00003542610,CLI00003542,7784,Corriente,COP,1
ACC00003542512,CLI00003542,2743,Nomina,COP,93
ACC00003543345,CLI00003543,227,Ahorros,COP,119
ACC00003543407,CLI00003543,6004,Ahorros,COP,4
ACC00003543695,CLI00003543,6394,CDT,COP,55
ACC00003544391,CLI00003544,2189,Nomina,COP,58
ACC00003545251,CLI00003545,40822,Corriente,COP,55
ACC00003546735,CLI00003546,4671,CDT,COP,65
ACC00003547853,CLI00003547,32648,Corriente,COP,80
ACC00003547155,CLI00003547,1170,Ahorros,COP,67
ACC00003548670,CLI00003548,13302,Nomina,COP,103
ACC00003548158,CLI00003548,986,Ahorros,COP,80
ACC00003549690,CLI00003549,1043,Ahorros,COP,85
ACC00003549462,CLI00003549,1423,Ahorros,COP,36
ACC00003550132,CLI00003550,7374,Corriente,COP,52
ACC00003550893,CLI00003550,1119,Nomina,COP,17
ACC00003550865,CLI00003550,7395,Ahorros,COP,119
ACC00003551105,CLI00003551,3872,Corriente,COP,12
ACC00003551353,CLI00003551,4371,CDT,COP,13
ACC00003551418,CLI00003551,1748,Ahorros,COP,28
ACC00003552159,CLI00003552,3002,Ahorros,COP,47
ACC00003553466,CLI00003553,154,Nomina,COP,100
ACC00003554761,CLI00003554,6276,Ahorros,COP,6
ACC00003554824,CLI00003554,2334,Corriente,COP,52
ACC00003555612,CLI00003555,8169,Ahorros,COP,98
ACC00003555133,CLI00003555,5375,Ahorros,COP,89
ACC00003556221,CLI00003556,2717,CDT,COP,41
ACC00003557289,CLI00003557,5227,CDT,COP,67
ACC00003558511,CLI00003558,3361,Ahorros,COP,98
ACC00003558193,CLI00003558,1928,Corriente,COP,51
ACC00003558191,CLI00003558,14428,Ahorros,COP,47
ACC00003559465,CLI00003559,18808,Corriente,COP,9
ACC00003559374,CLI00003559,5795,Corriente,COP,55
ACC00003559854,CLI00003559,1198,Corriente,COP,119
ACC00003560452,CLI00003560,2006,Ahorros,COP,54
ACC00003560541,CLI00003560,774,Ahorros,COP,113
ACC00003560295,CLI00003560,4145,Corriente,COP,70
ACC00003561784,CLI00003561,396,Corriente,COP,51
ACC00003562836,CLI00003562,2133,Ahorros,COP,112
ACC00003562126,CLI00003562,12741,Ahorros,COP,39
ACC00003562936,CLI00003562,7746,CDT,COP,5
ACC00003563752,CLI00003563,3410,Ahorros,COP,106
ACC00003563174,CLI00003563,627,Corriente,COP,56
ACC00003564877,CLI00003564,1544,Ahorros,COP,101
ACC00003564572,CLI00003564,43,Ahorros,COP,43
ACC00003564818,CLI00003564,2763,Ahorros,COP,29
ACC00003565917,CLI00003565,3381,Corriente,COP,113
ACC00003565628,CLI00003565,593,Ahorros,COP,86
ACC00003566950,CLI00003566,22937,Ahorros,COP,47
ACC00003567301,CLI00003567,2713,Nomina,COP,91
ACC00003568601,CLI00003568,5197,Ahorros,COP,47
ACC00003569458,CLI00003569,1856,Ahorros,COP,39
ACC00003570628,CLI00003570,4065,Ahorros,COP,111
ACC00003571128,CLI00003571,750,Nomina,COP,35
ACC00003572640,CLI00003572,17025,Ahorros,COP,15
ACC00003572819,CLI00003572,2702,Ahorros,COP,6
ACC00003572712,CLI00003572,1867,Corriente,COP,14
ACC00003573979,CLI00003573,43248,CDT,COP,65
ACC00003573143,CLI00003573,4918,Ahorros,COP,110
ACC00003574145,CLI00003574,3651,Ahorros,COP,19
ACC00003574210,CLI00003574,1119,Ahorros,COP,78
ACC00003575991,CLI00003575,268,Ahorros,COP,33
ACC00003575625,CLI00003575,1755,CDT,COP,8
ACC00003576714,CLI00003576,2524,CDT,COP,31
ACC00003576196,CLI00003576,8854,CDT,COP,29
ACC00003577874,CLI00003577,287,Ahorros,COP,23
ACC00003578341,CLI00003578,232,Ahorros,COP,31
ACC00003578475,CLI00003578,4909,Ahorros,COP,50
ACC00003578193,CLI00003578,3723,Corriente,COP,19
ACC00003579492,CLI00003579,3313,Nomina,COP,112
ACC00003579725,CLI00003579,1404,Corriente,COP,72
ACC00003579375,CLI00003579,737,Ahorros,COP,60
ACC00003580220,CLI00003580,1016,Ahorros,COP,34
ACC00003580760,CLI00003580,12207,CDT,COP,102
ACC00003581243,CLI00003581,1005,CDT,COP,89
ACC00003581169,CLI00003581,14174,Corriente,COP,112
ACC00003581618,CLI00003581,1233,Corriente,COP,76
ACC00003582456,CLI00003582,7089,Corriente,COP,49
ACC00003583825,CLI00003583,139,Corriente,COP,67
ACC00003583825,CLI00003583,664,CDT,COP,64
ACC00003583295,CLI00003583,2932,Ahorros,COP,32
ACC00003584295,CLI00003584,449,Ahorros,COP,74
ACC00003584962,CLI00003584,2872,Ahorros,COP,37
ACC00003584449,CLI00003584,2608,Corriente,COP,11
ACC00003585235,CLI00003585,446,CDT,COP,3
ACC00003586611,CLI00003586,11135,Ahorros,COP,84
ACC00003586852,CLI00003586,13480,Ahorros,COP,4
ACC00003587742,CLI00003587,7761,Nomina,COP,33
ACC00003587793,CLI00003587,1719,Ahorros,COP,82
ACC00003588492,CLI00003588,7466,Corriente,COP,23
ACC00003588522,CLI00003588,10181,Nomina,COP,118
ACC00003588145,CLI00003588,2227,Corriente,COP,47
ACC00003589600,CLI00003589,7509,Ahorros,COP,81
ACC00003589761,CLI00003589,1590,Corriente,COP,26
ACC00003589877,CLI00003589,2632,Ahorros,COP,57
ACC00003590942,CLI00003590,1232,Corriente,COP,16
ACC00003590132,CLI00003590,370,Ahorros,COP,23
ACC00003590972,CLI00003590,42622,Ahorros,COP,40
ACC00003591693,CLI00003591,1517,Corriente,COP,86
ACC00003591456,CLI00003591,2099,Ahorros,COP,88
ACC00003592699,CLI00003592,2895,Ahorros,COP,42
ACC00003592354,CLI00003592,1376,Corriente,COP,7
ACC00003592552,CLI00003592,1124,Ahorros,COP,87
ACC00003593181,CLI00003593,68150,Ahorros,COP,114
ACC00003594179,CLI00003594,1341,Ahorros,COP,51
ACC00003595798,CLI00003595,1055,Corriente,COP,117
ACC00003595396,CLI00003595,3554,Nomina,COP,65
ACC00003596691,CLI00003596,9905,Corriente,COP,19
ACC00003596455,CLI00003596,6579,Corriente,COP,115
ACC00003597374,CLI00003597,976,Ahorros,COP,53
ACC00003598788,CLI00003598,1501,Corriente,COP,83
ACC00003598833,CLI00003598,2101,Corriente,COP,26
ACC00003598956,CLI00003598,97,Corriente,COP,65
ACC00003599395,CLI00003599,3585,Corriente,COP,108
ACC00003599729,CLI00003599,3077,Corriente,COP,31
ACC00003599868,CLI00003599,14230,CDT,COP,23
ACC00003600870,CLI00003600,1568,Corriente,COP,100
ACC00003601739,CLI00003601,3072,Ahorros,COP,97
ACC00003601777,CLI00003601,5468,Ahorros,COP,29
ACC00003602278,CLI00003602,2772,Corriente,COP,83
ACC00003602123,CLI00003602,4258,Ahorros,COP,98
ACC00003603657,CLI00003603,1494,Nomina,COP,101
ACC00003603309,CLI00003603,6087,Corriente,COP,92
ACC00003604958,CLI00003604,2129,CDT,COP,100
ACC00003604460,CLI00003604,21579,Ahorros,COP,73
ACC00003604242,CLI00003604,3085,CDT,COP,101
ACC00003605415,CLI00003605,1591,Corriente,COP,48
ACC00003605783,CLI00003605,5695,CDT,COP,36
ACC00003605486,CLI00003605,12324,CDT,COP,101
ACC00003606357,CLI00003606,835,Corriente,COP,51
ACC00003606702,CLI00003606,10100,Ahorros,COP,112
ACC00003607273,CLI00003607,4214,Ahorros,COP,81
ACC00003608840,CLI00003608,1323,CDT,COP,41
ACC00003608566,CLI00003608,2436,Ahorros,COP,109
ACC00003608721,CLI00003608,6112,CDT,COP,55
ACC00003609392,CLI00003609,13582,Ahorros,COP,85
ACC00003609831,CLI00003609,2005,Ahorros,COP,54
ACC00003610444,CLI00003610,7809,Nomina,COP,67
ACC00003611462,CLI00003611,240,Ahorros,COP,119
ACC00003611983,CLI00003611,7192,Ahorros,COP,63
ACC00003611254,CLI00003611,64,Corriente,COP,39
ACC00003612367,CLI00003612,7401,Corriente,COP,94
ACC00003612268,CLI00003612,398,Corriente,COP,113
ACC00003612595,CLI00003612,358,Ahorros,COP,12
ACC00003613961,CLI00003613,3217,CDT,COP,106
ACC00003613405,CLI00003613,1594,Ahorros,COP,60
ACC00003613493,CLI00003613,18047,Ahorros,COP,101
ACC00003614414,CLI00003614,1723,Ahorros,COP,33
ACC00003614295,CLI00003614,1853,Nomina,COP,12
ACC00003614167,CLI00003614,1087,Corriente,COP,118
ACC00003615490,CLI00003615,3743,Corriente,COP,46
ACC00003615320,CLI00003615,771,Nomina,COP,89
ACC00003616148,CLI00003616,3746,Ahorros,COP,92
ACC00003616428,CLI00003616,3660,Nomina,COP,46
ACC00003616257,CLI00003616,2537,Corriente,COP,81
ACC00003617996,CLI00003617,2992,CDT,COP,46
ACC00003617190,CLI00003617,2627,CDT,COP,119
ACC00003617177,CLI00003617,10260,Ahorros,COP,31
ACC00003618976,CLI00003618,847,Ahorros,COP,118
ACC00003618327,CLI00003618,4679,Nomina,COP,30
ACC00003619362,CLI00003619,1549,Corriente,COP,106
ACC00003619980,CLI00003619,39158,CDT,COP,38
ACC00003620116,CLI00003620,2541,Ahorros,COP,59
ACC00003621488,CLI00003621,1284,Corriente,COP,89
ACC00003621224,CLI00003621,669,Ahorros,COP,25
ACC00003622459,CLI00003622,6281,Nomina,COP,37
ACC00003623553,CLI00003623,5659,Ahorros,COP,60
ACC00003623181,CLI00003623,864,Corriente,COP,91
ACC00003624389,CLI00003624,8135,Ahorros,COP,87
ACC00003624743,CLI00003624,484,Ahorros,COP,11
ACC00003625193,CLI00003625,2016,Ahorros,COP,66
ACC00003625106,CLI00003625,1491,Ahorros,COP,80
ACC00003625227,CLI00003625,685,Nomina,COP,9
ACC00003626244,CLI00003626,1949,Nomina,COP,68
ACC00003627422,CLI00003627,6462,Ahorros,COP,100
ACC00003628935,CLI00003628,7892,CDT,COP,53
ACC00003628244,CLI00003628,10346,Nomina,COP,49
ACC00003629608,CLI00003629,101912,Ahorros,COP,105
ACC00003629308,CLI00003629,6430,Corriente,COP,86
ACC00003629969,CLI00003629,1184,Corriente,COP,43
ACC00003630136,CLI00003630,2992,Ahorros,COP,32
ACC00003630916,CLI00003630,8693,Corriente,COP,67
ACC00003630467,CLI00003630,2655,Ahorros,COP,52
ACC00003631931,CLI00003631,1525,Ahorros,COP,16
ACC00003631491,CLI00003631,3904,Ahorros,COP,3
ACC00003632554,CLI00003632,2846,Ahorros,COP,52
ACC00003632210,CLI00003632,2141,Ahorros,COP,33
ACC00003633637,CLI00003633,772,Ahorros,COP,106
ACC00003634501,CLI00003634,7503,Ahorros,COP,70
ACC00003634544,CLI00003634,5889,Corriente,COP,112
ACC00003634157,CLI00003634,9730,Corriente,COP,62
ACC00003635841,CLI00003635,1196,Corriente,COP,16
ACC00003636849,CLI00003636,5039,CDT,COP,47
ACC00003636803,CLI00003636,899,Ahorros,COP,35
ACC00003637558,CLI00003637,1684,CDT,COP,57
ACC00003637629,CLI00003637,1264,Ahorros,COP,100
ACC00003638673,CLI00003638,1945,Ahorros,COP,55
ACC00003639413,CLI00003639,4485,Corriente,COP,72
ACC00003639954,CLI00003639,3730,Ahorros,COP,102
ACC00003640422,CLI00003640,2801,Corriente,COP,3
ACC00003641805,CLI00003641,1665,Ahorros,COP,7
ACC00003642204,CLI00003642,2040,Nomina,COP,106
ACC00003642480,CLI00003642,183,Ahorros,COP,105
ACC00003642649,CLI00003642,1088,Ahorros,COP,49
ACC00003643708,CLI00003643,1641,Ahorros,COP,6
ACC00003644228,CLI00003644,9367,Nomina,COP,112
ACC00003644794,CLI00003644,1067,Ahorros,COP,77
ACC00003645575,CLI00003645,8431,Ahorros,COP,28
ACC00003645732,CLI00003645,3219,CDT,COP,48
ACC00003645991,CLI00003645,1080,Ahorros,COP,19
ACC00003646326,CLI00003646,3977,Corriente,COP,96
ACC00003646305,CLI00003646,335,Ahorros,COP,94
ACC00003646745,CLI00003646,2439,Corriente,COP,118
ACC00003647458,CLI00003647,571,Ahorros,COP,84
ACC00003648426,CLI00003648,1165,Ahorros,COP,17
ACC00003648374,CLI00003648,22209,Ahorros,COP,13
ACC00003648383,CLI00003648,529,Ahorros,COP,39
ACC00003649634,CLI00003649,10233,Ahorros,COP,10
ACC00003649683,CLI00003649,15861,Corriente,COP,94
ACC00003649959,CLI00003649,2209,CDT,COP,48
ACC00003650611,CLI00003650,1780,Corriente,COP,34
ACC00003650883,CLI00003650,612,Corriente,COP,71
ACC00003650368,CLI00003650,1484,CDT,COP,75
ACC00003651891,CLI00003651,2921,Corriente,COP,79
ACC00003651917,CLI00003651,3808,Corriente,COP,5
ACC00003652296,CLI00003652,2727,Ahorros,COP,92
ACC00003652194,CLI00003652,1172,Ahorros,COP,93
ACC00003652253,CLI00003652,10528,Ahorros,COP,83
ACC00003653862,CLI00003653,16737,Ahorros,COP,43
ACC00003653758,CLI00003653,6351,Ahorros,COP,2
ACC00003654920,CLI00003654,2130,Corriente,COP,82
ACC00003655332,CLI00003655,1240,Ahorros,COP,14
ACC00003655284,CLI00003655,987,Nomina,COP,28
ACC00003656352,CLI00003656,7540,Corriente,COP,12
ACC00003656824,CLI00003656,1698,Nomina,COP,83
ACC00003656250,CLI00003656,4041,CDT,COP,70
ACC00003657437,CLI00003657,1582,CDT,COP,10
ACC00003658636,CLI00003658,15911,Corriente,COP,5
ACC00003658509,CLI00003658,4321,CDT,COP,1
ACC00003658781,CLI00003658,4310,Corriente,COP,11
ACC00003659987,CLI00003659,2366,Nomina,COP,118
ACC00003659730,CLI00003659,1517,Ahorros,COP,115
ACC00003659644,CLI00003659,720,Ahorros,COP,87
ACC00003660145,CLI00003660,4551,Nomina,COP,64
ACC00003660694,CLI00003660,256,Ahorros,COP,87
ACC00003661188,CLI00003661,1718,Corriente,COP,100
ACC00003662891,CLI00003662,47480,Ahorros,COP,27
ACC00003662589,CLI00003662,1565,Corriente,COP,88
ACC00003663268,CLI00003663,599,Corriente,COP,117
ACC00003664752,CLI00003664,1517,Ahorros,COP,85
ACC00003664622,CLI00003664,3785,Corriente,COP,94
ACC00003664604,CLI00003664,6803,CDT,COP,45
ACC00003665849,CLI00003665,1763,Corriente,COP,81
ACC00003665868,CLI00003665,3180,Nomina,COP,31
ACC00003666189,CLI00003666,2940,CDT,COP,32
ACC00003666466,CLI00003666,1080,Ahorros,COP,31
ACC00003666103,CLI00003666,338,Ahorros,COP,104
ACC00003667340,CLI00003667,10439,Ahorros,COP,18
ACC00003667228,CLI00003667,13611,Corriente,COP,54
ACC00003668123,CLI00003668,1471,Corriente,COP,74
ACC00003668661,CLI00003668,4844,CDT,COP,17
ACC00003669242,CLI00003669,2980,Ahorros,COP,109
ACC00003670879,CLI00003670,12402,Ahorros,COP,38
ACC00003670650,CLI00003670,4182,Ahorros,COP,91
ACC00003671107,CLI00003671,356,CDT,COP,10
ACC00003671451,CLI00003671,2834,Nomina,COP,107
ACC00003671254,CLI00003671,3723,Ahorros,COP,106
ACC00003672229,CLI00003672,3054,Ahorros,COP,111
ACC00003673786,CLI00003673,5020,Ahorros,COP,59
ACC00003673256,CLI00003673,1760,Ahorros,COP,35
ACC00003673125,CLI00003673,1428,Ahorros,COP,58
ACC00003674127,CLI00003674,1633,Corriente,COP,40
ACC00003674656,CLI00003674,46609,Ahorros,COP,95
ACC00003674903,CLI00003674,3466,Ahorros,COP,31
ACC00003675299,CLI00003675,1788,Corriente,COP,91
ACC00003675512,CLI00003675,771,Ahorros,COP,81
ACC00003676876,CLI00003676,4386,Ahorros,COP,67
ACC00003676839,CLI00003676,3684,Ahorros,COP,116
ACC00003677398,CLI00003677,266,Ahorros,COP,26
ACC00003677507,CLI00003677,2160,Ahorros,COP,43
ACC00003678438,CLI00003678,7350,Ahorros,COP,35
ACC00003678371,CLI00003678,592,Ahorros,COP,110
ACC00003679359,CLI00003679,3394,Ahorros,COP,21
ACC00003679441,CLI00003679,897,Ahorros,COP,85
ACC00003680262,CLI00003680,18188,CDT,COP,43
ACC00003680168,CLI00003680,8178,Corriente,COP,56
ACC00003680284,CLI00003680,1284,Corriente,COP,93
ACC00003681196,CLI00003681,1313,Ahorros,COP,61
ACC00003681981,CLI00003681,1081,CDT,COP,70
ACC00003682415,CLI00003682,1657,Ahorros,COP,59
ACC00003683279,CLI00003683,3046,Ahorros,COP,47
ACC00003684751,CLI00003684,3583,CDT,COP,11
ACC00003684858,CLI00003684,1001,Ahorros,COP,62
ACC00003685335,CLI00003685,6550,Ahorros,COP,17
ACC00003685384,CLI00003685,837,Corriente,COP,119
ACC00003686434,CLI00003686,2931,Corriente,COP,106
ACC00003687478,CLI00003687,5410,Ahorros,COP,70
ACC00003687607,CLI00003687,6504,Nomina,COP,85
ACC00003687531,CLI00003687,2648,Corriente,COP,18
ACC00003688313,CLI00003688,430,CDT,COP,29
ACC00003688156,CLI00003688,15004,CDT,COP,50
ACC00003688961,CLI00003688,1952,Ahorros,COP,107
ACC00003689314,CLI00003689,252,Nomina,COP,44
ACC00003689455,CLI00003689,1352,Ahorros,COP,41
ACC00003690912,CLI00003690,249,Ahorros,COP,14
ACC00003690986,CLI00003690,4480,CDT,COP,112
ACC00003691556,CLI00003691,3627,Ahorros,COP,47
ACC00003692350,CLI00003692,1985,Ahorros,COP,79
ACC00003693210,CLI00003693,9980,Ahorros,COP,115
ACC00003693256,CLI00003693,2132,Ahorros,COP,112
ACC00003694386,CLI00003694,8548,Corriente,COP,5
ACC00003694452,CLI00003694,629,Ahorros,COP,24
ACC00003695368,CLI00003695,1418,Corriente,COP,56
ACC00003695967,CLI00003695,7264,Ahorros,COP,74
ACC00003696986,CLI00003696,2525,Corriente,COP,41
ACC00003696938,CLI00003696,434,CDT,COP,61
ACC00003696425,CLI00003696,1485,CDT,COP,54
ACC00003697750,CLI00003697,1056,Corriente,COP,87
ACC00003697722,CLI00003697,3681,Ahorros,COP,94
ACC00003697430,CLI00003697,8948,Ahorros,COP,41
ACC00003698181,CLI00003698,1074,Nomina,COP,56
ACC00003699448,CLI00003699,398,Nomina,COP,74
ACC00003700669,CLI00003700,5074,Ahorros,COP,108
ACC00003700464,CLI00003700,6314,Ahorros,COP,93
ACC00003700584,CLI00003700,10195,Ahorros,COP,64
ACC00003701907,CLI00003701,625,Ahorros,COP,102
ACC00003702542,CLI00003702,1031,Ahorros,COP,52
ACC00003702378,CLI00003702,1506,Ahorros,COP,22
ACC00003703226,CLI00003703,6127,Corriente,COP,29
ACC00003703912,CLI00003703,3394,Ahorros,COP,2
ACC00003703829,CLI00003703,1701,Corriente,COP,34
ACC00003704371,CLI00003704,3971,Ahorros,COP,25
ACC00003705901,CLI00003705,1659,Ahorros,COP,109
ACC00003705317,CLI00003705,762,Ahorros,COP,72
ACC00003706844,CLI00003706,4306,CDT,COP,26
ACC00003706363,CLI00003706,2991,Corriente,COP,55
ACC00003707483,CLI00003707,2668,Corriente,COP,35
ACC00003708737,CLI00003708,2804,Corriente,COP,4
ACC00003708213,CLI00003708,10434,Ahorros,COP,49
ACC00003708353,CLI00003708,2911,Ahorros,COP,34
ACC00003709712,CLI00003709,1861,Ahorros,COP,78
ACC00003710625,CLI00003710,1238,Corriente,COP,48
ACC00003710554,CLI00003710,2824,Corriente,COP,114
ACC00003711868,CLI00003711,7412,Nomina,COP,109
ACC00003711528,CLI00003711,1517,Ahorros,COP,76
ACC00003712277,CLI00003712,1334,Ahorros,COP,9
ACC00003713399,CLI00003713,3701,Ahorros,COP,25
ACC00003713504,CLI00003713,3099,Ahorros,COP,33
ACC00003713616,CLI00003713,1273,Ahorros,COP,85
ACC00003714175,CLI00003714,4578,Ahorros,COP,76
ACC00003715558,CLI00003715,23816,Corriente,COP,98
ACC00003715695,CLI00003715,2043,Corriente,COP,7
ACC00003716648,CLI00003716,6155,Ahorros,COP,67
ACC00003716299,CLI00003716,1994,Corriente,COP,22
ACC00003716275,CLI00003716,854,Corriente,COP,48
ACC00003717231,CLI00003717,933,Nomina,COP,82
ACC00003718338,CLI00003718,8107,Ahorros,COP,46
ACC00003718640,CLI00003718,1817,Ahorros,COP,49
ACC00003718354,CLI00003718,7975,Ahorros,COP,32
ACC00003719468,CLI00003719,1651,CDT,COP,33
ACC00003719264,CLI00003719,1418,Ahorros,COP,41
ACC00003719236,CLI00003719,2942,Ahorros,COP,92
ACC00003720488,CLI00003720,2905,CDT,COP,84
ACC00003720250,CLI00003720,2424,Ahorros,COP,53
ACC00003720918,CLI00003720,1922,Ahorros,COP,74
ACC00003721480,CLI00003721,2312,CDT,COP,95
ACC00003721221,CLI00003721,1086,Nomina,COP,30
ACC00003722230,CLI00003722,618,Ahorros,COP,9
ACC00003722317,CLI00003722,30470,Nomina,COP,83
ACC00003723795,CLI00003723,5917,Corriente,COP,102
ACC00003724827,CLI00003724,5929,Corriente,COP,21
ACC00003725720,CLI00003725,4353,CDT,COP,19
ACC00003726197,CLI00003726,2953,Corriente,COP,27
ACC00003726417,CLI00003726,839,Ahorros,COP,24
ACC00003727270,CLI00003727,1793,Corriente,COP,110
ACC00003727489,CLI00003727,4168,Ahorros,COP,110
ACC00003727491,CLI00003727,5587,Corriente,COP,4
ACC00003728952,CLI00003728,11227,Ahorros,COP,119
ACC00003729295,CLI00003729,819,Corriente,COP,77
ACC00003729382,CLI00003729,4398,Ahorros,COP,48
ACC00003730856,CLI00003730,9505,Corriente,COP,30
ACC00003730172,CLI00003730,998,Corriente,COP,118
ACC00003731644,CLI00003731,2657,Corriente,COP,55
ACC00003732112,CLI00003732,197,Corriente,COP,29
ACC00003733665,CLI00003733,7218,Ahorros,COP,13
ACC00003733761,CLI00003733,3789,Corriente,COP,31
ACC00003733117,CLI00003733,18603,Ahorros,COP,25
ACC00003734898,CLI00003734,10544,Ahorros,COP,21
ACC00003735136,CLI00003735,1239,Nomina,COP,119
ACC00003735858,CLI00003735,799,Ahorros,COP,109
ACC00003736798,CLI00003736,7343,CDT,COP,47
ACC00003737849,CLI00003737,11888,Ahorros,COP,97
ACC00003737728,CLI00003737,3058,Corriente,COP,55
ACC00003738489,CLI00003738,13089,Ahorros,COP,34
ACC00003738753,CLI00003738,6359,CDT,COP,27
ACC00003738857,CLI00003738,3885,Ahorros,COP,23
ACC00003739806,CLI00003739,2695,Ahorros,COP,7
ACC00003739246,CLI00003739,2317,Corriente,COP,10
ACC00003740936,CLI00003740,2806,Ahorros,COP,36
ACC00003741123,CLI00003741,1772,Ahorros,COP,86
ACC00003742533,CLI00003742,2466,Corriente,COP,66
ACC00003742192,CLI00003742,422,Corriente,COP,109
ACC00003742384,CLI00003742,26112,Nomina,COP,75
ACC00003743832,CLI00003743,720,Corriente,COP,13
ACC00003743415,CLI00003743,3766,CDT,COP,61
ACC00003744299,CLI00003744,4139,Corriente,COP,62
ACC00003745230,CLI00003745,1391,Ahorros,COP,56
ACC00003746329,CLI00003746,2512,Corriente,COP,116
ACC00003746975,CLI00003746,3354,Ahorros,COP,19
ACC00003747707,CLI00003747,2201,Corriente,COP,39
ACC00003748650,CLI00003748,754,Nomina,COP,38
ACC00003748513,CLI00003748,8181,CDT,COP,109
ACC00003749736,CLI00003749,3263,Corriente,COP,103
ACC00003750233,CLI00003750,831,Ahorros,COP,115
ACC00003751268,CLI00003751,1124,Corriente,COP,111
ACC00003751587,CLI00003751,3113,Corriente,COP,109
ACC00003751748,CLI00003751,1194,Ahorros,COP,88
ACC00003752478,CLI00003752,17465,Nomina,COP,72
ACC00003753401,CLI00003753,9462,Ahorros,COP,8
ACC00003754583,CLI00003754,19546,Ahorros,COP,44
ACC00003754876,CLI00003754,1506,Corriente,COP,18
ACC00003755490,CLI00003755,6501,Ahorros,COP,3
ACC00003756136,CLI00003756,8027,Ahorros,COP,82
ACC00003756563,CLI00003756,11187,Nomina,COP,28
ACC00003756975,CLI00003756,5362,Corriente,COP,117
ACC00003757569,CLI00003757,2919,Ahorros,COP,106
ACC00003757126,CLI00003757,9106,Corriente,COP,31
ACC00003758761,CLI00003758,1132,Ahorros,COP,5
ACC00003758132,CLI00003758,816,Ahorros,COP,9
ACC00003758574,CLI00003758,74278,Ahorros,COP,89
ACC00003759758,CLI00003759,5109,CDT,COP,78
ACC00003760398,CLI00003760,1255,Corriente,COP,2
ACC00003760602,CLI00003760,8329,Corriente,COP,2
ACC00003760290,CLI00003760,695,Corriente,COP,119
ACC00003761741,CLI00003761,4145,Ahorros,COP,109
ACC00003761240,CLI00003761,1342,CDT,COP,18
ACC00003761327,CLI00003761,7592,Ahorros,COP,95
ACC00003762730,CLI00003762,15295,Ahorros,COP,89
ACC00003762570,CLI00003762,2505,Ahorros,COP,95
ACC00003763147,CLI00003763,453,Ahorros,COP,99
ACC00003763271,CLI00003763,19122,Ahorros,COP,95
ACC00003763748,CLI00003763,2271,Ahorros,COP,105
ACC00003764318,CLI00003764,2380,Ahorros,COP,71
ACC00003764235,CLI00003764,565,Corriente,COP,65
ACC00003764501,CLI00003764,4291,Corriente,COP,96
ACC00003765338,CLI00003765,21553,Ahorros,COP,91
ACC00003766909,CLI00003766,5684,Ahorros,COP,107
ACC00003767271,CLI00003767,9233,Ahorros,COP,93
ACC00003768663,CLI00003768,8922,Ahorros,COP,26
ACC00003768628,CLI00003768,13863,Ahorros,COP,57
ACC00003769383,CLI00003769,817,Ahorros,COP,106
ACC00003769183,CLI00003769,1348,Ahorros,COP,15
ACC00003769892,CLI00003769,9217,Ahorros,COP,33
ACC00003770163,CLI00003770,1225,Ahorros,COP,24
ACC00003770962,CLI00003770,3052,Ahorros,COP,57
ACC00003771998,CLI00003771,2551,Ahorros,COP,24
ACC00003771523,CLI00003771,3690,Ahorros,COP,83
ACC00003772290,CLI00003772,3583,CDT,COP,37
ACC00003773429,CLI00003773,6413,Ahorros,COP,89
ACC00003773955,CLI00003773,32464,Corriente,COP,57
ACC00003773181,CLI00003773,1577,Ahorros,COP,118
ACC00003774994,CLI00003774,47628,Ahorros,COP,3
ACC00003775234,CLI00003775,3208,Corriente,COP,88
ACC00003775286,CLI00003775,8728,Ahorros,COP,48
ACC00003775444,CLI00003775,3713,Ahorros,COP,56
ACC00003776618,CLI00003776,5680,CDT,COP,110
ACC00003777121,CLI00003777,3039,Corriente,COP,3
ACC00003777213,CLI00003777,4148,Ahorros,COP,39
ACC00003778602,CLI00003778,10219,CDT,COP,79
ACC00003778672,CLI00003778,1174,Ahorros,COP,38
ACC00003778153,CLI00003778,702,Ahorros,COP,112
ACC00003779984,CLI00003779,5483,Ahorros,COP,54
ACC00003779544,CLI00003779,1332,Nomina,COP,24
ACC00003780651,CLI00003780,567,Ahorros,COP,79
ACC00003780386,CLI00003780,3341,Nomina,COP,111
ACC00003781215,CLI00003781,6415,Corriente,COP,21
ACC00003781184,CLI00003781,3908,Ahorros,COP,93
ACC00003781108,CLI00003781,4237,Ahorros,COP,58
ACC00003782789,CLI00003782,5333,Corriente,COP,118
ACC00003782296,CLI00003782,1238,CDT,COP,50
ACC00003783759,CLI00003783,15510,Ahorros,COP,89
ACC00003783757,CLI00003783,7458,Ahorros,COP,89
ACC00003783329,CLI00003783,5278,CDT,COP,51
ACC00003784433,CLI00003784,3304,Ahorros,COP,47
ACC00003785970,CLI00003785,32135,Ahorros,COP,41
ACC00003785665,CLI00003785,1360,Ahorros,COP,61
ACC00003785168,CLI00003785,3503,Ahorros,COP,60
ACC00003786753,CLI00003786,377,Corriente,COP,67
ACC00003786327,CLI00003786,14021,Ahorros,COP,6
ACC00003787685,CLI00003787,1077,Corriente,COP,10
ACC00003788403,CLI00003788,9291,Corriente,COP,98
ACC00003788386,CLI00003788,2536,Corriente,COP,38
ACC00003789803,CLI00003789,349,Ahorros,COP,67
ACC00003789682,CLI00003789,963,Ahorros,COP,52
ACC00003789446,CLI00003789,5344,Corriente,COP,75
ACC00003790204,CLI00003790,5192,Corriente,COP,25
ACC00003790888,CLI00003790,2279,Corriente,COP,47
ACC00003791204,CLI00003791,13266,Corriente,COP,12
ACC00003791312,CLI00003791,954,Ahorros,COP,87
ACC00003792423,CLI00003792,5120,Ahorros,COP,107
ACC00003793581,CLI00003793,1917,Nomina,COP,77
ACC00003793203,CLI00003793,3439,Corriente,COP,115
ACC00003794186,CLI00003794,2837,Nomina,COP,16
ACC00003795759,CLI00003795,8931,Corriente,COP,65
ACC00003795900,CLI00003795,4310,Corriente,COP,81
ACC00003796694,CLI00003796,5712,Ahorros,COP,91
ACC00003796446,CLI00003796,8965,Corriente,COP,112
ACC00003796217,CLI00003796,3265,Ahorros,COP,16
ACC00003797378,CLI00003797,1106,Ahorros,COP,92
ACC00003797848,CLI00003797,494,Corriente,COP,94
ACC00003797808,CLI00003797,4772,Ahorros,COP,64
ACC00003798413,CLI00003798,407,Ahorros,COP,80
ACC00003799239,CLI00003799,796,Ahorros,COP,68
ACC00003799821,CLI00003799,9933,Corriente,COP,83
ACC00003799508,CLI00003799,1953,CDT,COP,46
ACC00003800226,CLI00003800,172,Nomina,COP,44
ACC00003800923,CLI00003800,474,Ahorros,COP,21
ACC00003801982,CLI00003801,4471,Nomina,COP,3
ACC00003801196,CLI00003801,10625,Ahorros,COP,97
ACC00003801153,CLI00003801,2373,Ahorros,COP,95
ACC00003802932,CLI00003802,522,Corriente,COP,12
ACC00003803193,CLI00003803,4187,Corriente,COP,15
ACC00003803365,CLI00003803,2028,Nomina,COP,51
ACC00003803369,CLI00003803,5422,Ahorros,COP,16
ACC00003804764,CLI00003804,189,Corriente,COP,103
ACC00003805617,CLI00003805,668,Ahorros,COP,94
ACC00003805235,CLI00003805,21338,Corriente,COP,115
ACC00003805382,CLI00003805,1045,Ahorros,COP,58
ACC00003806410,CLI00003806,20426,Corriente,COP,8
ACC00003807197,CLI00003807,4215,Ahorros,COP,114
ACC00003808705,CLI00003808,4175,Ahorros,COP,16
ACC00003808915,CLI00003808,1147,Ahorros,COP,112
ACC00003808810,CLI00003808,6236,Ahorros,COP,63
ACC00003809114,CLI00003809,10588,Corriente,COP,87
ACC00003810963,CLI00003810,2414,Ahorros,COP,9
ACC00003810876,CLI00003810,7328,Ahorros,COP,53
ACC00003810746,CLI00003810,2960,CDT,COP,17
ACC00003811511,CLI00003811,7745,CDT,COP,101
ACC00003811575,CLI00003811,1364,Ahorros,COP,4
ACC00003812932,CLI00003812,15231,Ahorros,COP,112
ACC00003812639,CLI00003812,3541,Ahorros,COP,79
ACC00003813326,CLI00003813,702,Corriente,COP,93
ACC00003813670,CLI00003813,1306,Corriente,COP,25
ACC00003813829,CLI00003813,2191,Ahorros,COP,99
ACC00003814251,CLI00003814,4678,Ahorros,COP,16
ACC00003814484,CLI00003814,772,Nomina,COP,112
ACC00003815753,CLI00003815,776,Ahorros,COP,58
ACC00003816401,CLI00003816,12248,Ahorros,COP,87
ACC00003816904,CLI00003816,73973,Ahorros,COP,72
ACC00003817616,CLI00003817,74876,Ahorros,COP,106
ACC00003817161,CLI00003817,2043,Ahorros,COP,56
ACC00003818347,CLI00003818,13906,Ahorros,COP,53
ACC00003819123,CLI00003819,2814,Ahorros,COP,13
ACC00003819284,CLI00003819,2059,Ahorros,COP,21
ACC00003819693,CLI00003819,2665,Ahorros,COP,95
ACC00003820750,CLI00003820,3589,Corriente,COP,7
ACC00003820560,CLI00003820,2298,Corriente,COP,21
ACC00003820251,CLI00003820,953,Ahorros,COP,113
ACC00003821887,CLI00003821,7224,Ahorros,COP,52
ACC00003822299,CLI00003822,26503,Corriente,COP,11
ACC00003822102,CLI00003822,95530,Nomina,COP,26
ACC00003823147,CLI00003823,4592,Ahorros,COP,93
ACC00003823187,CLI00003823,953,Ahorros,COP,27
ACC00003824102,CLI00003824,31160,Corriente,COP,89
ACC00003824862,CLI00003824,28492,Ahorros,COP,86
ACC00003825496,CLI00003825,1836,Ahorros,COP,14
ACC00003825267,CLI00003825,6386,Ahorros,COP,104
ACC00003825697,CLI00003825,2538,Ahorros,COP,38
ACC00003826474,CLI00003826,3045,Corriente,COP,45
ACC00003826728,CLI00003826,4339,Corriente,COP,1
ACC00003826580,CLI00003826,42224,Ahorros,COP,40
ACC00003827478,CLI00003827,2932,Ahorros,COP,72
ACC00003828274,CLI00003828,11190,Ahorros,COP,38
ACC00003828736,CLI00003828,1601,Ahorros,COP,5
ACC00003828731,CLI00003828,455,Ahorros,COP,115
ACC00003829254,CLI00003829,2791,Corriente,COP,25
ACC00003830382,CLI00003830,10698,Nomina,COP,38
ACC00003830637,CLI00003830,765,Ahorros,COP,31
ACC00003830692,CLI00003830,2542,Ahorros,COP,34
ACC00003831813,CLI00003831,4448,Ahorros,COP,50
ACC00003831132,CLI00003831,3018,Corriente,COP,55
ACC00003832551,CLI00003832,2676,Ahorros,COP,97
ACC00003833537,CLI00003833,4807,Ahorros,COP,50
ACC00003833436,CLI00003833,4515,CDT,COP,13
ACC00003833499,CLI00003833,1182,Corriente,COP,5
ACC00003834943,CLI00003834,4512,Ahorros,COP,68
ACC00003834432,CLI00003834,6267,CDT,COP,36
ACC00003835238,CLI00003835,12104,CDT,COP,41
ACC00003835422,CLI00003835,2908,Ahorros,COP,96
ACC00003835280,CLI00003835,5838,Corriente,COP,39
ACC00003836292,CLI00003836,5922,Ahorros,COP,90
ACC00003837992,CLI00003837,22386,Nomina,COP,53
ACC00003837321,CLI00003837,10714,Ahorros,COP,119
ACC00003837400,CLI00003837,1514,Corriente,COP,16
ACC00003838682,CLI00003838,1440,Corriente,COP,53
ACC00003839924,CLI00003839,4173,Corriente,COP,34
ACC00003839726,CLI00003839,491,Ahorros,COP,14
ACC00003840278,CLI00003840,1026,Ahorros,COP,65
ACC00003841846,CLI00003841,1197,Corriente,COP,35
ACC00003841592,CLI00003841,3713,Corriente,COP,69
ACC00003842329,CLI00003842,4062,Ahorros,COP,79
ACC00003842724,CLI00003842,2186,Nomina,COP,82
ACC00003842256,CLI00003842,9352,Corriente,COP,34
ACC00003843779,CLI00003843,4719,CDT,COP,82
ACC00003844688,CLI00003844,1092,Ahorros,COP,98
ACC00003844359,CLI00003844,1080,Nomina,COP,66
ACC00003844485,CLI00003844,1361,Corriente,COP,81
ACC00003845672,CLI00003845,3952,Ahorros,COP,96
ACC00003845885,CLI00003845,788,Nomina,COP,104
ACC00003845222,CLI00003845,274,Ahorros,COP,28
ACC00003846586,CLI00003846,2352,Ahorros,COP,30
ACC00003847922,CLI00003847,1892,Corriente,COP,33
ACC00003848416,CLI00003848,227,CDT,COP,107
ACC00003848206,CLI00003848,4312,Corriente,COP,98
ACC00003848674,CLI00003848,962,Ahorros,COP,47
ACC00003849485,CLI00003849,954,Ahorros,COP,71
ACC00003849794,CLI00003849,768,Ahorros,COP,79
ACC00003849857,CLI00003849,2193,Corriente,COP,24
ACC00003850829,CLI00003850,7737,Corriente,COP,4
ACC00003851170,CLI00003851,1600,Ahorros,COP,23
ACC00003851692,CLI00003851,4521,Ahorros,COP,117
ACC00003852902,CLI00003852,6153,Ahorros,COP,1
ACC00003852891,CLI00003852,36824,Corriente,COP,27
ACC00003853869,CLI00003853,223,Ahorros,COP,29
ACC00003853539,CLI00003853,1769,Nomina,COP,111
ACC00003854164,CLI00003854,801,Ahorros,COP,54
ACC00003854837,CLI00003854,13088,Corriente,COP,57
ACC00003855420,CLI00003855,5573,Corriente,COP,12
ACC00003855896,CLI00003855,2514,Nomina,COP,60
ACC00003856743,CLI00003856,1388,Ahorros,COP,74
ACC00003856485,CLI00003856,2338,CDT,COP,1
ACC00003857861,CLI00003857,13685,Ahorros,COP,94
ACC00003857529,CLI00003857,62162,Ahorros,COP,72
ACC00003858843,CLI00003858,2094,CDT,COP,58
ACC00003858206,CLI00003858,1435,CDT,COP,99
ACC00003858490,CLI00003858,5002,Corriente,COP,76
ACC00003859593,CLI00003859,9031,Ahorros,COP,100
ACC00003860448,CLI00003860,6983,CDT,COP,11
ACC00003860389,CLI00003860,1982,CDT,COP,52
ACC00003860400,CLI00003860,2962,Corriente,COP,34
ACC00003861916,CLI00003861,1357,Ahorros,COP,44
ACC00003861459,CLI00003861,377,Ahorros,COP,67
ACC00003862371,CLI00003862,4320,Corriente,COP,97
ACC00003863245,CLI00003863,5323,Ahorros,COP,17
ACC00003863689,CLI00003863,1534,CDT,COP,83
ACC00003863332,CLI00003863,13375,Ahorros,COP,73
ACC00003864230,CLI00003864,1042,CDT,COP,81
ACC00003865563,CLI00003865,1243,Corriente,COP,33
ACC00003865826,CLI00003865,8747,Ahorros,COP,79
ACC00003865522,CLI00003865,4600,Nomina,COP,2
ACC00003866374,CLI00003866,2981,Ahorros,COP,91
ACC00003866559,CLI00003866,4821,Ahorros,COP,58
ACC00003867413,CLI00003867,2021,Ahorros,COP,66
ACC00003868421,CLI00003868,1303,Corriente,COP,93
ACC00003869225,CLI00003869,2475,Ahorros,COP,32
ACC00003870466,CLI00003870,28166,Ahorros,COP,3
ACC00003871646,CLI00003871,898,Ahorros,COP,36
ACC00003871438,CLI00003871,2808,Nomina,COP,14
ACC00003872707,CLI00003872,2346,Ahorros,COP,14
ACC00003872115,CLI00003872,12137,Nomina,COP,94
ACC00003872968,CLI00003872,906,CDT,COP,59
ACC00003873804,CLI00003873,633,Ahorros,COP,113
ACC00003874538,CLI00003874,19176,Ahorros,COP,119
ACC00003874382,CLI00003874,1579,Ahorros,COP,24
ACC00003874935,CLI00003874,2540,Corriente,COP,24
ACC00003875654,CLI00003875,523,Ahorros,COP,57
ACC00003876818,CLI00003876,3138,Corriente,COP,37
ACC00003876525,CLI00003876,3343,Corriente,COP,40
ACC00003876124,CLI00003876,2176,Ahorros,COP,78
ACC00003877201,CLI00003877,7096,Ahorros,COP,109
ACC00003877870,CLI00003877,757,Corriente,COP,30
ACC00003878649,CLI00003878,2727,Ahorros,COP,30
ACC00003878644,CLI00003878,1495,Corriente,COP,58
ACC00003879786,CLI00003879,6324,Ahorros,COP,116
ACC00003880585,CLI00003880,1641,Corriente,COP,52
ACC00003880694,CLI00003880,1181,Ahorros,COP,110
ACC00003881846,CLI00003881,12617,Ahorros,COP,50
ACC00003881817,CLI00003881,6116,Ahorros,COP,73
ACC00003881717,CLI00003881,4662,CDT,COP,79
ACC00003882979,CLI00003882,16222,Ahorros,COP,46
ACC00003882510,CLI00003882,2485,Ahorros,COP,52
ACC00003883383,CLI00003883,5959,Nomina,COP,33
ACC00003883522,CLI00003883,6175,Corriente,COP,4
ACC00003883231,CLI00003883,2369,Ahorros,COP,59
ACC00003884184,CLI00003884,11651,Corriente,COP,38
ACC00003884902,CLI00003884,4840,Corriente,COP,84
ACC00003885765,CLI00003885,2621,Nomina,COP,79
ACC00003886932,CLI00003886,6556,Ahorros,COP,14
ACC00003886568,CLI00003886,6995,Ahorros,COP,97
ACC00003886219,CLI00003886,2452,Corriente,COP,10
ACC00003887705,CLI00003887,17479,CDT,COP,85
ACC00003887695,CLI00003887,78,Ahorros,COP,33
ACC00003887406,CLI00003887,18775,Corriente,COP,114
ACC00003888356,CLI00003888,12556,Corriente,COP,19
ACC00003889305,CLI00003889,654,CDT,COP,106
ACC00003889290,CLI00003889,11283,Corriente,COP,49
ACC00003890948,CLI00003890,1028,Corriente,COP,91
ACC00003890995,CLI00003890,2717,Ahorros,COP,113
ACC00003890663,CLI00003890,1944,Corriente,COP,35
ACC00003891240,CLI00003891,912,Corriente,COP,103
ACC00003891246,CLI00003891,5271,Ahorros,COP,15
ACC00003892199,CLI00003892,10262,Ahorros,COP,36
ACC00003892679,CLI00003892,7065,CDT,COP,77
ACC00003892789,CLI00003892,1355,Ahorros,COP,87
ACC00003893165,CLI00003893,2224,Ahorros,COP,116
ACC00003893691,CLI00003893,1004,Ahorros,COP,109
ACC00003894881,CLI00003894,635,Corriente,COP,110
ACC00003894572,CLI00003894,12299,Corriente,COP,95
ACC00003895529,CLI00003895,6893,Corriente,COP,62
ACC00003896866,CLI00003896,3278,Ahorros,COP,44
ACC00003897240,CLI00003897,2811,Corriente,COP,45
ACC00003897115,CLI00003897,2688,Corriente,COP,25
ACC00003898262,CLI00003898,15199,Ahorros,COP,102
ACC00003899987,CLI00003899,3363,Nomina,COP,40
ACC00003900657,CLI00003900,5371,CDT,COP,55
ACC00003900188,CLI00003900,21757,Corriente,COP,2
ACC00003900332,CLI00003900,1678,Ahorros,COP,97
ACC00003901706,CLI00003901,3620,Ahorros,COP,46
ACC00003901368,CLI00003901,579,Corriente,COP,81
ACC00003901711,CLI00003901,4227,Nomina,COP,39
ACC00003902173,CLI00003902,446,Ahorros,COP,20
ACC00003902743,CLI00003902,2723,Corriente,COP,21
ACC00003902596,CLI00003902,17707,Corriente,COP,113
ACC00003903222,CLI00003903,10739,Ahorros,COP,73
ACC00003903474,CLI00003903,3095,Nomina,COP,23
ACC00003904281,CLI00003904,17283,Ahorros,COP,82
ACC00003905452,CLI00003905,7025,Ahorros,COP,113
ACC00003906292,CLI00003906,7170,Ahorros,COP,31
ACC00003907455,CLI00003907,2564,Ahorros,COP,27
ACC00003907599,CLI00003907,8341,Ahorros,COP,29
ACC00003907426,CLI00003907,25940,CDT,COP,35
ACC00003908856,CLI00003908,372,Ahorros,COP,86
ACC00003909156,CLI00003909,2994,Ahorros,COP,30
ACC00003910324,CLI00003910,1668,Corriente,COP,13
ACC00003911511,CLI00003911,1451,Ahorros,COP,36
ACC00003911691,CLI00003911,8157,Ahorros,COP,51
ACC00003912722,CLI00003912,6216,Ahorros,COP,53
ACC00003912842,CLI00003912,6797,CDT,COP,110
ACC00003912875,CLI00003912,5563,Ahorros,COP,105
ACC00003913899,CLI00003913,1979,CDT,COP,5
ACC00003913466,CLI00003913,32105,Ahorros,COP,81
ACC00003913974,CLI00003913,13504,Corriente,COP,119
ACC00003914776,CLI00003914,2009,Ahorros,COP,50
ACC00003914116,CLI00003914,25946,Ahorros,COP,24
ACC00003914556,CLI00003914,1865,Corriente,COP,4
ACC00003915655,CLI00003915,1186,Ahorros,COP,87
ACC00003915760,CLI00003915,342,Corriente,COP,109
ACC00003916684,CLI00003916,1331,Corriente,COP,105
ACC00003917320,CLI00003917,35198,Ahorros,COP,73
ACC00003918286,CLI00003918,17363,Ahorros,COP,48
ACC00003918319,CLI00003918,20933,Ahorros,COP,100
ACC00003918515,CLI00003918,3695,Ahorros,COP,14
ACC00003919138,CLI00003919,493,Ahorros,COP,8
ACC00003919753,CLI00003919,4274,Ahorros,COP,104
ACC00003920163,CLI00003920,128,Corriente,COP,93
ACC00003921752,CLI00003921,1034,Ahorros,COP,57
ACC00003921174,CLI00003921,372,Ahorros,COP,17
ACC00003922693,CLI00003922,10806,Ahorros,COP,77
ACC00003923213,CLI00003923,1551,Ahorros,COP,116
ACC00003923516,CLI00003923,5288,CDT,COP,30
ACC00003923919,CLI00003923,2646,Ahorros,COP,87
ACC00003924996,CLI00003924,681,CDT,COP,36
ACC00003925688,CLI00003925,684,Ahorros,COP,94
ACC00003925711,CLI00003925,4106,Corriente,COP,41
ACC00003926448,CLI00003926,2487,Ahorros,COP,73
ACC00003927877,CLI00003927,7215,Corriente,COP,3
ACC00003927477,CLI00003927,6704,Corriente,COP,57
ACC00003928118,CLI00003928,4408,Ahorros,COP,60
ACC00003929666,CLI00003929,782,Ahorros,COP,99
ACC00003930392,CLI00003930,3195,Ahorros,COP,16
ACC00003931791,CLI00003931,7489,Ahorros,COP,71
ACC00003931899,CLI00003931,5481,Nomina,COP,5
ACC00003932335,CLI00003932,2928,Ahorros,COP,2
ACC00003932171,CLI00003932,12888,Ahorros,COP,42
ACC00003933259,CLI00003933,8795,Ahorros,COP,20
ACC00003934864,CLI00003934,1182,Ahorros,COP,3
ACC00003935531,CLI00003935,1400,CDT,COP,74
ACC00003935245,CLI00003935,10451,Corriente,COP,22
ACC00003936554,CLI00003936,8697,CDT,COP,70
ACC00003936702,CLI00003936,9639,Ahorros,COP,15
ACC00003937268,CLI00003937,246,Corriente,COP,98
ACC00003937638,CLI00003937,6037,CDT,COP,46
ACC00003937989,CLI00003937,121157,Corriente,COP,3
ACC00003938560,CLI00003938,1298,Ahorros,COP,24
ACC00003938429,CLI00003938,20833,Ahorros,COP,104
ACC00003939913,CLI00003939,134,Corriente,COP,76
ACC00003939395,CLI00003939,802,Corriente,COP,34
ACC00003939191,CLI00003939,1577,Corriente,COP,89
ACC00003940639,CLI00003940,994,CDT,COP,13
ACC00003941503,CLI00003941,2674,Corriente,COP,75
ACC00003941112,CLI00003941,7986,Nomina,COP,39
ACC00003942645,CLI00003942,6364,Ahorros,COP,87
ACC00003942313,CLI00003942,3384,Ahorros,COP,55
ACC00003943682,CLI00003943,5985,Ahorros,COP,37
ACC00003943857,CLI00003943,8568,Nomina,COP,37
ACC00003944814,CLI00003944,2210,Ahorros,COP,91
ACC00003944720,CLI00003944,5571,Corriente,COP,37
ACC00003944160,CLI00003944,893,Ahorros,COP,61
ACC00003945381,CLI00003945,11326,Ahorros,COP,27
ACC00003945204,CLI00003945,3881,CDT,COP,77
ACC00003945300,CLI00003945,7311,Ahorros,COP,60
ACC00003946308,CLI00003946,4034,Ahorros,COP,59
ACC00003946412,CLI00003946,8773,Corriente,COP,105
ACC00003947197,CLI00003947,2853,Ahorros,COP,76
ACC00003948591,CLI00003948,725,Corriente,COP,96
ACC00003948715,CLI00003948,1489,Ahorros,COP,95
ACC00003948593,CLI00003948,1082,Ahorros,COP,7
ACC00003949261,CLI00003949,485,CDT,COP,20
ACC00003949556,CLI00003949,10016,Ahorros,COP,48
ACC00003950199,CLI00003950,465,Ahorros,COP,93
ACC00003950447,CLI00003950,2556,Ahorros,COP,34
ACC00003950992,CLI00003950,285,Corriente,COP,16
ACC00003951367,CLI00003951,2292,Ahorros,COP,6
ACC00003952696,CLI00003952,2134,CDT,COP,82
ACC00003952134,CLI00003952,39026,Corriente,COP,32
ACC00003953773,CLI00003953,1131,Nomina,COP,12
ACC00003953247,CLI00003953,31054,Ahorros,COP,27
ACC00003954537,CLI00003954,13316,Ahorros,COP,97
ACC00003955935,CLI00003955,2271,Corriente,COP,49
ACC00003955709,CLI00003955,730,Corriente,COP,20
ACC00003956232,CLI00003956,8451,Ahorros,COP,25
ACC00003956970,CLI00003956,1368,Corriente,COP,63
ACC00003957470,CLI00003957,3163,Corriente,COP,82
ACC00003958732,CLI00003958,7571,Nomina,COP,79
ACC00003958201,CLI00003958,16226,Ahorros,COP,9
ACC00003959626,CLI00003959,2590,Ahorros,COP,9
ACC00003959699,CLI00003959,28383,Ahorros,COP,107
ACC00003959298,CLI00003959,2844,Ahorros,COP,103
ACC00003960363,CLI00003960,1864,Ahorros,COP,56
ACC00003960457,CLI00003960,2380,Corriente,COP,39
ACC00003960388,CLI00003960,6623,Ahorros,COP,77
ACC00003961671,CLI00003961,2741,Corriente,COP,24
ACC00003961483,CLI00003961,3143,Corriente,COP,53
ACC00003961335,CLI00003961,13772,Corriente,COP,110
ACC00003962681,CLI00003962,4358,Corriente,COP,52
ACC00003962301,CLI00003962,11406,Ahorros,COP,59
ACC00003963648,CLI00003963,5988,Corriente,COP,81
ACC00003963109,CLI00003963,639,Corriente,COP,93
ACC00003963735,CLI00003963,457,Corriente,COP,51
ACC00003964421,CLI00003964,3546,Corriente,COP,26
ACC00003964616,CLI00003964,2149,Ahorros,COP,84
ACC00003964797,CLI00003964,1530,Ahorros,COP,50
ACC00003965184,CLI00003965,500,Nomina,COP,61
ACC00003966548,CLI00003966,25559,Corriente,COP,58
ACC00003966891,CLI00003966,340,Corriente,COP,16
ACC00003967952,CLI00003967,541,Ahorros,COP,20
ACC00003967782,CLI00003967,409,Ahorros,COP,75
ACC00003968180,CLI00003968,7871,Ahorros,COP,66
ACC00003968552,CLI00003968,923,Corriente,COP,2
ACC00003968779,CLI00003968,19900,Ahorros,COP,105
ACC00003969258,CLI00003969,2139,Corriente,COP,13
ACC00003969419,CLI00003969,4952,Ahorros,COP,97
ACC00003970322,CLI00003970,3481,Corriente,COP,10
ACC00003970837,CLI00003970,6028,Corriente,COP,66
ACC00003970791,CLI00003970,966,Corriente,COP,76
ACC00003971201,CLI00003971,2584,Ahorros,COP,80
ACC00003972992,CLI00003972,5506,Ahorros,COP,80
ACC00003973968,CLI00003973,3516,Ahorros,COP,84
ACC00003973280,CLI00003973,1405,CDT,COP,81
ACC00003973400,CLI00003973,8323,Corriente,COP,5
ACC00003974332,CLI00003974,486,CDT,COP,74
ACC00003975449,CLI00003975,800,Ahorros,COP,101
ACC00003976165,CLI00003976,3179,Ahorros,COP,66
ACC00003977533,CLI00003977,5576,Corriente,COP,117
ACC00003977692,CLI00003977,5047,Ahorros,COP,70
ACC00003978676,CLI00003978,600,Ahorros,COP,91
ACC00003978263,CLI00003978,1456,Ahorros,COP,11
ACC00003979652,CLI00003979,2623,Ahorros,COP,58
ACC00003979953,CLI00003979,2922,Nomina,COP,64
ACC00003979430,CLI00003979,27589,Ahorros,COP,101
ACC00003980609,CLI00003980,1326,Corriente,COP,31
ACC00003980145,CLI00003980,11524,Ahorros,COP,39
ACC00003980311,CLI00003980,3787,Ahorros,COP,8
ACC00003981824,CLI00003981,1185,CDT,COP,113
ACC00003981937,CLI00003981,660,Corriente,COP,55
ACC00003981415,CLI00003981,17513,CDT,COP,96
ACC00003982281,CLI00003982,676,CDT,COP,58
ACC00003983896,CLI00003983,49606,Corriente,COP,118
ACC00003983924,CLI00003983,10477,Ahorros,COP,59
ACC00003984885,CLI00003984,2348,Corriente,COP,66
ACC00003984124,CLI00003984,839,Ahorros,COP,60
ACC00003984410,CLI00003984,5679,Ahorros,COP,77
ACC00003985792,CLI00003985,1441,CDT,COP,37
ACC00003985685,CLI00003985,404,Corriente,COP,14
ACC00003985497,CLI00003985,1032,Corriente,COP,115
ACC00003986822,CLI00003986,8907,CDT,COP,52
ACC00003986877,CLI00003986,2223,CDT,COP,55
ACC00003987139,CLI00003987,448,Ahorros,COP,1
ACC00003988467,CLI00003988,923,Corriente,COP,77
ACC00003988438,CLI00003988,1936,Corriente,COP,52
ACC00003989541,CLI00003989,12210,Ahorros,COP,45
ACC00003989807,CLI00003989,1555,CDT,COP,80
ACC00003989985,CLI00003989,6165,CDT,COP,83
ACC00003990990,CLI00003990,3664,CDT,COP,119
ACC00003990630,CLI00003990,2303,CDT,COP,21
ACC00003990836,CLI00003990,1394,Ahorros,COP,94
ACC00003991647,CLI00003991,2818,Corriente,COP,37
ACC00003992265,CLI00003992,20358,Corriente,COP,1
ACC00003992540,CLI00003992,22486,Ahorros,COP,48
ACC00003992319,CLI00003992,9560,Ahorros,COP,9
ACC00003993653,CLI00003993,15815,Ahorros,COP,38
ACC00003993615,CLI00003993,26895,Corriente,COP,15
ACC00003994193,CLI00003994,599,Corriente,COP,77
ACC00003994476,CLI00003994,715,Ahorros,COP,16
ACC00003994154,CLI00003994,1937,Ahorros,COP,96
ACC00003995301,CLI00003995,197,Nomina,COP,106
ACC00003996262,CLI00003996,18300,Nomina,COP,87
ACC00003996370,CLI00003996,1451,Ahorros,COP,19
ACC00003996632,CLI00003996,5014,Ahorros,COP,34
ACC00003997355,CLI00003997,3397,CDT,COP,118
ACC00003997914,CLI00003997,5813,Corriente,COP,29
ACC00003998106,CLI00003998,8823,Corriente,COP,119
ACC00003998662,CLI00003998,582,Corriente,COP,8
ACC00003999870,CLI00003999,4393,Ahorros,COP,42
ACC00004000915,CLI00004000,3959,Ahorros,COP,102
ACC00004001510,CLI00004001,1418,Corriente,COP,88
ACC00004002211,CLI00004002,1474,Ahorros,COP,3
ACC00004002510,CLI00004002,5492,Ahorros,COP,31
ACC00004002747,CLI00004002,2521,Ahorros,COP,48
ACC00004003982,CLI00004003,1609,Ahorros,COP,102
ACC00004003315,CLI00004003,2758,Corriente,COP,17
ACC00004003473,CLI00004003,680,Ahorros,COP,87
ACC00004004380,CLI00004004,10316,Corriente,COP,44
ACC00004004956,CLI00004004,3484,Ahorros,COP,108
ACC00004004898,CLI00004004,11946,Ahorros,COP,88
ACC00004005192,CLI00004005,1927,Corriente,COP,68
ACC00004006605,CLI00004006,2381,Corriente,COP,88
ACC00004007513,CLI00004007,565,Corriente,COP,115
ACC00004007733,CLI00004007,391,Corriente,COP,43
ACC00004008467,CLI00004008,1843,Corriente,COP,9
ACC00004008639,CLI00004008,3526,Corriente,COP,70
ACC00004009509,CLI00004009,14691,Ahorros,COP,43
ACC00004009947,CLI00004009,1521,Ahorros,COP,44
ACC00004010283,CLI00004010,1462,CDT,COP,65
ACC00004010340,CLI00004010,5788,Corriente,COP,73
ACC00004010897,CLI00004010,2350,Corriente,COP,92
ACC00004011486,CLI00004011,2191,Ahorros,COP,113
ACC00004011714,CLI00004011,4496,Corriente,COP,67
ACC00004011109,CLI00004011,4455,Corriente,COP,32
ACC00004012711,CLI00004012,655,Ahorros,COP,14
ACC00004012634,CLI00004012,2697,Nomina,COP,50
ACC00004013284,CLI00004013,453,Ahorros,COP,100
ACC00004013140,CLI00004013,65767,CDT,COP,79
ACC00004014306,CLI00004014,2738,Corriente,COP,65
ACC00004015642,CLI00004015,4335,Ahorros,COP,46
ACC00004016275,CLI00004016,125347,Corriente,COP,113
ACC00004016653,CLI00004016,4250,Ahorros,COP,74
ACC00004016641,CLI00004016,8807,Ahorros,COP,105
ACC00004017995,CLI00004017,8165,Ahorros,COP,56
ACC00004017279,CLI00004017,656,Ahorros,COP,6
ACC00004017873,CLI00004017,1016,Ahorros,COP,60
ACC00004018302,CLI00004018,2998,Ahorros,COP,65
ACC00004018472,CLI00004018,3291,Corriente,COP,4
ACC00004018620,CLI00004018,2627,Corriente,COP,34
ACC00004019670,CLI00004019,79203,Ahorros,COP,4
ACC00004019755,CLI00004019,11128,Corriente,COP,92
ACC00004019937,CLI00004019,9690,Ahorros,COP,22
ACC00004020282,CLI00004020,3394,CDT,COP,63
ACC00004021802,CLI00004021,6429,Ahorros,COP,39
ACC00004021327,CLI00004021,3115,Nomina,COP,13
ACC00004021710,CLI00004021,4358,Nomina,COP,115
ACC00004022147,CLI00004022,6451,Ahorros,COP,53
ACC00004022529,CLI00004022,2381,CDT,COP,117
ACC00004022816,CLI00004022,675,Ahorros,COP,57
ACC00004023557,CLI00004023,22867,Ahorros,COP,71
ACC00004024512,CLI00004024,1228,Ahorros,COP,117
ACC00004024992,CLI00004024,4005,Ahorros,COP,58
ACC00004025374,CLI00004025,2537,Ahorros,COP,32
ACC00004025524,CLI00004025,12947,Ahorros,COP,51
ACC00004025405,CLI00004025,5924,Ahorros,COP,24
ACC00004026607,CLI00004026,6156,Ahorros,COP,88
ACC00004026202,CLI00004026,7411,Corriente,COP,74
ACC00004027926,CLI00004027,390,Corriente,COP,41
ACC00004028596,CLI00004028,12229,Ahorros,COP,17
ACC00004029706,CLI00004029,42850,Ahorros,COP,41
ACC00004030611,CLI00004030,11376,Corriente,COP,72
ACC00004030744,CLI00004030,7009,CDT,COP,53
ACC00004030238,CLI00004030,13697,Ahorros,COP,89
ACC00004031213,CLI00004031,1227,Corriente,COP,35
ACC00004032142,CLI00004032,3508,Ahorros,COP,64
ACC00004032749,CLI00004032,1389,Corriente,COP,5
ACC00004033729,CLI00004033,3294,CDT,COP,75
ACC00004033438,CLI00004033,913,Corriente,COP,94
ACC00004034802,CLI00004034,10733,Nomina,COP,86
ACC00004034638,CLI00004034,1800,Corriente,COP,59
ACC00004035784,CLI00004035,15441,Corriente,COP,40
ACC00004036348,CLI00004036,4055,Ahorros,COP,75
ACC00004036886,CLI00004036,3573,Ahorros,COP,97
ACC00004036752,CLI00004036,7103,Ahorros,COP,79
ACC00004037212,CLI00004037,3992,Nomina,COP,112
ACC00004038593,CLI00004038,410,CDT,COP,94
ACC00004038665,CLI00004038,9123,Ahorros,COP,109
ACC00004038715,CLI00004038,6606,CDT,COP,102
ACC00004039961,CLI00004039,1391,Corriente,COP,104
ACC00004040941,CLI00004040,3972,Ahorros,COP,63
ACC00004041568,CLI00004041,8966,Ahorros,COP,12
ACC00004041888,CLI00004041,1661,Corriente,COP,78
ACC00004042961,CLI00004042,2118,Ahorros,COP,104
ACC00004042636,CLI00004042,12100,Ahorros,COP,12
ACC00004042740,CLI00004042,1130,Ahorros,COP,8
ACC00004043825,CLI00004043,956,CDT,COP,61
ACC00004044307,CLI00004044,14390,Corriente,COP,110
ACC00004044482,CLI00004044,722,CDT,COP,23
ACC00004045557,CLI00004045,25190,Ahorros,COP,101
ACC00004046974,CLI00004046,835,Corriente,COP,115
ACC00004046235,CLI00004046,381,Corriente,COP,96
ACC00004046225,CLI00004046,9886,Corriente,COP,99
ACC00004047541,CLI00004047,1380,Corriente,COP,20
ACC00004048889,CLI00004048,875,Nomina,COP,61
ACC00004049529,CLI00004049,4226,Ahorros,COP,71
ACC00004049937,CLI00004049,6791,Ahorros,COP,32
ACC00004049479,CLI00004049,3779,Ahorros,COP,28
ACC00004050942,CLI00004050,28783,Ahorros,COP,85
ACC00004050472,CLI00004050,3463,Ahorros,COP,82
ACC00004051237,CLI00004051,4097,Corriente,COP,58
ACC00004051456,CLI00004051,20149,CDT,COP,89
ACC00004052674,CLI00004052,1662,Ahorros,COP,61
ACC00004053795,CLI00004053,3885,CDT,COP,92
ACC00004053429,CLI00004053,3215,Ahorros,COP,67
ACC00004054524,CLI00004054,4065,Corriente,COP,74
ACC00004054920,CLI00004054,6544,Nomina,COP,16
ACC00004054469,CLI00004054,7870,Corriente,COP,20
ACC00004055612,CLI00004055,8379,Ahorros,COP,78
ACC00004055232,CLI00004055,5314,CDT,COP,105
ACC00004055551,CLI00004055,4686,Ahorros,COP,19
ACC00004056754,CLI00004056,45129,Corriente,COP,118
ACC00004056460,CLI00004056,2109,Ahorros,COP,109
ACC00004056920,CLI00004056,3411,Ahorros,COP,23
ACC00004057450,CLI00004057,7530,Corriente,COP,80
ACC00004058735,CLI00004058,4876,CDT,COP,74
ACC00004058488,CLI00004058,255,Ahorros,COP,17
ACC00004058430,CLI00004058,11964,Corriente,COP,88
ACC00004059910,CLI00004059,6178,Ahorros,COP,59
ACC00004059664,CLI00004059,234,Ahorros,COP,91
ACC00004059130,CLI00004059,2842,Ahorros,COP,56
ACC00004060506,CLI00004060,6632,Corriente,COP,97
ACC00004060392,CLI00004060,2945,Corriente,COP,99
ACC00004060133,CLI00004060,7669,Corriente,COP,70
ACC00004061779,CLI00004061,6443,Nomina,COP,85
ACC00004062379,CLI00004062,3873,Nomina,COP,83
ACC00004062879,CLI00004062,20087,Corriente,COP,70
ACC00004063329,CLI00004063,7944,Ahorros,COP,34
ACC00004063752,CLI00004063,556,Ahorros,COP,104
ACC00004063438,CLI00004063,724,Corriente,COP,26
ACC00004064160,CLI00004064,2595,Ahorros,COP,113
ACC00004065517,CLI00004065,900,Ahorros,COP,33
ACC00004065873,CLI00004065,10999,Ahorros,COP,86
ACC00004065607,CLI00004065,2792,Corriente,COP,92
ACC00004066277,CLI00004066,4070,Corriente,COP,91
ACC00004067549,CLI00004067,2478,Ahorros,COP,48
ACC00004068459,CLI00004068,545,Corriente,COP,64
ACC00004068930,CLI00004068,5959,Corriente,COP,59
ACC00004069559,CLI00004069,2631,Corriente,COP,66
ACC00004069522,CLI00004069,3899,Corriente,COP,116
ACC00004070280,CLI00004070,3409,CDT,COP,89
ACC00004071504,CLI00004071,2129,Ahorros,COP,73
ACC00004072847,CLI00004072,4706,Corriente,COP,47
ACC00004073438,CLI00004073,4323,Ahorros,COP,114
ACC00004073557,CLI00004073,1338,CDT,COP,7
ACC00004073147,CLI00004073,4913,Ahorros,COP,28
ACC00004074372,CLI00004074,2339,Corriente,COP,82
ACC00004074598,CLI00004074,1893,Ahorros,COP,104
ACC00004074649,CLI00004074,21100,Ahorros,COP,57
ACC00004075271,CLI00004075,841,Corriente,COP,112
ACC00004075983,CLI00004075,4248,CDT,COP,78
ACC00004076327,CLI00004076,6478,Ahorros,COP,14
ACC00004076781,CLI00004076,17160,Corriente,COP,37
ACC00004077548,CLI00004077,4308,Ahorros,COP,57
ACC00004077564,CLI00004077,2057,Ahorros,COP,8
ACC00004077587,CLI00004077,2536,Ahorros,COP,110
ACC00004078861,CLI00004078,268,Ahorros,COP,5
ACC00004078855,CLI00004078,19026,CDT,COP,112
ACC00004078469,CLI00004078,610,Corriente,COP,12
ACC00004079808,CLI00004079,4155,Corriente,COP,111
ACC00004079880,CLI00004079,858,Nomina,COP,28
ACC00004080603,CLI00004080,11661,Ahorros,COP,42
ACC00004080682,CLI00004080,1542,Ahorros,COP,26
ACC00004080618,CLI00004080,1679,Ahorros,COP,37
ACC00004081546,CLI00004081,10674,CDT,COP,15
ACC00004082997,CLI00004082,11130,Corriente,COP,42
ACC00004082597,CLI00004082,6368,Ahorros,COP,31
ACC00004083139,CLI00004083,1062,Ahorros,COP,32
ACC00004083473,CLI00004083,12957,Ahorros,COP,67
ACC00004084531,CLI00004084,8693,Nomina,COP,101
ACC00004084880,CLI00004084,2793,Corriente,COP,37
ACC00004085257,CLI00004085,859,Corriente,COP,115
ACC00004085572,CLI00004085,307,Ahorros,COP,65
ACC00004085869,CLI00004085,5281,Ahorros,COP,11
ACC00004086417,CLI00004086,4904,Ahorros,COP,58
ACC00004086258,CLI00004086,2672,Ahorros,COP,43
ACC00004087268,CLI00004087,7224,Ahorros,COP,96
ACC00004088183,CLI00004088,4442,Ahorros,COP,8
ACC00004088233,CLI00004088,263,Corriente,COP,102
ACC00004089299,CLI00004089,1234,Ahorros,COP,74
ACC00004089119,CLI00004089,6132,Ahorros,COP,85
ACC00004090179,CLI00004090,10930,Nomina,COP,97
ACC00004091628,CLI00004091,7010,Corriente,COP,1
ACC00004092222,CLI00004092,1857,Ahorros,COP,112
ACC00004093647,CLI00004093,2920,Nomina,COP,46
ACC00004094505,CLI00004094,3404,Ahorros,COP,81
ACC00004094302,CLI00004094,4910,CDT,COP,42
ACC00004095698,CLI00004095,2223,Corriente,COP,10
ACC00004095665,CLI00004095,3572,Corriente,COP,2
ACC00004095165,CLI00004095,1947,Corriente,COP,111
ACC00004096856,CLI00004096,685,Ahorros,COP,104
ACC00004096404,CLI00004096,1688,Ahorros,COP,66
ACC00004097196,CLI00004097,13005,Ahorros,COP,8
ACC00004097982,CLI00004097,5964,Corriente,COP,47
ACC00004098803,CLI00004098,1214,Corriente,COP,48
ACC00004098192,CLI00004098,3864,Corriente,COP,9
ACC00004098192,CLI00004098,217,Ahorros,COP,62
ACC00004099435,CLI00004099,3443,Corriente,COP,67
ACC00004100832,CLI00004100,7596,Ahorros,COP,15
ACC00004100639,CLI00004100,4233,Ahorros,COP,45
ACC00004101692,CLI00004101,12464,Corriente,COP,74
ACC00004101876,CLI00004101,22918,Ahorros,COP,95
ACC00004102451,CLI00004102,599,CDT,COP,5
ACC00004103213,CLI00004103,6591,Ahorros,COP,3
ACC00004103152,CLI00004103,2814,CDT,COP,48
ACC00004103134,CLI00004103,7419,Ahorros,COP,20
ACC00004104793,CLI00004104,2044,Ahorros,COP,115
ACC00004104460,CLI00004104,775,Ahorros,COP,66
ACC00004104562,CLI00004104,12836,Ahorros,COP,9
ACC00004105561,CLI00004105,1229,Corriente,COP,38
ACC00004106643,CLI00004106,2920,Corriente,COP,5
ACC00004107202,CLI00004107,2172,Corriente,COP,4
ACC00004107376,CLI00004107,41273,CDT,COP,56
ACC00004108751,CLI00004108,384,Corriente,COP,76
ACC00004109625,CLI00004109,1139,Corriente,COP,42
ACC00004110650,CLI00004110,12732,Corriente,COP,93
ACC00004110310,CLI00004110,468,Ahorros,COP,81
ACC00004110491,CLI00004110,1836,Corriente,COP,62
ACC00004111862,CLI00004111,9771,CDT,COP,65
ACC00004111886,CLI00004111,4614,Ahorros,COP,22
ACC00004111435,CLI00004111,1540,Corriente,COP,73
ACC00004112291,CLI00004112,6295,CDT,COP,74
ACC00004112219,CLI00004112,5120,Ahorros,COP,95
ACC00004112753,CLI00004112,4681,Ahorros,COP,119
ACC00004113155,CLI00004113,852,Corriente,COP,23
ACC00004113836,CLI00004113,1541,CDT,COP,95
ACC00004113991,CLI00004113,1282,Corriente,COP,118
ACC00004114265,CLI00004114,2475,Ahorros,COP,26
ACC00004115236,CLI00004115,7951,Ahorros,COP,62
ACC00004115970,CLI00004115,5649,Ahorros,COP,46
ACC00004115919,CLI00004115,1117,CDT,COP,17
ACC00004116134,CLI00004116,306,Corriente,COP,12
ACC00004116463,CLI00004116,4005,Corriente,COP,96
ACC00004116348,CLI00004116,1623,Corriente,COP,77
ACC00004117761,CLI00004117,8146,Nomina,COP,55
ACC00004117887,CLI00004117,1758,CDT,COP,48
ACC00004118366,CLI00004118,460,Ahorros,COP,66
ACC00004118643,CLI00004118,4898,CDT,COP,86
ACC00004119663,CLI00004119,1489,Corriente,COP,57
ACC00004119183,CLI00004119,3829,Corriente,COP,113
ACC00004120439,CLI00004120,2791,Corriente,COP,48
ACC00004120744,CLI00004120,8183,Ahorros,COP,75
ACC00004120557,CLI00004120,1365,Nomina,COP,89
ACC00004121227,CLI00004121,259,Ahorros,COP,110
ACC00004121466,CLI00004121,6798,Ahorros,COP,72
ACC00004121735,CLI00004121,3587,Ahorros,COP,91
ACC00004122832,CLI00004122,259,Ahorros,COP,59
ACC00004122410,CLI00004122,648,Ahorros,COP,90
ACC00004122970,CLI00004122,1976,CDT,COP,23
ACC00004123642,CLI00004123,1067,CDT,COP,47
ACC00004123726,CLI00004123,3839,CDT,COP,101
ACC00004123790,CLI00004123,3054,Corriente,COP,90
ACC00004124918,CLI00004124,456,Ahorros,COP,60
ACC00004125514,CLI00004125,3836,Ahorros,COP,79
ACC00004125998,CLI00004125,7180,CDT,COP,83
ACC00004126683,CLI00004126,870,Corriente,COP,9
ACC00004126663,CLI00004126,134,Ahorros,COP,19
ACC00004126890,CLI00004126,5598,Ahorros,COP,17
ACC00004127416,CLI00004127,1393,Ahorros,COP,90
ACC00004127810,CLI00004127,1553,CDT,COP,19
ACC00004128791,CLI00004128,18220,Corriente,COP,112
ACC00004128289,CLI00004128,678,CDT,COP,101
ACC00004128195,CLI00004128,870,Ahorros,COP,52
ACC00004129256,CLI00004129,515,Ahorros,COP,100
ACC00004129316,CLI00004129,2021,Corriente,COP,13
ACC00004129828,CLI00004129,47911,CDT,COP,44
ACC00004130895,CLI00004130,615,Ahorros,COP,19
ACC00004130783,CLI00004130,2418,Corriente,COP,14
ACC00004130350,CLI00004130,950,Corriente,COP,59
ACC00004131881,CLI00004131,4419,Ahorros,COP,87
ACC00004132248,CLI00004132,2447,Ahorros,COP,47
ACC00004132215,CLI00004132,5480,Ahorros,COP,112
ACC00004132106,CLI00004132,1764,Corriente,COP,100
ACC00004133710,CLI00004133,3926,Ahorros,COP,114
ACC00004133522,CLI00004133,116832,Ahorros,COP,57
ACC00004134922,CLI00004134,1908,Ahorros,COP,28
ACC00004135304,CLI00004135,7584,Corriente,COP,59
ACC00004135351,CLI00004135,2933,Corriente,COP,82
ACC00004135417,CLI00004135,9779,CDT,COP,43
ACC00004136707,CLI00004136,97464,Corriente,COP,15
ACC00004136350,CLI00004136,2113,Corriente,COP,55
ACC00004137674,CLI00004137,23358,Ahorros,COP,108
ACC00004138418,CLI00004138,1280,Nomina,COP,68
ACC00004138799,CLI00004138,2887,Corriente,COP,39
ACC00004139720,CLI00004139,1155,Ahorros,COP,68
ACC00004139875,CLI00004139,10346,Ahorros,COP,44
ACC00004140791,CLI00004140,1378,Corriente,COP,39
ACC00004140855,CLI00004140,10199,Ahorros,COP,81
ACC00004140583,CLI00004140,675,Corriente,COP,97
ACC00004141238,CLI00004141,14191,Ahorros,COP,119
ACC00004141378,CLI00004141,1209,Ahorros,COP,61
ACC00004142556,CLI00004142,1178,Ahorros,COP,79
ACC00004142216,CLI00004142,6330,CDT,COP,93
ACC00004142151,CLI00004142,4767,Ahorros,COP,104
ACC00004143231,CLI00004143,2130,Corriente,COP,111
ACC00004143502,CLI00004143,4307,Ahorros,COP,57
ACC00004144801,CLI00004144,552,Corriente,COP,62
ACC00004144673,CLI00004144,2643,Corriente,COP,115
ACC00004145832,CLI00004145,25886,Corriente,COP,72
ACC00004146870,CLI00004146,2508,Ahorros,COP,39
ACC00004147875,CLI00004147,2120,Corriente,COP,105
ACC00004147650,CLI00004147,5615,Corriente,COP,20
ACC00004148869,CLI00004148,2531,Ahorros,COP,60
ACC00004148704,CLI00004148,806,CDT,COP,112
ACC00004148922,CLI00004148,3346,Corriente,COP,46
ACC00004149909,CLI00004149,1162,Corriente,COP,38
ACC00004149845,CLI00004149,4325,Ahorros,COP,41
ACC00004149208,CLI00004149,21853,Corriente,COP,67
ACC00004150918,CLI00004150,7819,Ahorros,COP,89
ACC00004150750,CLI00004150,2286,Corriente,COP,85
ACC00004150657,CLI00004150,475,Corriente,COP,44
ACC00004151425,CLI00004151,5929,Ahorros,COP,69
ACC00004151168,CLI00004151,1797,Ahorros,COP,33
ACC00004151160,CLI00004151,2392,Corriente,COP,84
ACC00004152268,CLI00004152,11140,Ahorros,COP,66
ACC00004152515,CLI00004152,4848,Ahorros,COP,32
ACC00004153494,CLI00004153,3766,Ahorros,COP,78
ACC00004154289,CLI00004154,909,Nomina,COP,104
ACC00004155255,CLI00004155,2920,CDT,COP,82
ACC00004155961,CLI00004155,1501,Corriente,COP,114
ACC00004156143,CLI00004156,680,Ahorros,COP,73
ACC00004156245,CLI00004156,2096,CDT,COP,4
ACC00004157519,CLI00004157,277,Ahorros,COP,36
ACC00004158713,CLI00004158,2155,CDT,COP,8
ACC00004158996,CLI00004158,3244,Nomina,COP,3
ACC00004158514,CLI00004158,14735,Ahorros,COP,19
ACC00004159342,CLI00004159,3775,Ahorros,COP,66
ACC00004159737,CLI00004159,5593,Ahorros,COP,82
ACC00004159644,CLI00004159,19638,Corriente,COP,115
ACC00004160625,CLI00004160,7846,Corriente,COP,60
ACC00004160812,CLI00004160,1548,Ahorros,COP,61
ACC00004161397,CLI00004161,5838,Ahorros,COP,107
ACC00004162821,CLI00004162,3642,Corriente,COP,16
ACC00004163184,CLI00004163,2273,Corriente,COP,40
ACC00004163736,CLI00004163,2049,CDT,COP,69
ACC00004163180,CLI00004163,4103,CDT,COP,113
ACC00004164769,CLI00004164,15127,Ahorros,COP,119
ACC00004164227,CLI00004164,7502,CDT,COP,10
ACC00004165666,CLI00004165,9294,Corriente,COP,88
ACC00004165102,CLI00004165,9060,Nomina,COP,14
ACC00004166837,CLI00004166,23165,Corriente,COP,82
ACC00004167495,CLI00004167,810,Corriente,COP,66
ACC00004168926,CLI00004168,1152,Corriente,COP,100
ACC00004168742,CLI00004168,890,Corriente,COP,39
ACC00004168321,CLI00004168,5148,Ahorros,COP,31
ACC00004169640,CLI00004169,770,CDT,COP,90
ACC00004169947,CLI00004169,4194,Ahorros,COP,114
ACC00004169830,CLI00004169,2638,Corriente,COP,78
ACC00004170178,CLI00004170,4886,Corriente,COP,69
ACC00004170160,CLI00004170,1048,Ahorros,COP,96
ACC00004170926,CLI00004170,1356,Corriente,COP,112
ACC00004171369,CLI00004171,43975,CDT,COP,86
ACC00004171367,CLI00004171,467,Nomina,COP,26
ACC00004171488,CLI00004171,9859,CDT,COP,19
ACC00004172770,CLI00004172,4415,Ahorros,COP,91
ACC00004172539,CLI00004172,218,Corriente,COP,115
ACC00004172896,CLI00004172,1930,Corriente,COP,67
ACC00004173166,CLI00004173,4664,Corriente,COP,57
ACC00004174510,CLI00004174,1833,Corriente,COP,102
ACC00004175520,CLI00004175,1445,CDT,COP,69
ACC00004176206,CLI00004176,2096,Nomina,COP,67
ACC00004176655,CLI00004176,1999,Nomina,COP,85
ACC00004177288,CLI00004177,9780,Ahorros,COP,49
ACC00004177666,CLI00004177,1082,Ahorros,COP,46
ACC00004177712,CLI00004177,14333,Ahorros,COP,74
ACC00004178597,CLI00004178,3044,Ahorros,COP,19
ACC00004178166,CLI00004178,1079,CDT,COP,51
ACC00004179768,CLI00004179,2551,Ahorros,COP,100
ACC00004180108,CLI00004180,4539,CDT,COP,116
ACC00004180539,CLI00004180,586,Ahorros,COP,86
ACC00004181126,CLI00004181,18430,Corriente,COP,38
ACC00004182796,CLI00004182,1268,CDT,COP,46
ACC00004182155,CLI00004182,3325,Ahorros,COP,21
ACC00004183498,CLI00004183,699,Corriente,COP,99
ACC00004183604,CLI00004183,2567,Ahorros,COP,52
ACC00004184994,CLI00004184,959,Ahorros,COP,85
ACC00004184563,CLI00004184,2694,Ahorros,COP,33
ACC00004185912,CLI00004185,1250,CDT,COP,18
ACC00004185150,CLI00004185,1812,Corriente,COP,58
ACC00004185229,CLI00004185,621,Corriente,COP,36
ACC00004186618,CLI00004186,1089,CDT,COP,34
ACC00004186485,CLI00004186,2357,Corriente,COP,27
ACC00004186177,CLI00004186,2115,Nomina,COP,28
ACC00004187583,CLI00004187,2208,Nomina,COP,23
ACC00004187923,CLI00004187,36366,Corriente,COP,53
ACC00004188928,CLI00004188,910,Ahorros,COP,32
ACC00004188933,CLI00004188,9738,Ahorros,COP,7
ACC00004189142,CLI00004189,931,Ahorros,COP,6
ACC00004189998,CLI00004189,1653,Nomina,COP,22
ACC00004189158,CLI00004189,2590,Corriente,COP,17
ACC00004190506,CLI00004190,5364,Corriente,COP,44
ACC00004190752,CLI00004190,4787,Corriente,COP,110
ACC00004191378,CLI00004191,753,Ahorros,COP,105
ACC00004191359,CLI00004191,1053,Ahorros,COP,53
ACC00004191849,CLI00004191,543,Ahorros,COP,17
ACC00004192269,CLI00004192,2106,CDT,COP,102
ACC00004192772,CLI00004192,312,Ahorros,COP,84
ACC00004193550,CLI00004193,9709,Corriente,COP,9
ACC00004193830,CLI00004193,8844,Ahorros,COP,99
ACC00004193591,CLI00004193,16961,Ahorros,COP,4
ACC00004194954,CLI00004194,5528,Ahorros,COP,31
ACC00004195862,CLI00004195,8829,Ahorros,COP,98
ACC00004195393,CLI00004195,6129,Corriente,COP,28
ACC00004195683,CLI00004195,2936,Corriente,COP,71
ACC00004196139,CLI00004196,666,CDT,COP,91
ACC00004197457,CLI00004197,839,Ahorros,COP,105
ACC00004197257,CLI00004197,10544,Corriente,COP,102
ACC00004198527,CLI00004198,24519,Ahorros,COP,16
ACC00004198946,CLI00004198,5609,CDT,COP,114
ACC00004199969,CLI00004199,904,Nomina,COP,47
ACC00004199748,CLI00004199,416,Corriente,COP,79
ACC00004200715,CLI00004200,588,Corriente,COP,17
ACC00004200169,CLI00004200,5603,CDT,COP,38
ACC00004201598,CLI00004201,2928,CDT,COP,5
ACC00004201388,CLI00004201,1272,Ahorros,COP,2
ACC00004202464,CLI00004202,11378,CDT,COP,8
ACC00004202514,CLI00004202,4608,Ahorros,COP,73
ACC00004202553,CLI00004202,2776,CDT,COP,88
ACC00004203550,CLI00004203,2480,Ahorros,COP,56
ACC00004203114,CLI00004203,3324,Corriente,COP,29
ACC00004203730,CLI00004203,495,Ahorros,COP,27
ACC00004204916,CLI00004204,2254,Ahorros,COP,58
ACC00004205524,CLI00004205,1027,Ahorros,COP,99
ACC00004206165,CLI00004206,1550,Corriente,COP,42
ACC00004206363,CLI00004206,1932,Corriente,COP,43
ACC00004206488,CLI00004206,3728,Ahorros,COP,7
ACC00004207881,CLI00004207,1049,Corriente,COP,85
ACC00004208468,CLI00004208,1776,Ahorros,COP,57
ACC00004208206,CLI00004208,59121,Corriente,COP,31
ACC00004209731,CLI00004209,24605,Ahorros,COP,104
ACC00004210616,CLI00004210,1527,Ahorros,COP,9
ACC00004210192,CLI00004210,1595,Nomina,COP,83
ACC00004210630,CLI00004210,4417,Corriente,COP,33
ACC00004211444,CLI00004211,782,CDT,COP,41
ACC00004211424,CLI00004211,1965,Ahorros,COP,64
ACC00004211812,CLI00004211,977,Ahorros,COP,115
ACC00004212722,CLI00004212,10331,Ahorros,COP,29
ACC00004212799,CLI00004212,688,Ahorros,COP,43
ACC00004213443,CLI00004213,1595,Corriente,COP,73
ACC00004214319,CLI00004214,11678,Ahorros,COP,72
ACC00004215193,CLI00004215,8432,Ahorros,COP,14
ACC00004215350,CLI00004215,5305,Ahorros,COP,54
ACC00004215800,CLI00004215,4760,Ahorros,COP,33
ACC00004216514,CLI00004216,492,Ahorros,COP,32
ACC00004216633,CLI00004216,15538,Ahorros,COP,80
ACC00004217793,CLI00004217,11215,Nomina,COP,28
ACC00004217438,CLI00004217,545,CDT,COP,119
ACC00004218196,CLI00004218,2265,Ahorros,COP,92
ACC00004218986,CLI00004218,1659,Corriente,COP,117
ACC00004219980,CLI00004219,13227,Corriente,COP,25
ACC00004220843,CLI00004220,1466,Nomina,COP,26
ACC00004221489,CLI00004221,2244,Ahorros,COP,23
ACC00004221211,CLI00004221,2100,Ahorros,COP,72
ACC00004222883,CLI00004222,4424,Ahorros,COP,3
ACC00004223587,CLI00004223,1103,Ahorros,COP,44
ACC00004223243,CLI00004223,1894,Ahorros,COP,27
ACC00004223892,CLI00004223,2396,Ahorros,COP,105
ACC00004224647,CLI00004224,2950,Nomina,COP,13
ACC00004225121,CLI00004225,1537,Ahorros,COP,68
ACC00004225799,CLI00004225,10528,Ahorros,COP,52
ACC00004226845,CLI00004226,1642,Corriente,COP,79
ACC00004227689,CLI00004227,362,Ahorros,COP,54
ACC00004228289,CLI00004228,670,Nomina,COP,98
ACC00004229747,CLI00004229,1827,CDT,COP,41
ACC00004229789,CLI00004229,8660,Ahorros,COP,81
ACC00004230520,CLI00004230,4511,Ahorros,COP,51
ACC00004230650,CLI00004230,1074,Ahorros,COP,65
ACC00004231348,CLI00004231,5261,Corriente,COP,25
ACC00004232461,CLI00004232,116,CDT,COP,10
ACC00004233299,CLI00004233,101,Nomina,COP,67
ACC00004233642,CLI00004233,942,Ahorros,COP,54
ACC00004233551,CLI00004233,412,Ahorros,COP,46
ACC00004234787,CLI00004234,9254,Ahorros,COP,112
ACC00004234944,CLI00004234,881,Ahorros,COP,16
ACC00004234758,CLI00004234,3467,Nomina,COP,103
ACC00004235800,CLI00004235,867,Corriente,COP,33
ACC00004235140,CLI00004235,407,Ahorros,COP,88
ACC00004236801,CLI00004236,35250,Corriente,COP,100
ACC00004237240,CLI00004237,2940,Ahorros,COP,86
ACC00004237138,CLI00004237,989,Ahorros,COP,93
ACC00004238655,CLI00004238,977,Corriente,COP,43
ACC00004238870,CLI00004238,5646,Ahorros,COP,57
ACC00004239447,CLI00004239,2055,Corriente,COP,66
ACC00004240821,CLI00004240,964,Ahorros,COP,38
ACC00004241688,CLI00004241,14681,Corriente,COP,68
ACC00004241340,CLI00004241,2138,Ahorros,COP,38
ACC00004241102,CLI00004241,12963,Ahorros,COP,107
ACC00004242618,CLI00004242,260,Ahorros,COP,95
ACC00004242915,CLI00004242,2576,Ahorros,COP,55
ACC00004243289,CLI00004243,2531,Ahorros,COP,96
ACC00004243674,CLI00004243,1175,Ahorros,COP,4
ACC00004244969,CLI00004244,4383,Corriente,COP,71
ACC00004244278,CLI00004244,714,Ahorros,COP,86
ACC00004244918,CLI00004244,897,CDT,COP,106
ACC00004245762,CLI00004245,3067,Corriente,COP,84
ACC00004245964,CLI00004245,5034,Ahorros,COP,74
ACC00004245345,CLI00004245,1930,Ahorros,COP,12
ACC00004246499,CLI00004246,7886,Ahorros,COP,20
ACC00004247782,CLI00004247,9519,Corriente,COP,26
ACC00004247980,CLI00004247,9255,Ahorros,COP,115
ACC00004247659,CLI00004247,10001,Ahorros,COP,77
ACC00004248985,CLI00004248,4020,Nomina,COP,112
ACC00004248689,CLI00004248,5919,Corriente,COP,61
ACC00004249872,CLI00004249,2500,Ahorros,COP,60
ACC00004250406,CLI00004250,2622,Corriente,COP,110
ACC00004250755,CLI00004250,2661,Corriente,COP,91
ACC00004251803,CLI00004251,703,Ahorros,COP,116
ACC00004251639,CLI00004251,5442,Nomina,COP,118
ACC00004252505,CLI00004252,2928,Ahorros,COP,56
ACC00004252156,CLI00004252,3134,Ahorros,COP,65
ACC00004253845,CLI00004253,2107,CDT,COP,21
ACC00004254993,CLI00004254,488,Corriente,COP,37
ACC00004254954,CLI00004254,12646,Nomina,COP,91
ACC00004255722,CLI00004255,4092,Ahorros,COP,20
ACC00004256859,CLI00004256,5580,Nomina,COP,12
ACC00004256285,CLI00004256,2154,Ahorros,COP,63
ACC00004257449,CLI00004257,3606,Corriente,COP,84
ACC00004258218,CLI00004258,918,CDT,COP,3
ACC00004258645,CLI00004258,1893,Ahorros,COP,102
ACC00004258444,CLI00004258,2014,Ahorros,COP,58
ACC00004259459,CLI00004259,399,Ahorros,COP,81
ACC00004260739,CLI00004260,1525,Corriente,COP,5
ACC00004261158,CLI00004261,823,Ahorros,COP,97
ACC00004261680,CLI00004261,8128,Ahorros,COP,46
ACC00004262446,CLI00004262,2654,Ahorros,COP,53
ACC00004262671,CLI00004262,12241,Corriente,COP,86
ACC00004262693,CLI00004262,3256,CDT,COP,27
ACC00004263381,CLI00004263,5530,Ahorros,COP,113
ACC00004263594,CLI00004263,15967,Ahorros,COP,28
ACC00004264269,CLI00004264,1571,Ahorros,COP,32
ACC00004264629,CLI00004264,667,Corriente,COP,36
ACC00004265754,CLI00004265,482,Ahorros,COP,27
ACC00004265971,CLI00004265,1669,Nomina,COP,116
ACC00004266377,CLI00004266,4564,Corriente,COP,67
ACC00004266746,CLI00004266,5190,Ahorros,COP,6
ACC00004267678,CLI00004267,2525,Ahorros,COP,2
ACC00004267187,CLI00004267,4111,Corriente,COP,64
ACC00004268251,CLI00004268,2593,Corriente,COP,12
ACC00004268459,CLI00004268,7495,Corriente,COP,1
ACC00004269877,CLI00004269,2872,Ahorros,COP,59
ACC00004269794,CLI00004269,6808,Ahorros,COP,26
ACC00004269973,CLI00004269,2237,Corriente,COP,112
ACC00004270306,CLI00004270,5860,Ahorros,COP,16
ACC00004270785,CLI00004270,4784,Nomina,COP,3
ACC00004271819,CLI00004271,2752,Corriente,COP,17
ACC00004272387,CLI00004272,2829,Nomina,COP,57
ACC00004272828,CLI00004272,950,CDT,COP,62
ACC00004273965,CLI00004273,20020,Ahorros,COP,79
ACC00004273572,CLI00004273,1922,CDT,COP,118
ACC00004273532,CLI00004273,2403,Ahorros,COP,38
ACC00004274473,CLI00004274,6302,Corriente,COP,31
ACC00004274447,CLI00004274,1199,Corriente,COP,7
ACC00004275180,CLI00004275,4681,Ahorros,COP,119
ACC00004275158,CLI00004275,14858,Corriente,COP,70
ACC00004275574,CLI00004275,11487,Corriente,COP,107
ACC00004276206,CLI00004276,1371,Ahorros,COP,52
ACC00004276937,CLI00004276,46114,Corriente,COP,10
ACC00004277140,CLI00004277,1675,Nomina,COP,19
ACC00004278953,CLI00004278,3306,Corriente,COP,92
ACC00004279344,CLI00004279,12811,Ahorros,COP,3
ACC00004279663,CLI00004279,1651,Corriente,COP,84
ACC00004279576,CLI00004279,1466,Corriente,COP,109
ACC00004280474,CLI00004280,7330,CDT,COP,87
ACC00004280441,CLI00004280,1625,Nomina,COP,107
ACC00004280342,CLI00004280,1238,Corriente,COP,95
ACC00004281449,CLI00004281,1228,Ahorros,COP,24
ACC00004281953,CLI00004281,6033,Ahorros,COP,88
ACC00004281792,CLI00004281,15491,Corriente,COP,94
ACC00004282878,CLI00004282,1165,Ahorros,COP,74
ACC00004283592,CLI00004283,9475,Corriente,COP,6
ACC00004283677,CLI00004283,8334,Ahorros,COP,48
ACC00004283936,CLI00004283,1982,CDT,COP,100
ACC00004284387,CLI00004284,4227,Corriente,COP,23
ACC00004284614,CLI00004284,6281,Ahorros,COP,59
ACC00004285867,CLI00004285,4539,Corriente,COP,62
ACC00004285898,CLI00004285,22676,Ahorros,COP,32
ACC00004286620,CLI00004286,6463,Ahorros,COP,38
ACC00004287127,CLI00004287,111,Ahorros,COP,11
ACC00004287649,CLI00004287,632,Corriente,COP,114
ACC00004287936,CLI00004287,907,Corriente,COP,10
ACC00004288250,CLI00004288,750,CDT,COP,3
ACC00004289638,CLI00004289,703,CDT,COP,33
ACC00004289944,CLI00004289,35652,Nomina,COP,44
ACC00004289639,CLI00004289,21408,Ahorros,COP,11
ACC00004290168,CLI00004290,15158,Corriente,COP,47
ACC00004290489,CLI00004290,5373,Nomina,COP,40
ACC00004290344,CLI00004290,3578,Ahorros,COP,78
ACC00004291621,CLI00004291,1120,Ahorros,COP,75
ACC00004292797,CLI00004292,34389,Ahorros,COP,7
ACC00004293531,CLI00004293,3127,Ahorros,COP,9
ACC00004294916,CLI00004294,17294,Ahorros,COP,32
ACC00004295715,CLI00004295,2292,Ahorros,COP,16
ACC00004295785,CLI00004295,12386,Ahorros,COP,82
ACC00004296500,CLI00004296,446,Corriente,COP,32
ACC00004296593,CLI00004296,1195,Corriente,COP,22
ACC00004297937,CLI00004297,3502,Ahorros,COP,97
ACC00004297720,CLI00004297,1608,Corriente,COP,10
ACC00004298860,CLI00004298,3758,CDT,COP,48
ACC00004298813,CLI00004298,514,Ahorros,COP,47
ACC00004299112,CLI00004299,919,CDT,COP,118
ACC00004300613,CLI00004300,7399,Corriente,COP,89
ACC00004300961,CLI00004300,36095,Ahorros,COP,15
ACC00004300755,CLI00004300,1357,Ahorros,COP,72
ACC00004301590,CLI00004301,1713,Corriente,COP,71
ACC00004301565,CLI00004301,23184,Ahorros,COP,100
ACC00004302653,CLI00004302,1354,Nomina,COP,40
ACC00004303370,CLI00004303,7102,Ahorros,COP,55
ACC00004304246,CLI00004304,220,Corriente,COP,52
ACC00004305103,CLI00004305,4864,Ahorros,COP,78
ACC00004305117,CLI00004305,1061,CDT,COP,107
ACC00004306825,CLI00004306,2377,Nomina,COP,82
ACC00004306239,CLI00004306,642,Corriente,COP,22
ACC00004307167,CLI00004307,571,Ahorros,COP,78
ACC00004308603,CLI00004308,8485,Ahorros,COP,19
ACC00004308889,CLI00004308,1729,Corriente,COP,13
ACC00004308250,CLI00004308,17496,CDT,COP,20
ACC00004309385,CLI00004309,1358,Corriente,COP,9
ACC00004310925,CLI00004310,7667,Nomina,COP,87
ACC00004311308,CLI00004311,1073,CDT,COP,13
ACC00004311683,CLI00004311,542,Ahorros,COP,7
ACC00004311604,CLI00004311,6578,Ahorros,COP,86
ACC00004312215,CLI00004312,10862,Corriente,COP,29
ACC00004312207,CLI00004312,3748,Ahorros,COP,73
ACC00004312698,CLI00004312,376,Nomina,COP,43
ACC00004313272,CLI00004313,1751,Ahorros,COP,111
ACC00004313725,CLI00004313,2969,Ahorros,COP,90
ACC00004314363,CLI00004314,6500,Corriente,COP,57
ACC00004315925,CLI00004315,422,Nomina,COP,24
ACC00004315244,CLI00004315,5669,Corriente,COP,33
ACC00004316330,CLI00004316,63305,Corriente,COP,105
ACC00004316104,CLI00004316,2795,Corriente,COP,42
ACC00004316207,CLI00004316,1214,Corriente,COP,72
ACC00004317304,CLI00004317,746,CDT,COP,77
ACC00004318867,CLI00004318,719,CDT,COP,55
ACC00004318992,CLI00004318,1626,Ahorros,COP,30
ACC00004318981,CLI00004318,22216,Ahorros,COP,79
ACC00004319313,CLI00004319,1772,Corriente,COP,108
ACC00004319532,CLI00004319,6579,Ahorros,COP,76
ACC00004319942,CLI00004319,5222,Ahorros,COP,72
ACC00004320947,CLI00004320,7707,Ahorros,COP,53
ACC00004320840,CLI00004320,1108,Nomina,COP,75
ACC00004321181,CLI00004321,355,Ahorros,COP,11
ACC00004321453,CLI00004321,7869,Ahorros,COP,45
ACC00004321575,CLI00004321,395,CDT,COP,79
ACC00004322270,CLI00004322,6616,Ahorros,COP,12
ACC00004322123,CLI00004322,18426,Ahorros,COP,80
ACC00004322933,CLI00004322,2224,Ahorros,COP,66
ACC00004323351,CLI00004323,78898,Corriente,COP,79
ACC00004323210,CLI00004323,4911,Ahorros,COP,73
ACC00004323613,CLI00004323,1346,Corriente,COP,92
ACC00004324629,CLI00004324,8544,Corriente,COP,85
ACC00004324237,CLI00004324,5302,Ahorros,COP,37
ACC00004324653,CLI00004324,12076,Corriente,COP,24
ACC00004325822,CLI00004325,505,Corriente,COP,52
ACC00004325872,CLI00004325,1413,CDT,COP,10
ACC00004325303,CLI00004325,3687,Ahorros,COP,94
ACC00004326600,CLI00004326,3685,Ahorros,COP,70
ACC00004326192,CLI00004326,2610,Ahorros,COP,107
ACC00004326809,CLI00004326,3844,Ahorros,COP,4
ACC00004327765,CLI00004327,1826,Corriente,COP,99
ACC00004328235,CLI00004328,10082,Ahorros,COP,51
ACC00004328609,CLI00004328,3568,Corriente,COP,49
ACC00004329560,CLI00004329,8648,Corriente,COP,54
ACC00004330214,CLI00004330,21742,CDT,COP,108
ACC00004330578,CLI00004330,1712,Corriente,COP,50
ACC00004330728,CLI00004330,5869,Corriente,COP,96
ACC00004331879,CLI00004331,7094,Corriente,COP,56
ACC00004331413,CLI00004331,4357,Ahorros,COP,78
ACC00004331678,CLI00004331,3548,Ahorros,COP,42
ACC00004332134,CLI00004332,6323,Corriente,COP,49
ACC00004332794,CLI00004332,6648,Corriente,COP,1
ACC00004332812,CLI00004332,6360,Nomina,COP,105
ACC00004333587,CLI00004333,1190,Ahorros,COP,89
ACC00004333328,CLI00004333,4770,Nomina,COP,8
ACC00004334403,CLI00004334,1517,Corriente,COP,31
ACC00004335512,CLI00004335,822,Ahorros,COP,54
ACC00004336891,CLI00004336,2777,Corriente,COP,95
ACC00004336531,CLI00004336,3913,Nomina,COP,83
ACC00004337609,CLI00004337,15746,Nomina,COP,31
ACC00004337858,CLI00004337,8358,Ahorros,COP,83
ACC00004337433,CLI00004337,3074,Ahorros,COP,51
ACC00004338847,CLI00004338,6629,Ahorros,COP,76
ACC00004338240,CLI00004338,481,Corriente,COP,37
ACC00004338691,CLI00004338,5797,Ahorros,COP,82
ACC00004339173,CLI00004339,3176,Corriente,COP,55
ACC00004340434,CLI00004340,9127,Ahorros,COP,82
ACC00004340602,CLI00004340,10315,Corriente,COP,105
ACC00004341595,CLI00004341,1113,CDT,COP,18
ACC00004341898,CLI00004341,10407,Ahorros,COP,82
ACC00004341260,CLI00004341,15120,Corriente,COP,13
ACC00004342194,CLI00004342,1554,Corriente,COP,89
ACC00004343869,CLI00004343,1792,Ahorros,COP,11
ACC00004344617,CLI00004344,4730,Ahorros,COP,12
ACC00004345580,CLI00004345,575,Corriente,COP,79
ACC00004345480,CLI00004345,189,Corriente,COP,25
ACC00004346193,CLI00004346,9464,Ahorros,COP,59
ACC00004346374,CLI00004346,310,Ahorros,COP,119
ACC00004347416,CLI00004347,881,Corriente,COP,85
ACC00004348570,CLI00004348,12202,Corriente,COP,34
ACC00004349760,CLI00004349,62,Corriente,COP,58
ACC00004350677,CLI00004350,1395,Corriente,COP,103
ACC00004350743,CLI00004350,5742,Corriente,COP,74
ACC00004351976,CLI00004351,6828,Ahorros,COP,76
ACC00004351453,CLI00004351,12352,Corriente,COP,34
ACC00004352471,CLI00004352,2887,Corriente,COP,106
ACC00004352612,CLI00004352,30611,CDT,COP,58
ACC00004353859,CLI00004353,2988,CDT,COP,50
ACC00004353981,CLI00004353,2762,Ahorros,COP,109
ACC00004353366,CLI00004353,28408,Nomina,COP,118
ACC00004354508,CLI00004354,4383,Ahorros,COP,108
ACC00004354804,CLI00004354,2300,Ahorros,COP,31
ACC00004355600,CLI00004355,4180,Corriente,COP,49
ACC00004355897,CLI00004355,13790,Ahorros,COP,8
ACC00004356551,CLI00004356,3360,Ahorros,COP,83
ACC00004356828,CLI00004356,20829,Corriente,COP,15
ACC00004356184,CLI00004356,22214,Ahorros,COP,11
ACC00004357791,CLI00004357,3872,Ahorros,COP,49
ACC00004358216,CLI00004358,22417,Corriente,COP,109
ACC00004359847,CLI00004359,507,Corriente,COP,63
ACC00004360605,CLI00004360,1490,Ahorros,COP,105
ACC00004360471,CLI00004360,3204,Corriente,COP,68
ACC00004360852,CLI00004360,1039,Ahorros,COP,23
ACC00004361587,CLI00004361,6572,Ahorros,COP,80
ACC00004362941,CLI00004362,475,Ahorros,COP,90
ACC00004362454,CLI00004362,4309,Ahorros,COP,18
ACC00004362344,CLI00004362,1043,Ahorros,COP,3
ACC00004363873,CLI00004363,2036,Ahorros,COP,84
ACC00004364775,CLI00004364,1969,Corriente,COP,77
ACC00004365238,CLI00004365,675,Corriente,COP,94
ACC00004365511,CLI00004365,1907,Corriente,COP,31
ACC00004366833,CLI00004366,29975,Ahorros,COP,46
ACC00004366431,CLI00004366,2826,Ahorros,COP,3
ACC00004366113,CLI00004366,10240,Ahorros,COP,77
ACC00004367508,CLI00004367,1129,Ahorros,COP,1
ACC00004367502,CLI00004367,3613,CDT,COP,36
ACC00004368180,CLI00004368,7099,Ahorros,COP,19
ACC00004369507,CLI00004369,279,Ahorros,COP,58
ACC00004370249,CLI00004370,8071,Corriente,COP,10
ACC00004371869,CLI00004371,13572,CDT,COP,4
ACC00004371912,CLI00004371,8076,Ahorros,COP,113
ACC00004372219,CLI00004372,5284,Corriente,COP,116
ACC00004372367,CLI00004372,9280,Ahorros,COP,37
ACC00004373815,CLI00004373,2530,Ahorros,COP,7
ACC00004373897,CLI00004373,1278,CDT,COP,104
ACC00004374640,CLI00004374,680,Nomina,COP,70
ACC00004375619,CLI00004375,4399,Ahorros,COP,30
ACC00004375843,CLI00004375,4474,Ahorros,COP,52
ACC00004375839,CLI00004375,1493,Ahorros,COP,48
ACC00004376661,CLI00004376,519,Nomina,COP,65
ACC00004377790,CLI00004377,29542,Corriente,COP,95
ACC00004377510,CLI00004377,1102,CDT,COP,18
ACC00004377420,CLI00004377,311,CDT,COP,110
ACC00004378276,CLI00004378,4516,Ahorros,COP,88
ACC00004378794,CLI00004378,1892,Corriente,COP,92
ACC00004378629,CLI00004378,317746,Corriente,COP,47
ACC00004379112,CLI00004379,23976,Ahorros,COP,28
ACC00004379995,CLI00004379,23455,Corriente,COP,11
ACC00004379299,CLI00004379,1829,Nomina,COP,42
ACC00004380102,CLI00004380,7094,Corriente,COP,16
ACC00004380107,CLI00004380,20401,Corriente,COP,36
ACC00004380319,CLI00004380,147,CDT,COP,12
ACC00004381557,CLI00004381,17975,Corriente,COP,10
ACC00004382188,CLI00004382,4982,Nomina,COP,51
ACC00004382970,CLI00004382,1756,Corriente,COP,15
ACC00004383985,CLI00004383,34384,Nomina,COP,116
ACC00004383350,CLI00004383,1179,Ahorros,COP,117
ACC00004384817,CLI00004384,5951,Corriente,COP,7
ACC00004384312,CLI00004384,12790,Ahorros,COP,15
ACC00004385200,CLI00004385,2273,Ahorros,COP,25
ACC00004386768,CLI00004386,4823,Corriente,COP,63
ACC00004386115,CLI00004386,616,Ahorros,COP,30
ACC00004387812,CLI00004387,17493,Nomina,COP,76
ACC00004388506,CLI00004388,4080,Ahorros,COP,80
ACC00004388479,CLI00004388,1502,Corriente,COP,10
ACC00004388378,CLI00004388,8122,Ahorros,COP,27
ACC00004389973,CLI00004389,2929,CDT,COP,30
ACC00004390345,CLI00004390,3152,Ahorros,COP,96
ACC00004390293,CLI00004390,2369,Corriente,COP,27
ACC00004390525,CLI00004390,2026,Ahorros,COP,80
ACC00004391733,CLI00004391,33369,Ahorros,COP,83
ACC00004391246,CLI00004391,13087,CDT,COP,5
ACC00004391717,CLI00004391,973,Ahorros,COP,55
ACC00004392774,CLI00004392,9998,Ahorros,COP,7
ACC00004392720,CLI00004392,6002,Ahorros,COP,117
ACC00004393263,CLI00004393,14539,Ahorros,COP,54
ACC00004393973,CLI00004393,16425,Ahorros,COP,10
ACC00004393319,CLI00004393,2664,Corriente,COP,5
ACC00004394178,CLI00004394,1587,Ahorros,COP,54
ACC00004394816,CLI00004394,2323,Corriente,COP,55
ACC00004395238,CLI00004395,13787,Corriente,COP,25
ACC00004396142,CLI00004396,6916,Ahorros,COP,109
ACC00004396334,CLI00004396,10290,Ahorros,COP,61
ACC00004397116,CLI00004397,5814,Ahorros,COP,94
ACC00004398340,CLI00004398,3125,Ahorros,COP,46
ACC00004399558,CLI00004399,1401,Ahorros,COP,14
ACC00004399691,CLI00004399,5060,Ahorros,COP,58
ACC00004399825,CLI00004399,2157,Corriente,COP,11
ACC00004400484,CLI00004400,9822,Ahorros,COP,66
ACC00004401481,CLI00004401,69286,Ahorros,COP,60
ACC00004402906,CLI00004402,7736,Ahorros,COP,105
ACC00004402979,CLI00004402,1987,Corriente,COP,41
ACC00004402728,CLI00004402,2664,Nomina,COP,29
ACC00004403134,CLI00004403,1392,Ahorros,COP,50
ACC00004404386,CLI00004404,41690,Ahorros,COP,5
ACC00004404655,CLI00004404,673,Ahorros,COP,114
ACC00004405165,CLI00004405,2733,Corriente,COP,70
ACC00004405975,CLI00004405,23265,Corriente,COP,112
ACC00004406863,CLI00004406,726,Nomina,COP,21
ACC00004406471,CLI00004406,1512,Corriente,COP,19
ACC00004407439,CLI00004407,2611,Ahorros,COP,2
ACC00004408328,CLI00004408,5350,Ahorros,COP,92
ACC00004408355,CLI00004408,4888,Ahorros,COP,37
ACC00004408822,CLI00004408,2119,Corriente,COP,32
ACC00004409589,CLI00004409,706,Ahorros,COP,67
ACC00004409877,CLI00004409,1520,Corriente,COP,18
ACC00004409632,CLI00004409,1081,CDT,COP,116
ACC00004410675,CLI00004410,704,Ahorros,COP,44
ACC00004411927,CLI00004411,3023,Corriente,COP,24
ACC00004412571,CLI00004412,742,Ahorros,COP,65
ACC00004413943,CLI00004413,7869,Corriente,COP,65
ACC00004413988,CLI00004413,945,Ahorros,COP,86
ACC00004413790,CLI00004413,1963,Corriente,COP,102
ACC00004414521,CLI00004414,2159,Ahorros,COP,28
ACC00004414167,CLI00004414,1380,Ahorros,COP,23
ACC00004415320,CLI00004415,1028,Ahorros,COP,18
ACC00004415408,CLI00004415,5063,Corriente,COP,18
ACC00004415211,CLI00004415,2043,Ahorros,COP,32
ACC00004416545,CLI00004416,2324,Ahorros,COP,16
ACC00004417737,CLI00004417,1932,CDT,COP,1
ACC00004418636,CLI00004418,11475,Ahorros,COP,32
ACC00004418359,CLI00004418,2531,Nomina,COP,115
ACC00004418946,CLI00004418,8066,Nomina,COP,58
ACC00004419325,CLI00004419,1160,Ahorros,COP,62
ACC00004420214,CLI00004420,1157,Corriente,COP,83
ACC00004420591,CLI00004420,14743,CDT,COP,11
ACC00004421293,CLI00004421,3754,Ahorros,COP,27
ACC00004422704,CLI00004422,1058,Corriente,COP,92
ACC00004422472,CLI00004422,3942,Corriente,COP,62
ACC00004423168,CLI00004423,2834,Ahorros,COP,3
ACC00004423236,CLI00004423,10455,Corriente,COP,27
ACC00004423220,CLI00004423,9022,CDT,COP,2
ACC00004424396,CLI00004424,886,Corriente,COP,21
ACC00004425176,CLI00004425,260,Nomina,COP,93
ACC00004426564,CLI00004426,14063,Ahorros,COP,21
ACC00004426685,CLI00004426,1105,Ahorros,COP,106
ACC00004427926,CLI00004427,2113,Ahorros,COP,71
ACC00004428319,CLI00004428,3334,Corriente,COP,22
ACC00004428876,CLI00004428,1140,Ahorros,COP,42
ACC00004428949,CLI00004428,32657,CDT,COP,73
ACC00004429259,CLI00004429,589,CDT,COP,14
ACC00004430315,CLI00004430,10527,Corriente,COP,76
ACC00004431267,CLI00004431,5448,Corriente,COP,92
ACC00004431628,CLI00004431,2080,Ahorros,COP,84
ACC00004431137,CLI00004431,1279,Ahorros,COP,90
ACC00004432803,CLI00004432,670,Ahorros,COP,119
ACC00004432722,CLI00004432,527,Ahorros,COP,101
ACC00004433157,CLI00004433,73370,Ahorros,COP,48
ACC00004434871,CLI00004434,8728,CDT,COP,42
ACC00004435595,CLI00004435,4596,Ahorros,COP,8
ACC00004435643,CLI00004435,2128,Corriente,COP,82
ACC00004436953,CLI00004436,2762,Ahorros,COP,4
ACC00004436762,CLI00004436,1459,Corriente,COP,55
ACC00004437802,CLI00004437,797,CDT,COP,91
ACC00004437171,CLI00004437,7361,CDT,COP,96
ACC00004437336,CLI00004437,13335,Corriente,COP,78
ACC00004438522,CLI00004438,6193,Ahorros,COP,31
ACC00004438198,CLI00004438,193,Corriente,COP,29
ACC00004438201,CLI00004438,12235,CDT,COP,14
ACC00004439698,CLI00004439,7205,Ahorros,COP,104
ACC00004439585,CLI00004439,4059,Ahorros,COP,5
ACC00004440827,CLI00004440,10428,Nomina,COP,25
ACC00004440533,CLI00004440,1473,Ahorros,COP,78
ACC00004440758,CLI00004440,11603,CDT,COP,56
ACC00004441599,CLI00004441,3850,Ahorros,COP,104
ACC00004442229,CLI00004442,5490,Corriente,COP,51
ACC00004442949,CLI00004442,365,CDT,COP,41
ACC00004442144,CLI00004442,244,Nomina,COP,72
ACC00004443300,CLI00004443,2023,Ahorros,COP,32
ACC00004444774,CLI00004444,5581,Ahorros,COP,73
ACC00004445318,CLI00004445,2639,Nomina,COP,71
ACC00004445712,CLI00004445,6172,Ahorros,COP,92
ACC00004445180,CLI00004445,1243,Ahorros,COP,57
ACC00004446186,CLI00004446,259,Corriente,COP,44
ACC00004446596,CLI00004446,9041,Ahorros,COP,30
ACC00004446360,CLI00004446,78,CDT,COP,18
ACC00004447474,CLI00004447,1034,Ahorros,COP,91
ACC00004447116,CLI00004447,5272,Ahorros,COP,21
ACC00004447294,CLI00004447,5433,Ahorros,COP,51
ACC00004448370,CLI00004448,2937,Corriente,COP,6
ACC00004448411,CLI00004448,12403,Ahorros,COP,54
ACC00004449337,CLI00004449,676,Ahorros,COP,16
ACC00004450453,CLI00004450,2866,Ahorros,COP,55
ACC00004451338,CLI00004451,2563,CDT,COP,90
ACC00004451265,CLI00004451,2032,Corriente,COP,45
ACC00004451505,CLI00004451,555,Corriente,COP,22
ACC00004452385,CLI00004452,828,CDT,COP,46
ACC00004452440,CLI00004452,1395,Ahorros,COP,44
ACC00004453240,CLI00004453,1651,Ahorros,COP,101
ACC00004454379,CLI00004454,3854,Corriente,COP,22
ACC00004454499,CLI00004454,476,Ahorros,COP,73
ACC00004455241,CLI00004455,1008,Ahorros,COP,65
ACC00004456386,CLI00004456,6052,Corriente,COP,36
ACC00004457528,CLI00004457,1427,Corriente,COP,12
ACC00004457343,CLI00004457,3843,Ahorros,COP,71
ACC00004458870,CLI00004458,17182,Ahorros,COP,74
ACC00004458480,CLI00004458,12279,Ahorros,COP,13
ACC00004459997,CLI00004459,3731,Ahorros,COP,47
ACC00004459436,CLI00004459,3366,Corriente,COP,4
ACC00004460802,CLI00004460,2209,Ahorros,COP,89
ACC00004460508,CLI00004460,563,Corriente,COP,105
ACC00004460866,CLI00004460,4593,Ahorros,COP,30
ACC00004461252,CLI00004461,3692,Corriente,COP,80
ACC00004461504,CLI00004461,2387,Ahorros,COP,23
ACC00004461824,CLI00004461,543,CDT,COP,96
ACC00004462350,CLI00004462,2279,Corriente,COP,53
ACC00004463608,CLI00004463,4214,Ahorros,COP,77
ACC00004463158,CLI00004463,1596,Corriente,COP,41
ACC00004463704,CLI00004463,434,Corriente,COP,67
ACC00004464368,CLI00004464,13885,Ahorros,COP,63
ACC00004464274,CLI00004464,2533,Ahorros,COP,36
ACC00004464717,CLI00004464,2781,Ahorros,COP,98
ACC00004465708,CLI00004465,2322,Ahorros,COP,84
ACC00004465997,CLI00004465,6790,Corriente,COP,84
ACC00004466920,CLI00004466,6741,CDT,COP,36
ACC00004467253,CLI00004467,9313,Ahorros,COP,47
ACC00004467528,CLI00004467,4696,Ahorros,COP,69
ACC00004468877,CLI00004468,925,Nomina,COP,57
ACC00004468348,CLI00004468,508,Corriente,COP,18
ACC00004469445,CLI00004469,3927,Ahorros,COP,103
ACC00004470178,CLI00004470,285,Nomina,COP,100
ACC00004470436,CLI00004470,5183,CDT,COP,112
ACC00004470281,CLI00004470,1307,Corriente,COP,95
ACC00004471605,CLI00004471,3530,Ahorros,COP,32
ACC00004471659,CLI00004471,21870,Nomina,COP,102
ACC00004472517,CLI00004472,1028,Corriente,COP,113
ACC00004472980,CLI00004472,4126,CDT,COP,34
ACC00004473214,CLI00004473,1437,Nomina,COP,88
ACC00004473745,CLI00004473,6269,Corriente,COP,96
ACC00004473986,CLI00004473,8912,Corriente,COP,55
ACC00004474890,CLI00004474,1926,Corriente,COP,107
ACC00004474643,CLI00004474,1196,Nomina,COP,85
ACC00004475482,CLI00004475,950,Ahorros,COP,111
ACC00004476896,CLI00004476,541,Ahorros,COP,119
ACC00004476376,CLI00004476,5992,CDT,COP,9
ACC00004477423,CLI00004477,20554,Ahorros,COP,47
ACC00004477592,CLI00004477,30466,Ahorros,COP,60
ACC00004478649,CLI00004478,1737,Nomina,COP,39
ACC00004478731,CLI00004478,5697,Ahorros,COP,51
ACC00004479706,CLI00004479,7142,Ahorros,COP,46
ACC00004479654,CLI00004479,2161,Corriente,COP,75
ACC00004479763,CLI00004479,11474,Ahorros,COP,100
ACC00004480253,CLI00004480,4702,Corriente,COP,87
ACC00004480150,CLI00004480,3012,Ahorros,COP,61
ACC00004480548,CLI00004480,7345,Corriente,COP,97
ACC00004481981,CLI00004481,2806,Nomina,COP,19
ACC00004481456,CLI00004481,3785,Corriente,COP,82
ACC00004482464,CLI00004482,603,Ahorros,COP,105
ACC00004482518,CLI00004482,2310,Ahorros,COP,16
ACC00004483224,CLI00004483,1544,Ahorros,COP,47
ACC00004484370,CLI00004484,3713,Ahorros,COP,9
ACC00004484319,CLI00004484,365,Ahorros,COP,84
ACC00004484432,CLI00004484,2521,Ahorros,COP,110
ACC00004485287,CLI00004485,5008,CDT,COP,68
ACC00004485482,CLI00004485,571,Ahorros,COP,13
ACC00004486967,CLI00004486,1480,Ahorros,COP,111
ACC00004487729,CLI00004487,1390,Ahorros,COP,105
ACC00004487741,CLI00004487,4272,Corriente,COP,56
ACC00004487594,CLI00004487,2805,CDT,COP,58
ACC00004488626,CLI00004488,15776,Ahorros,COP,112
ACC00004488568,CLI00004488,2827,CDT,COP,86
ACC00004488939,CLI00004488,1823,Ahorros,COP,12
ACC00004489938,CLI00004489,343,Corriente,COP,57
ACC00004489569,CLI00004489,10772,Corriente,COP,41
ACC00004489161,CLI00004489,1859,Corriente,COP,22
ACC00004490524,CLI00004490,6482,Corriente,COP,73
ACC00004491579,CLI00004491,4283,Ahorros,COP,113
ACC00004491177,CLI00004491,2232,Nomina,COP,28
ACC00004491924,CLI00004491,11784,Corriente,COP,106
ACC00004492368,CLI00004492,9653,Nomina,COP,47
ACC00004493832,CLI00004493,2127,Ahorros,COP,15
ACC00004493109,CLI00004493,4616,Ahorros,COP,96
ACC00004494975,CLI00004494,2259,Corriente,COP,109
ACC00004495475,CLI00004495,3668,Ahorros,COP,41
ACC00004495813,CLI00004495,3785,Corriente,COP,83
ACC00004495383,CLI00004495,5314,Ahorros,COP,44
ACC00004496832,CLI00004496,10278,Nomina,COP,89
ACC00004496943,CLI00004496,7387,Corriente,COP,69
ACC00004496343,CLI00004496,255,CDT,COP,107
ACC00004497337,CLI00004497,1563,Ahorros,COP,64
ACC00004498663,CLI00004498,403,Corriente,COP,100
ACC00004498295,CLI00004498,1788,Ahorros,COP,63
ACC00004499299,CLI00004499,1412,Ahorros,COP,103
ACC00004499723,CLI00004499,722,Ahorros,COP,38
ACC00004499318,CLI00004499,277,Nomina,COP,103
ACC00004500685,CLI00004500,5210,Ahorros,COP,52
ACC00004500882,CLI00004500,2067,CDT,COP,72
ACC00004501210,CLI00004501,6151,Ahorros,COP,20
ACC00004501546,CLI00004501,119,CDT,COP,27
ACC00004501753,CLI00004501,11418,Ahorros,COP,93
ACC00004502933,CLI00004502,10075,Ahorros,COP,35
ACC00004503482,CLI00004503,1256,Corriente,COP,4
ACC00004504297,CLI00004504,6699,Ahorros,COP,95
ACC00004504167,CLI00004504,4213,Corriente,COP,113
ACC00004504143,CLI00004504,538,Corriente,COP,111
ACC00004505531,CLI00004505,5698,CDT,COP,7
ACC00004505159,CLI00004505,2579,Ahorros,COP,27
ACC00004506215,CLI00004506,2697,Ahorros,COP,72
ACC00004506515,CLI00004506,1186,Corriente,COP,52
ACC00004507346,CLI00004507,27604,Ahorros,COP,19
ACC00004507552,CLI00004507,1679,Corriente,COP,81
ACC00004507894,CLI00004507,21975,Ahorros,COP,102
ACC00004508106,CLI00004508,4386,Ahorros,COP,102
ACC00004508936,CLI00004508,6415,Ahorros,COP,53
ACC00004508875,CLI00004508,5094,Ahorros,COP,16
ACC00004509523,CLI00004509,22165,Ahorros,COP,37
ACC00004509327,CLI00004509,587,Corriente,COP,16
ACC00004510102,CLI00004510,4346,CDT,COP,1
ACC00004510251,CLI00004510,1825,Ahorros,COP,28
ACC00004510946,CLI00004510,3626,Ahorros,COP,40
ACC00004511503,CLI00004511,557,Ahorros,COP,26
ACC00004511838,CLI00004511,3121,Ahorros,COP,39
ACC00004511865,CLI00004511,414,Ahorros,COP,85
ACC00004512622,CLI00004512,727,Corriente,COP,38
ACC00004512274,CLI00004512,666,Ahorros,COP,76
ACC00004513629,CLI00004513,1342,Nomina,COP,38
ACC00004513668,CLI00004513,1338,Corriente,COP,78
ACC00004513916,CLI00004513,597,Ahorros,COP,65
ACC00004514979,CLI00004514,610,Ahorros,COP,116
ACC00004515881,CLI00004515,5813,CDT,COP,114
ACC00004516108,CLI00004516,5153,Ahorros,COP,30
ACC00004516187,CLI00004516,5340,Ahorros,COP,83
ACC00004516741,CLI00004516,6805,Ahorros,COP,65
ACC00004517831,CLI00004517,8182,Corriente,COP,27
ACC00004517243,CLI00004517,11865,Ahorros,COP,37
ACC00004518162,CLI00004518,911,Ahorros,COP,73
ACC00004519111,CLI00004519,649,Nomina,COP,49
ACC00004519394,CLI00004519,3482,Ahorros,COP,2
ACC00004519611,CLI00004519,670,Corriente,COP,96
ACC00004520265,CLI00004520,959,Ahorros,COP,54
ACC00004520594,CLI00004520,1805,CDT,COP,45
ACC00004521450,CLI00004521,429,Ahorros,COP,26
ACC00004521208,CLI00004521,1366,Corriente,COP,37
ACC00004522183,CLI00004522,4361,Corriente,COP,23
ACC00004523858,CLI00004523,2734,Ahorros,COP,93
ACC00004524843,CLI00004524,2494,Ahorros,COP,19
ACC00004525900,CLI00004525,960,Ahorros,COP,33
ACC00004525519,CLI00004525,54497,Nomina,COP,116
ACC00004525101,CLI00004525,1074,Ahorros,COP,38
ACC00004526486,CLI00004526,1956,Ahorros,COP,90
ACC00004526870,CLI00004526,4470,Ahorros,COP,92
ACC00004526362,CLI00004526,2357,Corriente,COP,99
ACC00004527836,CLI00004527,631,Corriente,COP,78
ACC00004528675,CLI00004528,974,Corriente,COP,12
ACC00004529157,CLI00004529,3560,Ahorros,COP,51
ACC00004529873,CLI00004529,3486,Ahorros,COP,59
ACC00004529712,CLI00004529,539,Ahorros,COP,104
ACC00004530237,CLI00004530,6077,Ahorros,COP,18
ACC00004530543,CLI00004530,18164,Corriente,COP,10
ACC00004531230,CLI00004531,8549,Ahorros,COP,107
ACC00004531369,CLI00004531,12995,Ahorros,COP,119
ACC00004532295,CLI00004532,1243,Ahorros,COP,80
ACC00004532527,CLI00004532,3557,Ahorros,COP,30
ACC00004533258,CLI00004533,1149,CDT,COP,115
ACC00004533676,CLI00004533,492,Corriente,COP,66
ACC00004534415,CLI00004534,451,Corriente,COP,42
ACC00004534374,CLI00004534,16203,Ahorros,COP,113
ACC00004534653,CLI00004534,1932,Ahorros,COP,114
ACC00004535359,CLI00004535,2860,Corriente,COP,44
ACC00004536498,CLI00004536,1297,Ahorros,COP,109
ACC00004536179,CLI00004536,5194,Ahorros,COP,16
ACC00004536265,CLI00004536,1296,Ahorros,COP,74
ACC00004537175,CLI00004537,16473,Corriente,COP,12
ACC00004538417,CLI00004538,2548,CDT,COP,48
ACC00004538147,CLI00004538,7323,Ahorros,COP,37
ACC00004539318,CLI00004539,1701,CDT,COP,36
ACC00004539769,CLI00004539,7799,Ahorros,COP,107
ACC00004540768,CLI00004540,1726,Ahorros,COP,20
ACC00004540353,CLI00004540,2330,Ahorros,COP,23
ACC00004541862,CLI00004541,3558,Ahorros,COP,89
ACC00004541557,CLI00004541,586,Ahorros,COP,37
ACC00004541608,CLI00004541,6986,Corriente,COP,80
ACC00004542220,CLI00004542,714,Corriente,COP,29
ACC00004543863,CLI00004543,46755,Nomina,COP,33
ACC00004543431,CLI00004543,21283,Ahorros,COP,77
ACC00004543956,CLI00004543,38086,Ahorros,COP,22
ACC00004544842,CLI00004544,2458,Ahorros,COP,72
ACC00004545983,CLI00004545,2061,Corriente,COP,36
ACC00004545885,CLI00004545,11451,Corriente,COP,61
ACC00004545758,CLI00004545,2498,Ahorros,COP,61
ACC00004546626,CLI00004546,1708,Ahorros,COP,96
ACC00004546420,CLI00004546,3413,Corriente,COP,114
ACC00004547766,CLI00004547,11799,Corriente,COP,71
ACC00004548916,CLI00004548,9908,Ahorros,COP,6
ACC00004548588,CLI00004548,7086,CDT,COP,67
ACC00004548914,CLI00004548,942,Corriente,COP,103
ACC00004549808,CLI00004549,4663,Nomina,COP,106
ACC00004550777,CLI00004550,3768,Corriente,COP,15
ACC00004550893,CLI00004550,7405,Ahorros,COP,85
ACC00004550951,CLI00004550,1729,Corriente,COP,52
ACC00004551598,CLI00004551,4954,Corriente,COP,67
ACC00004551532,CLI00004551,582,Corriente,COP,18
ACC00004552489,CLI00004552,1952,Ahorros,COP,78
ACC00004553486,CLI00004553,2108,Nomina,COP,38
ACC00004553646,CLI00004553,5837,CDT,COP,32
ACC00004553225,CLI00004553,3286,Ahorros,COP,50
ACC00004554357,CLI00004554,974,Corriente,COP,76
ACC00004554381,CLI00004554,1369,Ahorros,COP,14
ACC00004555734,CLI00004555,4466,Ahorros,COP,52
ACC00004556836,CLI00004556,6101,Nomina,COP,6
ACC00004556640,CLI00004556,3121,Corriente,COP,2
ACC00004556486,CLI00004556,1869,CDT,COP,109
ACC00004557577,CLI00004557,8486,Ahorros,COP,30
ACC00004557929,CLI00004557,1727,Ahorros,COP,76
ACC00004557158,CLI00004557,3794,Ahorros,COP,32
ACC00004558455,CLI00004558,2978,Corriente,COP,42
ACC00004558963,CLI00004558,10288,Ahorros,COP,56
ACC00004559673,CLI00004559,4343,CDT,COP,11
ACC00004559688,CLI00004559,417,Corriente,COP,41
ACC00004560524,CLI00004560,3121,Ahorros,COP,53
ACC00004560518,CLI00004560,3486,Ahorros,COP,13
ACC00004561460,CLI00004561,3334,Ahorros,COP,40
ACC00004562481,CLI00004562,1496,CDT,COP,112
ACC00004562706,CLI00004562,1372,Ahorros,COP,93
ACC00004563128,CLI00004563,1560,Ahorros,COP,62
ACC00004564274,CLI00004564,733,Ahorros,COP,13
ACC00004564682,CLI00004564,2272,Corriente,COP,77
ACC00004564978,CLI00004564,1682,Ahorros,COP,11
ACC00004565868,CLI00004565,791,Corriente,COP,102
ACC00004565345,CLI00004565,3376,Ahorros,COP,64
ACC00004566537,CLI00004566,3585,Ahorros,COP,26
ACC00004566655,CLI00004566,3140,Corriente,COP,61
ACC00004567244,CLI00004567,70006,Ahorros,COP,101
ACC00004568345,CLI00004568,2718,Ahorros,COP,115
ACC00004568359,CLI00004568,444,Corriente,COP,110
ACC00004569769,CLI00004569,1398,CDT,COP,77
ACC00004570942,CLI00004570,1923,CDT,COP,103
ACC00004570736,CLI00004570,1211,Ahorros,COP,64
ACC00004571192,CLI00004571,2134,Ahorros,COP,83
ACC00004572356,CLI00004572,1388,Nomina,COP,87
ACC00004572607,CLI00004572,6068,CDT,COP,30
ACC00004573475,CLI00004573,5099,Ahorros,COP,62
ACC00004573466,CLI00004573,15216,Ahorros,COP,83
ACC00004573906,CLI00004573,880,CDT,COP,26
ACC00004574511,CLI00004574,706,Ahorros,COP,80
ACC00004575751,CLI00004575,4581,Nomina,COP,87
ACC00004575522,CLI00004575,9286,CDT,COP,99
ACC00004576653,CLI00004576,1645,Corriente,COP,110
ACC00004576433,CLI00004576,11746,Corriente,COP,28
ACC00004576730,CLI00004576,588,Ahorros,COP,41
ACC00004577750,CLI00004577,7146,Ahorros,COP,96
ACC00004577510,CLI00004577,1319,Nomina,COP,5
ACC00004577238,CLI00004577,1737,Ahorros,COP,107
ACC00004578853,CLI00004578,1470,Ahorros,COP,19
ACC00004578496,CLI00004578,5822,Ahorros,COP,50
ACC00004579996,CLI00004579,879,Nomina,COP,28
ACC00004579767,CLI00004579,1076,Corriente,COP,51
ACC00004579250,CLI00004579,3325,Ahorros,COP,116
ACC00004580581,CLI00004580,858,Ahorros,COP,92
ACC00004581626,CLI00004581,797,Ahorros,COP,10
ACC00004581215,CLI00004581,2870,Corriente,COP,82
ACC00004581269,CLI00004581,8123,Corriente,COP,52
ACC00004582569,CLI00004582,756,Corriente,COP,8
ACC00004582198,CLI00004582,3133,Corriente,COP,31
ACC00004582838,CLI00004582,16770,Corriente,COP,20
ACC00004583352,CLI00004583,8266,Ahorros,COP,48
ACC00004584238,CLI00004584,14894,Ahorros,COP,57
ACC00004585183,CLI00004585,17997,Corriente,COP,98
ACC00004585422,CLI00004585,5054,Ahorros,COP,36
ACC00004585686,CLI00004585,6074,Corriente,COP,56
ACC00004586324,CLI00004586,1222,Corriente,COP,87
ACC00004587748,CLI00004587,683,Ahorros,COP,116
ACC00004587239,CLI00004587,2408,Corriente,COP,3
ACC00004587210,CLI00004587,7538,Corriente,COP,51
ACC00004588529,CLI00004588,11476,CDT,COP,118
ACC00004588679,CLI00004588,6176,Corriente,COP,20
ACC00004588666,CLI00004588,23182,Corriente,COP,33
ACC00004589659,CLI00004589,618,Ahorros,COP,38
ACC00004589137,CLI00004589,2720,Ahorros,COP,87
ACC00004590292,CLI00004590,19449,Ahorros,COP,30
ACC00004590565,CLI00004590,899,Ahorros,COP,100
ACC00004590542,CLI00004590,640,Nomina,COP,49
ACC00004591579,CLI00004591,2948,Ahorros,COP,112
ACC00004592325,CLI00004592,1469,Corriente,COP,48
ACC00004592988,CLI00004592,2070,Corriente,COP,64
ACC00004592822,CLI00004592,783,CDT,COP,70
ACC00004593847,CLI00004593,3669,Ahorros,COP,33
ACC00004593973,CLI00004593,5309,Ahorros,COP,94
ACC00004593738,CLI00004593,4664,Ahorros,COP,32
ACC00004594667,CLI00004594,6275,Ahorros,COP,56
ACC00004595775,CLI00004595,1848,Nomina,COP,94
ACC00004595302,CLI00004595,23061,Ahorros,COP,27
ACC00004595653,CLI00004595,2248,CDT,COP,50
ACC00004596545,CLI00004596,28990,Nomina,COP,65
ACC00004596692,CLI00004596,3558,Nomina,COP,18
ACC00004596131,CLI00004596,5025,Corriente,COP,101
ACC00004597170,CLI00004597,2230,Ahorros,COP,37
ACC00004598914,CLI00004598,3997,Corriente,COP,111
ACC00004598916,CLI00004598,320,Ahorros,COP,64
ACC00004599435,CLI00004599,2536,Corriente,COP,4
ACC00004599526,CLI00004599,2165,Corriente,COP,101
ACC00004599199,CLI00004599,1871,Corriente,COP,63
ACC00004600348,CLI00004600,26137,Ahorros,COP,70
ACC00004600916,CLI00004600,7322,Corriente,COP,104
ACC00004601953,CLI00004601,8378,Ahorros,COP,94
ACC00004601665,CLI00004601,2805,Ahorros,COP,51
ACC00004601633,CLI00004601,2469,Corriente,COP,18
ACC00004602585,CLI00004602,5123,Ahorros,COP,76
ACC00004603817,CLI00004603,8609,Corriente,COP,7
ACC00004603404,CLI00004603,1295,Ahorros,COP,41
ACC00004604733,CLI00004604,2252,CDT,COP,108
ACC00004605564,CLI00004605,1199,Ahorros,COP,46
ACC00004605155,CLI00004605,3028,Ahorros,COP,88
ACC00004605979,CLI00004605,22191,Ahorros,COP,60
ACC00004606548,CLI00004606,108,Corriente,COP,74
ACC00004607746,CLI00004607,103,Ahorros,COP,22
ACC00004607690,CLI00004607,906,Ahorros,COP,19
ACC00004608535,CLI00004608,4576,Corriente,COP,106
ACC00004608221,CLI00004608,9576,Ahorros,COP,89
ACC00004608308,CLI00004608,4212,Ahorros,COP,98
ACC00004609124,CLI00004609,4549,Ahorros,COP,50
ACC00004609598,CLI00004609,3830,Ahorros,COP,72
ACC00004610638,CLI00004610,3871,Ahorros,COP,28
ACC00004610955,CLI00004610,2933,Nomina,COP,78
ACC00004611909,CLI00004611,235,Corriente,COP,107
ACC00004612925,CLI00004612,5206,CDT,COP,56
ACC00004613464,CLI00004613,1076,Corriente,COP,98
ACC00004614622,CLI00004614,94562,Corriente,COP,39
ACC00004614808,CLI00004614,164,Corriente,COP,19
ACC00004615639,CLI00004615,3335,Ahorros,COP,87
ACC00004615183,CLI00004615,12428,Ahorros,COP,110
ACC00004615555,CLI00004615,4131,Ahorros,COP,74
ACC00004616500,CLI00004616,424,CDT,COP,103
ACC00004616950,CLI00004616,26042,Ahorros,COP,51
ACC00004616109,CLI00004616,11321,Ahorros,COP,82
ACC00004617907,CLI00004617,3000,Corriente,COP,58
ACC00004617947,CLI00004617,5668,Nomina,COP,80
ACC00004617796,CLI00004617,85590,Ahorros,COP,21
ACC00004618799,CLI00004618,4293,Ahorros,COP,57
ACC00004618776,CLI00004618,1515,Nomina,COP,46
ACC00004619651,CLI00004619,20317,Corriente,COP,7
ACC00004620124,CLI00004620,15743,Ahorros,COP,102
ACC00004621187,CLI00004621,2904,Corriente,COP,44
ACC00004622108,CLI00004622,4754,CDT,COP,115
ACC00004623211,CLI00004623,1202,Nomina,COP,84
ACC00004624284,CLI00004624,10453,Ahorros,COP,93
ACC00004624841,CLI00004624,871,Ahorros,COP,99
ACC00004625696,CLI00004625,11696,CDT,COP,29
ACC00004625160,CLI00004625,2186,Corriente,COP,117
ACC00004626622,CLI00004626,1638,CDT,COP,114
ACC00004626776,CLI00004626,7616,Ahorros,COP,91
ACC00004626974,CLI00004626,40312,Ahorros,COP,53
ACC00004627641,CLI00004627,4283,Corriente,COP,111
ACC00004627667,CLI00004627,22195,Ahorros,COP,28
ACC00004627618,CLI00004627,422,Ahorros,COP,29
ACC00004628444,CLI00004628,2382,CDT,COP,40
ACC00004628733,CLI00004628,1045,CDT,COP,31
ACC00004629625,CLI00004629,6150,Corriente,COP,105
ACC00004629461,CLI00004629,11974,Nomina,COP,20
ACC00004630142,CLI00004630,14504,Ahorros,COP,108
ACC00004630802,CLI00004630,3910,Nomina,COP,108
ACC00004631735,CLI00004631,1626,Ahorros,COP,106
ACC00004631936,CLI00004631,18166,Corriente,COP,43
ACC00004632145,CLI00004632,669,Corriente,COP,67
ACC00004632750,CLI00004632,776,Corriente,COP,24
ACC00004632201,CLI00004632,3745,Corriente,COP,34
ACC00004633224,CLI00004633,3887,Corriente,COP,97
ACC00004633685,CLI00004633,1211,Corriente,COP,111
ACC00004634524,CLI00004634,3556,Ahorros,COP,61
ACC00004634542,CLI00004634,905,Corriente,COP,54
ACC00004634695,CLI00004634,75978,Ahorros,COP,11
ACC00004635551,CLI00004635,993,Ahorros,COP,53
ACC00004635418,CLI00004635,1867,CDT,COP,11
ACC00004635493,CLI00004635,2019,Ahorros,COP,63
ACC00004636277,CLI00004636,8428,Ahorros,COP,110
ACC00004636343,CLI00004636,824,Ahorros,COP,76
ACC00004637893,CLI00004637,522,CDT,COP,66
ACC00004637969,CLI00004637,4356,Corriente,COP,7
ACC00004638963,CLI00004638,563,CDT,COP,33
ACC00004639511,CLI00004639,15776,Ahorros,COP,80
ACC00004640880,CLI00004640,4015,Ahorros,COP,1
ACC00004640349,CLI00004640,19090,Ahorros,COP,5
ACC00004641746,CLI00004641,342,Ahorros,COP,43
ACC00004642129,CLI00004642,6030,Ahorros,COP,94
ACC00004643321,CLI00004643,7603,Corriente,COP,87
ACC00004644494,CLI00004644,3441,Corriente,COP,81
ACC00004645570,CLI00004645,16679,Corriente,COP,94
ACC00004646291,CLI00004646,1945,Corriente,COP,27
ACC00004647185,CLI00004647,1032,CDT,COP,35
ACC00004647702,CLI00004647,3824,Ahorros,COP,114
ACC00004647631,CLI00004647,374,Ahorros,COP,10
ACC00004648752,CLI00004648,3431,Ahorros,COP,77
ACC00004648621,CLI00004648,16634,Ahorros,COP,106
ACC00004648642,CLI00004648,1992,Ahorros,COP,40
ACC00004649497,CLI00004649,837,Ahorros,COP,55
ACC00004649573,CLI00004649,1170,Corriente,COP,94
ACC00004650565,CLI00004650,1658,Ahorros,COP,42
ACC00004651347,CLI00004651,4024,CDT,COP,5
ACC00004652401,CLI00004652,596,Corriente,COP,40
ACC00004652310,CLI00004652,1750,CDT,COP,80
ACC00004652779,CLI00004652,13804,Corriente,COP,48
ACC00004653693,CLI00004653,5765,Ahorros,COP,69
ACC00004653969,CLI00004653,28116,Corriente,COP,99
ACC00004653356,CLI00004653,1307,Corriente,COP,89
ACC00004654408,CLI00004654,71273,Ahorros,COP,44
ACC00004655467,CLI00004655,2444,Ahorros,COP,31
ACC00004655604,CLI00004655,580,Ahorros,COP,17
ACC00004655933,CLI00004655,23321,Ahorros,COP,13
ACC00004656489,CLI00004656,2224,Ahorros,COP,105
ACC00004656458,CLI00004656,4146,Corriente,COP,79
ACC00004656724,CLI00004656,19230,Corriente,COP,48
ACC00004657137,CLI00004657,396,Ahorros,COP,62
ACC00004658493,CLI00004658,2104,Corriente,COP,60
ACC00004658869,CLI00004658,5113,Corriente,COP,99
ACC00004658305,CLI00004658,5414,Ahorros,COP,91
ACC00004659682,CLI00004659,14128,Ahorros,COP,113
ACC00004660752,CLI00004660,2594,Ahorros,COP,60
ACC00004661133,CLI00004661,5568,Ahorros,COP,58
ACC00004661549,CLI00004661,34024,Ahorros,COP,12
ACC00004662942,CLI00004662,339,Ahorros,COP,86
ACC00004662877,CLI00004662,3913,Ahorros,COP,11
ACC00004662451,CLI00004662,10717,Corriente,COP,64
ACC00004663892,CLI00004663,3121,CDT,COP,15
ACC00004663274,CLI00004663,281,Corriente,COP,84
ACC00004663726,CLI00004663,2851,Corriente,COP,5
ACC00004664509,CLI00004664,3192,Nomina,COP,60
ACC00004665958,CLI00004665,2851,Corriente,COP,19
ACC00004665313,CLI00004665,124818,Corriente,COP,31
ACC00004665124,CLI00004665,9422,Ahorros,COP,55
ACC00004666891,CLI00004666,6302,Corriente,COP,11
ACC00004666129,CLI00004666,13655,Ahorros,COP,45
ACC00004666708,CLI00004666,2078,Corriente,COP,71
ACC00004667807,CLI00004667,2949,Ahorros,COP,108
ACC00004667973,CLI00004667,3360,Corriente,COP,29
ACC00004667668,CLI00004667,489,CDT,COP,9
ACC00004668692,CLI00004668,18518,CDT,COP,32
ACC00004668724,CLI00004668,2071,Ahorros,COP,93
ACC00004669350,CLI00004669,7763,Corriente,COP,35
ACC00004670646,CLI00004670,1390,Corriente,COP,113
ACC00004670463,CLI00004670,1376,Corriente,COP,68
ACC00004670797,CLI00004670,4927,Corriente,COP,118
ACC00004671320,CLI00004671,15810,Ahorros,COP,77
ACC00004672497,CLI00004672,3722,Ahorros,COP,40
ACC00004673215,CLI00004673,3304,Ahorros,COP,3
ACC00004673897,CLI00004673,380,Ahorros,COP,116
ACC00004673224,CLI00004673,9049,Ahorros,COP,41
ACC00004674859,CLI00004674,2034,Ahorros,COP,72
ACC00004675969,CLI00004675,7563,Corriente,COP,83
ACC00004676108,CLI00004676,694,Nomina,COP,89
ACC00004676707,CLI00004676,2694,Ahorros,COP,77
ACC00004676164,CLI00004676,919,Ahorros,COP,11
ACC00004677602,CLI00004677,1916,Ahorros,COP,3
ACC00004678317,CLI00004678,16167,Ahorros,COP,51
ACC00004678179,CLI00004678,282,Ahorros,COP,110
ACC00004679138,CLI00004679,25110,Ahorros,COP,5
ACC00004680864,CLI00004680,2423,Ahorros,COP,104
ACC00004681359,CLI00004681,655,Ahorros,COP,37
ACC00004681749,CLI00004681,159,CDT,COP,37
ACC00004681678,CLI00004681,16904,CDT,COP,51
ACC00004682299,CLI00004682,1735,Ahorros,COP,58
ACC00004682169,CLI00004682,1818,Ahorros,COP,50
ACC00004683184,CLI00004683,828,Ahorros,COP,68
ACC00004683884,CLI00004683,16925,Ahorros,COP,28
ACC00004684482,CLI00004684,1504,Ahorros,COP,74
ACC00004685129,CLI00004685,762,CDT,COP,72
ACC00004685576,CLI00004685,1704,Ahorros,COP,55
ACC00004686321,CLI00004686,627,Nomina,COP,37
ACC00004687301,CLI00004687,401,Corriente,COP,110
ACC00004687498,CLI00004687,260,Ahorros,COP,115
ACC00004688527,CLI00004688,27967,CDT,COP,73
ACC00004688627,CLI00004688,1741,Ahorros,COP,23
ACC00004689293,CLI00004689,3915,Ahorros,COP,28
ACC00004689656,CLI00004689,934,Ahorros,COP,116
ACC00004690101,CLI00004690,23921,Corriente,COP,59
ACC00004691654,CLI00004691,2181,Ahorros,COP,23
ACC00004691893,CLI00004691,4040,Corriente,COP,34
ACC00004691980,CLI00004691,2223,CDT,COP,3
ACC00004692945,CLI00004692,4102,Ahorros,COP,99
ACC00004693548,CLI00004693,3615,Ahorros,COP,86
ACC00004694762,CLI00004694,9148,Corriente,COP,13
ACC00004694705,CLI00004694,5274,Corriente,COP,53
ACC00004694349,CLI00004694,135,Corriente,COP,111
ACC00004695509,CLI00004695,1329,CDT,COP,62
ACC00004695384,CLI00004695,1534,Corriente,COP,78
ACC00004695361,CLI00004695,664,Ahorros,COP,13
ACC00004696477,CLI00004696,2728,CDT,COP,60
ACC00004696318,CLI00004696,611,Ahorros,COP,69
ACC00004697265,CLI00004697,371,Corriente,COP,25
ACC00004698214,CLI00004698,1134,Corriente,COP,42
ACC00004699293,CLI00004699,644,CDT,COP,23
ACC00004700820,CLI00004700,800,Ahorros,COP,73
ACC00004701160,CLI00004701,1212,Corriente,COP,87
ACC00004701444,CLI00004701,174,Ahorros,COP,37
ACC00004702784,CLI00004702,1257,CDT,COP,62
ACC00004702527,CLI00004702,1584,Corriente,COP,8
ACC00004702113,CLI00004702,3401,Ahorros,COP,34
ACC00004703734,CLI00004703,9563,Ahorros,COP,56
ACC00004703189,CLI00004703,11224,Ahorros,COP,84
ACC00004703323,CLI00004703,122,Ahorros,COP,2
ACC00004704459,CLI00004704,208,Corriente,COP,106
ACC00004704246,CLI00004704,2041,Corriente,COP,36
ACC00004705569,CLI00004705,3760,Ahorros,COP,26
ACC00004706848,CLI00004706,350,Ahorros,COP,90
ACC00004707337,CLI00004707,2710,Ahorros,COP,69
ACC00004708909,CLI00004708,2979,Ahorros,COP,54
ACC00004708997,CLI00004708,2068,Nomina,COP,89
ACC00004709688,CLI00004709,10937,Corriente,COP,59
ACC00004710374,CLI00004710,3267,CDT,COP,40
ACC00004711958,CLI00004711,2182,Ahorros,COP,103
ACC00004712386,CLI00004712,317,Ahorros,COP,69
ACC00004712796,CLI00004712,2032,Ahorros,COP,75
ACC00004712550,CLI00004712,8665,Ahorros,COP,112
ACC00004713432,CLI00004713,14471,Ahorros,COP,10
ACC00004713721,CLI00004713,727,Corriente,COP,21
ACC00004713551,CLI00004713,1824,CDT,COP,118
ACC00004714856,CLI00004714,18563,Corriente,COP,105
ACC00004714307,CLI00004714,10185,CDT,COP,104
ACC00004714935,CLI00004714,946,Ahorros,COP,6
ACC00004715210,CLI00004715,1330,Nomina,COP,56
ACC00004715779,CLI00004715,5048,CDT,COP,93
ACC00004716237,CLI00004716,2916,Ahorros,COP,11
ACC00004716642,CLI00004716,28325,Nomina,COP,45
ACC00004717214,CLI00004717,5531,Ahorros,COP,66
ACC00004717531,CLI00004717,3804,Ahorros,COP,86
ACC00004718547,CLI00004718,828,Ahorros,COP,106
ACC00004718932,CLI00004718,11471,Ahorros,COP,73
ACC00004718690,CLI00004718,40136,Ahorros,COP,86
ACC00004719339,CLI00004719,6730,Corriente,COP,92
ACC00004719767,CLI00004719,1539,Ahorros,COP,31
ACC00004720196,CLI00004720,573,Corriente,COP,33
ACC00004720455,CLI00004720,3202,Ahorros,COP,35
ACC00004720239,CLI00004720,2238,Ahorros,COP,44
ACC00004721424,CLI00004721,2244,Ahorros,COP,103
ACC00004722981,CLI00004722,5870,Corriente,COP,83
ACC00004723242,CLI00004723,6587,Ahorros,COP,28
ACC00004723458,CLI00004723,2856,Ahorros,COP,39
ACC00004724841,CLI00004724,487,Ahorros,COP,41
ACC00004724571,CLI00004724,3031,Ahorros,COP,66
ACC00004724676,CLI00004724,3035,Corriente,COP,24
ACC00004725599,CLI00004725,7361,Ahorros,COP,39
ACC00004725911,CLI00004725,1325,CDT,COP,93
ACC00004726751,CLI00004726,659,CDT,COP,92
ACC00004726260,CLI00004726,4644,Ahorros,COP,11
ACC00004727359,CLI00004727,4791,Ahorros,COP,82
ACC00004727628,CLI00004727,6800,CDT,COP,4
ACC00004728945,CLI00004728,1870,Corriente,COP,53
ACC00004728321,CLI00004728,2433,Ahorros,COP,113
ACC00004729682,CLI00004729,1071,Ahorros,COP,89
ACC00004729165,CLI00004729,5172,Ahorros,COP,79
ACC00004729661,CLI00004729,2914,Ahorros,COP,96
ACC00004730576,CLI00004730,909,Nomina,COP,51
ACC00004730285,CLI00004730,3207,Nomina,COP,81
ACC00004731401,CLI00004731,1766,Nomina,COP,1
ACC00004731646,CLI00004731,5132,Ahorros,COP,71
ACC00004731810,CLI00004731,23013,Ahorros,COP,52
ACC00004732546,CLI00004732,2584,Ahorros,COP,76
ACC00004733709,CLI00004733,2192,Corriente,COP,17
ACC00004733720,CLI00004733,1622,CDT,COP,117
ACC00004734976,CLI00004734,8724,Ahorros,COP,27
ACC00004735981,CLI00004735,9115,Ahorros,COP,35
ACC00004735498,CLI00004735,1700,CDT,COP,4
ACC00004736895,CLI00004736,2745,Corriente,COP,35
ACC00004736541,CLI00004736,12400,CDT,COP,70
ACC00004737286,CLI00004737,1373,Corriente,COP,64
ACC00004737949,CLI00004737,873,Ahorros,COP,31
ACC00004738910,CLI00004738,3090,Corriente,COP,78
ACC00004738479,CLI00004738,41852,Ahorros,COP,41
ACC00004739509,CLI00004739,238,CDT,COP,65
ACC00004740997,CLI00004740,8761,Nomina,COP,78
ACC00004741921,CLI00004741,1393,Ahorros,COP,68
ACC00004742154,CLI00004742,8418,Nomina,COP,3
ACC00004742918,CLI00004742,5242,Corriente,COP,26
ACC00004743585,CLI00004743,846,Corriente,COP,47
ACC00004744397,CLI00004744,7818,Ahorros,COP,50
ACC00004744747,CLI00004744,7261,Corriente,COP,15
ACC00004744685,CLI00004744,13786,CDT,COP,18
ACC00004745883,CLI00004745,368,Ahorros,COP,48
ACC00004745809,CLI00004745,5511,CDT,COP,58
ACC00004746674,CLI00004746,313,Corriente,COP,31
ACC00004746831,CLI00004746,72037,Ahorros,COP,16
ACC00004747921,CLI00004747,5002,Ahorros,COP,71
ACC00004747674,CLI00004747,1324,Ahorros,COP,21
ACC00004748870,CLI00004748,16171,Nomina,COP,45
ACC00004748515,CLI00004748,2062,Nomina,COP,28
ACC00004749118,CLI00004749,2473,Corriente,COP,88
ACC00004750252,CLI00004750,1876,CDT,COP,97
ACC00004750716,CLI00004750,49020,CDT,COP,26
ACC00004751222,CLI00004751,1258,Ahorros,COP,81
ACC00004751629,CLI00004751,3460,Corriente,COP,93
ACC00004751626,CLI00004751,854,Ahorros,COP,69
ACC00004752803,CLI00004752,8581,Nomina,COP,55
ACC00004752474,CLI00004752,1164,CDT,COP,10
ACC00004753449,CLI00004753,8900,Ahorros,COP,24
ACC00004754321,CLI00004754,2792,CDT,COP,98
ACC00004754373,CLI00004754,10426,Ahorros,COP,64
ACC00004755318,CLI00004755,2814,Corriente,COP,43
ACC00004756802,CLI00004756,1630,Corriente,COP,70
ACC00004756844,CLI00004756,5814,Ahorros,COP,66
ACC00004757133,CLI00004757,1099,Nomina,COP,21
ACC00004757651,CLI00004757,3198,Corriente,COP,66
ACC00004757880,CLI00004757,1016,Ahorros,COP,22
ACC00004758756,CLI00004758,3964,CDT,COP,21
ACC00004758537,CLI00004758,1687,CDT,COP,29
ACC00004758661,CLI00004758,1528,Ahorros,COP,82
ACC00004759623,CLI00004759,532,Ahorros,COP,95
ACC00004759677,CLI00004759,2621,Ahorros,COP,83
ACC00004759137,CLI00004759,3204,CDT,COP,42
ACC00004760381,CLI00004760,11621,Ahorros,COP,14
ACC00004760311,CLI00004760,3121,Ahorros,COP,67
ACC00004761710,CLI00004761,3571,Corriente,COP,72
ACC00004761498,CLI00004761,7031,CDT,COP,15
ACC00004761692,CLI00004761,608,Ahorros,COP,44
ACC00004762621,CLI00004762,1150,Corriente,COP,55
ACC00004762828,CLI00004762,1019,CDT,COP,98
ACC00004762745,CLI00004762,1054,Ahorros,COP,44
ACC00004763902,CLI00004763,9074,Ahorros,COP,20
ACC00004763984,CLI00004763,1074,CDT,COP,90
ACC00004764121,CLI00004764,5154,Ahorros,COP,64
ACC00004764360,CLI00004764,4287,Ahorros,COP,31
ACC00004764872,CLI00004764,1736,Corriente,COP,28
ACC00004765589,CLI00004765,6638,CDT,COP,32
ACC00004766726,CLI00004766,20574,Ahorros,COP,45
ACC00004767343,CLI00004767,13322,Ahorros,COP,59
ACC00004767903,CLI00004767,6889,Ahorros,COP,104
ACC00004767411,CLI00004767,225,Ahorros,COP,104
ACC00004768161,CLI00004768,997,Ahorros,COP,95
ACC00004768656,CLI00004768,14327,Ahorros,COP,55
ACC00004768807,CLI00004768,717,Ahorros,COP,35
ACC00004769312,CLI00004769,839,Ahorros,COP,11
ACC00004769281,CLI00004769,9920,CDT,COP,69
ACC00004769214,CLI00004769,2145,CDT,COP,101
ACC00004770354,CLI00004770,1437,Corriente,COP,53
ACC00004770306,CLI00004770,4897,CDT,COP,18
ACC00004771529,CLI00004771,809,Corriente,COP,113
ACC00004771430,CLI00004771,803,Nomina,COP,89
ACC00004772718,CLI00004772,30985,Ahorros,COP,118
ACC00004773509,CLI00004773,1985,Ahorros,COP,67
ACC00004773242,CLI00004773,4633,CDT,COP,79
ACC00004774943,CLI00004774,1416,Corriente,COP,86
ACC00004775854,CLI00004775,1593,Ahorros,COP,111
ACC00004776199,CLI00004776,5541,Ahorros,COP,77
ACC00004776888,CLI00004776,3712,CDT,COP,60
ACC00004776163,CLI00004776,15917,Corriente,COP,111
ACC00004777336,CLI00004777,16761,Ahorros,COP,11
ACC00004777500,CLI00004777,2299,CDT,COP,27
ACC00004777416,CLI00004777,1601,Ahorros,COP,69
ACC00004778928,CLI00004778,2624,Corriente,COP,29
ACC00004779450,CLI00004779,18486,Nomina,COP,108
ACC00004779841,CLI00004779,11603,Corriente,COP,14
ACC00004780614,CLI00004780,1463,Nomina,COP,39
ACC00004781873,CLI00004781,2112,CDT,COP,8
ACC00004781227,CLI00004781,1993,Corriente,COP,107
ACC00004782479,CLI00004782,2665,Ahorros,COP,33
ACC00004782581,CLI00004782,10890,Corriente,COP,90
ACC00004783948,CLI00004783,869,CDT,COP,38
ACC00004784414,CLI00004784,2699,Corriente,COP,54
ACC00004784201,CLI00004784,2040,Ahorros,COP,87
ACC00004785708,CLI00004785,501,Ahorros,COP,78
ACC00004785840,CLI00004785,10109,Ahorros,COP,24
ACC00004785924,CLI00004785,1144,Ahorros,COP,51
ACC00004786190,CLI00004786,6045,Ahorros,COP,59
ACC00004787838,CLI00004787,3154,Ahorros,COP,107
ACC00004787754,CLI00004787,2662,Ahorros,COP,66
ACC00004787851,CLI00004787,3344,Ahorros,COP,113
ACC00004788102,CLI00004788,503,Ahorros,COP,109
ACC00004788759,CLI00004788,21495,Ahorros,COP,10
ACC00004788281,CLI00004788,8096,Ahorros,COP,64
ACC00004789954,CLI00004789,1373,Ahorros,COP,116
ACC00004790164,CLI00004790,35248,Corriente,COP,54
ACC00004791312,CLI00004791,2270,Ahorros,COP,23
ACC00004791628,CLI00004791,1629,CDT,COP,6
ACC00004792988,CLI00004792,3899,CDT,COP,62
ACC00004792640,CLI00004792,611,Corriente,COP,105
ACC00004793675,CLI00004793,7915,Corriente,COP,78
ACC00004793272,CLI00004793,3575,Ahorros,COP,61
ACC00004794219,CLI00004794,25450,CDT,COP,51
ACC00004794932,CLI00004794,6219,Corriente,COP,90
ACC00004795872,CLI00004795,336,Corriente,COP,105
ACC00004796533,CLI00004796,868,CDT,COP,43
ACC00004797717,CLI00004797,6066,Corriente,COP,32
ACC00004798459,CLI00004798,722,Corriente,COP,43
ACC00004798413,CLI00004798,10421,Ahorros,COP,102
ACC00004799582,CLI00004799,611,Ahorros,COP,61
ACC00004800278,CLI00004800,1341,Ahorros,COP,1
ACC00004800561,CLI00004800,8273,Ahorros,COP,45
ACC00004801711,CLI00004801,784,Corriente,COP,67
ACC00004802568,CLI00004802,21834,Corriente,COP,90
ACC00004803721,CLI00004803,367,CDT,COP,99
ACC00004804905,CLI00004804,6233,Ahorros,COP,17
ACC00004805923,CLI00004805,2536,Ahorros,COP,110
ACC00004805592,CLI00004805,11067,Nomina,COP,90
ACC00004806608,CLI00004806,3023,Nomina,COP,15
ACC00004806515,CLI00004806,2281,Corriente,COP,92
ACC00004807187,CLI00004807,6113,Nomina,COP,118
ACC00004807405,CLI00004807,4778,Corriente,COP,82
ACC00004807874,CLI00004807,3509,Corriente,COP,81
ACC00004808484,CLI00004808,657,Ahorros,COP,102
ACC00004809750,CLI00004809,4248,Ahorros,COP,75
ACC00004809176,CLI00004809,1765,Ahorros,COP,6
ACC00004810189,CLI00004810,280,Ahorros,COP,49
ACC00004810486,CLI00004810,27968,Corriente,COP,88
ACC00004811392,CLI00004811,8598,Ahorros,COP,4
ACC00004812526,CLI00004812,27527,Ahorros,COP,71
ACC00004813473,CLI00004813,3570,Corriente,COP,76
ACC00004813665,CLI00004813,1507,Ahorros,COP,119
ACC00004814370,CLI00004814,620,Ahorros,COP,65
ACC00004815420,CLI00004815,728,Ahorros,COP,61
ACC00004816422,CLI00004816,1084,Nomina,COP,65
ACC00004817223,CLI00004817,1629,Corriente,COP,15
ACC00004817862,CLI00004817,13195,Ahorros,COP,32
ACC00004818673,CLI00004818,2238,Corriente,COP,47
ACC00004818911,CLI00004818,1960,CDT,COP,6
ACC00004818973,CLI00004818,2268,CDT,COP,68
ACC00004819142,CLI00004819,837,Nomina,COP,81
ACC00004819647,CLI00004819,6293,Ahorros,COP,37
ACC00004819317,CLI00004819,419,Ahorros,COP,55
ACC00004820395,CLI00004820,227,Corriente,COP,111
ACC00004821119,CLI00004821,2025,Ahorros,COP,83
ACC00004822894,CLI00004822,994,Ahorros,COP,3
ACC00004823629,CLI00004823,1497,Ahorros,COP,29
ACC00004824146,CLI00004824,5464,Ahorros,COP,113
ACC00004825713,CLI00004825,1813,Corriente,COP,88
ACC00004825747,CLI00004825,3561,Corriente,COP,31
ACC00004825594,CLI00004825,6182,Ahorros,COP,76
ACC00004826810,CLI00004826,6881,Ahorros,COP,5
ACC00004827629,CLI00004827,716,Nomina,COP,83
ACC00004827971,CLI00004827,1851,Corriente,COP,51
ACC00004828392,CLI00004828,900,Ahorros,COP,3
ACC00004829573,CLI00004829,2912,Nomina,COP,13
ACC00004829451,CLI00004829,4458,CDT,COP,30
ACC00004829735,CLI00004829,4632,Corriente,COP,4
ACC00004830743,CLI00004830,10587,Nomina,COP,95
ACC00004830297,CLI00004830,1733,Corriente,COP,24
ACC00004831995,CLI00004831,18595,Ahorros,COP,67
ACC00004832428,CLI00004832,2739,Ahorros,COP,89
ACC00004832336,CLI00004832,1501,Ahorros,COP,60
ACC00004833550,CLI00004833,2231,Corriente,COP,99
ACC00004833788,CLI00004833,19701,CDT,COP,119
ACC00004833364,CLI00004833,7312,Ahorros,COP,44
ACC00004834305,CLI00004834,415,Corriente,COP,5
ACC00004834199,CLI00004834,1584,Nomina,COP,102
ACC00004834337,CLI00004834,9399,Corriente,COP,98
ACC00004835946,CLI00004835,11149,CDT,COP,18
ACC00004836444,CLI00004836,1356,Ahorros,COP,76
ACC00004836731,CLI00004836,3490,Ahorros,COP,55
ACC00004836648,CLI00004836,1008,Ahorros,COP,19
ACC00004837872,CLI00004837,5411,Corriente,COP,91
ACC00004837565,CLI00004837,369,Ahorros,COP,63
ACC00004838861,CLI00004838,52284,CDT,COP,95
ACC00004838410,CLI00004838,4467,Ahorros,COP,28
ACC00004839595,CLI00004839,2191,Ahorros,COP,97
ACC00004839620,CLI00004839,12631,Ahorros,COP,90
ACC00004839952,CLI00004839,2490,Ahorros,COP,38
ACC00004840677,CLI00004840,717,Corriente,COP,101
ACC00004841768,CLI00004841,481,Corriente,COP,86
ACC00004842230,CLI00004842,1609,Corriente,COP,52
ACC00004842218,CLI00004842,9992,Ahorros,COP,48
ACC00004842822,CLI00004842,3597,Ahorros,COP,114
ACC00004843794,CLI00004843,268,Corriente,COP,71
ACC00004843753,CLI00004843,6772,Ahorros,COP,79
ACC00004843730,CLI00004843,2662,Corriente,COP,14
ACC00004844951,CLI00004844,26464,Corriente,COP,101
ACC00004844703,CLI00004844,1377,Ahorros,COP,93
ACC00004845577,CLI00004845,4126,Ahorros,COP,82
ACC00004845734,CLI00004845,5125,Ahorros,COP,51
ACC00004846502,CLI00004846,4569,Corriente,COP,24
ACC00004846456,CLI00004846,1362,Corriente,COP,45
ACC00004847462,CLI00004847,8192,Ahorros,COP,20
ACC00004847674,CLI00004847,1078,CDT,COP,113
ACC00004848612,CLI00004848,1280,Ahorros,COP,5
ACC00004848578,CLI00004848,21468,Corriente,COP,47
ACC00004849197,CLI00004849,2038,Ahorros,COP,105
ACC00004849504,CLI00004849,8228,Ahorros,COP,8
ACC00004849830,CLI00004849,2764,Corriente,COP,108
ACC00004850330,CLI00004850,209,Corriente,COP,79
ACC00004850614,CLI00004850,2197,Corriente,COP,61
ACC00004850680,CLI00004850,773,Ahorros,COP,108
ACC00004851856,CLI00004851,6347,Nomina,COP,65
ACC00004851922,CLI00004851,3077,CDT,COP,105
ACC00004851917,CLI00004851,3064,CDT,COP,63
ACC00004852114,CLI00004852,791,CDT,COP,38
ACC00004852903,CLI00004852,2075,Corriente,COP,77
ACC00004852500,CLI00004852,1139,CDT,COP,89
ACC00004853628,CLI00004853,8399,Corriente,COP,36
ACC00004853274,CLI00004853,885,Corriente,COP,71
ACC00004854849,CLI00004854,11984,Ahorros,COP,104
ACC00004854854,CLI00004854,380,Ahorros,COP,119
ACC00004855403,CLI00004855,4483,Ahorros,COP,8
ACC00004855359,CLI00004855,9016,Nomina,COP,97
ACC00004855881,CLI00004855,2030,Corriente,COP,2
ACC00004856489,CLI00004856,5086,Ahorros,COP,110
ACC00004857984,CLI00004857,218,Ahorros,COP,41
ACC00004857167,CLI00004857,23445,Ahorros,COP,17
ACC00004857991,CLI00004857,1145,Corriente,COP,92
ACC00004858416,CLI00004858,788,Corriente,COP,32
ACC00004859666,CLI00004859,7382,Ahorros,COP,77
ACC00004859546,CLI00004859,3513,Ahorros,COP,42
ACC00004860217,CLI00004860,810,Ahorros,COP,115
ACC00004860253,CLI00004860,6526,Ahorros,COP,53
ACC00004861234,CLI00004861,9362,Corriente,COP,114
ACC00004862606,CLI00004862,180,Ahorros,COP,32
ACC00004862440,CLI00004862,9018,Ahorros,COP,115
ACC00004862622,CLI00004862,688,Corriente,COP,17
ACC00004863558,CLI00004863,462,Ahorros,COP,33
ACC00004864422,CLI00004864,6561,Ahorros,COP,2
ACC00004864187,CLI00004864,15164,Corriente,COP,26
ACC00004865359,CLI00004865,17170,Corriente,COP,23
ACC00004865250,CLI00004865,569,Corriente,COP,25
ACC00004865978,CLI00004865,8037,CDT,COP,63
ACC00004866919,CLI00004866,217,Corriente,COP,36
ACC00004866247,CLI00004866,227,CDT,COP,22
ACC00004867616,CLI00004867,102,Corriente,COP,43
ACC00004867961,CLI00004867,3063,Ahorros,COP,62
ACC00004868327,CLI00004868,2003,Ahorros,COP,42
ACC00004868262,CLI00004868,5562,Ahorros,COP,74
ACC00004869519,CLI00004869,449,Ahorros,COP,64
ACC00004869284,CLI00004869,2211,Ahorros,COP,118
ACC00004869616,CLI00004869,425,Ahorros,COP,98
ACC00004870100,CLI00004870,4620,Ahorros,COP,48
ACC00004870221,CLI00004870,3626,Corriente,COP,117
ACC00004870958,CLI00004870,1400,Nomina,COP,42
ACC00004871346,CLI00004871,2866,Nomina,COP,117
ACC00004871736,CLI00004871,1037,Ahorros,COP,115
ACC00004872716,CLI00004872,1199,Ahorros,COP,109
ACC00004872128,CLI00004872,6501,Nomina,COP,16
ACC00004872250,CLI00004872,5969,Corriente,COP,75
ACC00004873679,CLI00004873,409,Corriente,COP,13
ACC00004874563,CLI00004874,4827,Corriente,COP,116
ACC00004874632,CLI00004874,566,Ahorros,COP,113
ACC00004874313,CLI00004874,695,Corriente,COP,45
ACC00004875664,CLI00004875,21123,Ahorros,COP,40
ACC00004875263,CLI00004875,1041,Ahorros,COP,49
ACC00004875981,CLI00004875,2349,Ahorros,COP,56
ACC00004876694,CLI00004876,5984,Ahorros,COP,63
ACC00004877158,CLI00004877,1993,Corriente,COP,79
ACC00004877593,CLI00004877,29064,Ahorros,COP,80
ACC00004877696,CLI00004877,1906,Ahorros,COP,78
ACC00004878493,CLI00004878,425,Ahorros,COP,84
ACC00004878583,CLI00004878,998,Nomina,COP,39
ACC00004879553,CLI00004879,1920,Corriente,COP,72
ACC00004879979,CLI00004879,250,Ahorros,COP,30
ACC00004879477,CLI00004879,16947,Ahorros,COP,103
ACC00004880485,CLI00004880,176,Ahorros,COP,89
ACC00004880606,CLI00004880,676,Ahorros,COP,44
ACC00004880371,CLI00004880,8373,Corriente,COP,26
ACC00004881217,CLI00004881,6712,Corriente,COP,76
ACC00004881822,CLI00004881,18220,CDT,COP,63
ACC00004882632,CLI00004882,922,Ahorros,COP,82
ACC00004882288,CLI00004882,1089,Ahorros,COP,10
ACC00004882544,CLI00004882,3283,Corriente,COP,55
ACC00004883956,CLI00004883,1681,Corriente,COP,65
ACC00004884921,CLI00004884,2251,Nomina,COP,15
ACC00004884814,CLI00004884,2800,Ahorros,COP,17
ACC00004884655,CLI00004884,432,Nomina,COP,62
ACC00004885123,CLI00004885,4497,Ahorros,COP,50
ACC00004885513,CLI00004885,1780,Ahorros,COP,74
ACC00004886113,CLI00004886,18536,Ahorros,COP,96
ACC00004886505,CLI00004886,942,Nomina,COP,116
ACC00004887772,CLI00004887,2110,Nomina,COP,37
ACC00004888722,CLI00004888,7665,Ahorros,COP,94
ACC00004889355,CLI00004889,1257,Ahorros,COP,76
ACC00004890377,CLI00004890,5579,Corriente,COP,19
ACC00004890970,CLI00004890,2447,Ahorros,COP,64
ACC00004890553,CLI00004890,8148,Ahorros,COP,110
ACC00004891953,CLI00004891,848,Corriente,COP,17
ACC00004892833,CLI00004892,8682,Ahorros,COP,116
ACC00004892203,CLI00004892,706,CDT,COP,64
ACC00004892768,CLI00004892,1967,Ahorros,COP,59
ACC00004893852,CLI00004893,5053,Ahorros,COP,76
ACC00004893724,CLI00004893,3220,Ahorros,COP,38
ACC00004893872,CLI00004893,1664,Corriente,COP,11
ACC00004894546,CLI00004894,293,Corriente,COP,67
ACC00004895605,CLI00004895,16322,Corriente,COP,76
ACC00004896618,CLI00004896,3670,Ahorros,COP,95
ACC00004896210,CLI00004896,2324,Corriente,COP,29
ACC00004896665,CLI00004896,3610,Ahorros,COP,97
ACC00004897582,CLI00004897,10338,Corriente,COP,48
ACC00004897565,CLI00004897,1035,CDT,COP,25
ACC00004898678,CLI00004898,4954,Nomina,COP,67
ACC00004898873,CLI00004898,985,Ahorros,COP,87
ACC00004899221,CLI00004899,4357,CDT,COP,10
ACC00004900943,CLI00004900,1080,Ahorros,COP,32
ACC00004900359,CLI00004900,5219,Ahorros,COP,6
ACC00004901123,CLI00004901,17109,Nomina,COP,9
ACC00004901204,CLI00004901,1365,Ahorros,COP,84
ACC00004901138,CLI00004901,1956,CDT,COP,16
ACC00004902353,CLI00004902,6381,CDT,COP,12
ACC00004903410,CLI00004903,472,Ahorros,COP,118
ACC00004904154,CLI00004904,7402,Ahorros,COP,115
ACC00004904577,CLI00004904,1059,Ahorros,COP,36
ACC00004904420,CLI00004904,7273,Nomina,COP,51
ACC00004905753,CLI00004905,8606,Ahorros,COP,32
ACC00004906434,CLI00004906,1518,CDT,COP,96
ACC00004906577,CLI00004906,1752,Corriente,COP,59
ACC00004906993,CLI00004906,2079,Ahorros,COP,39
ACC00004907456,CLI00004907,54034,Corriente,COP,24
ACC00004907153,CLI00004907,1637,Ahorros,COP,87
ACC00004907698,CLI00004907,7117,Ahorros,COP,74
ACC00004908823,CLI00004908,1903,Ahorros,COP,20
ACC00004908684,CLI00004908,11858,Ahorros,COP,80
ACC00004909708,CLI00004909,2790,Nomina,COP,56
ACC00004909404,CLI00004909,1402,Ahorros,COP,24
ACC00004910137,CLI00004910,6496,CDT,COP,36
ACC00004910497,CLI00004910,1054,Corriente,COP,102
ACC00004910159,CLI00004910,723,Ahorros,COP,46
ACC00004911978,CLI00004911,3793,CDT,COP,52
ACC00004911154,CLI00004911,1518,Corriente,COP,80
ACC00004911334,CLI00004911,798,Ahorros,COP,39
ACC00004912444,CLI00004912,381,Corriente,COP,74
ACC00004913853,CLI00004913,660,Ahorros,COP,45
ACC00004913980,CLI00004913,1244,Ahorros,COP,48
ACC00004913973,CLI00004913,6792,Corriente,COP,85
ACC00004914231,CLI00004914,2027,Ahorros,COP,14
ACC00004914582,CLI00004914,3969,Ahorros,COP,19
ACC00004914173,CLI00004914,13914,Ahorros,COP,45
ACC00004915874,CLI00004915,9602,Ahorros,COP,81
ACC00004916670,CLI00004916,2983,Ahorros,COP,72
ACC00004916325,CLI00004916,10805,Corriente,COP,21
ACC00004917542,CLI00004917,779,Corriente,COP,68
ACC00004918911,CLI00004918,22146,Corriente,COP,84
ACC00004918453,CLI00004918,1785,CDT,COP,33
ACC00004919775,CLI00004919,2885,Ahorros,COP,98
ACC00004920728,CLI00004920,7617,Ahorros,COP,35
ACC00004920790,CLI00004920,19414,Ahorros,COP,87
ACC00004920609,CLI00004920,5142,Ahorros,COP,31
ACC00004921747,CLI00004921,12648,Corriente,COP,1
ACC00004921382,CLI00004921,1939,Ahorros,COP,73
ACC00004922232,CLI00004922,8218,CDT,COP,103
ACC00004923360,CLI00004923,2869,Ahorros,COP,118
ACC00004924580,CLI00004924,16910,Corriente,COP,102
ACC00004924466,CLI00004924,3511,Corriente,COP,50
ACC00004925620,CLI00004925,4762,Corriente,COP,4
ACC00004925667,CLI00004925,149,Ahorros,COP,48
ACC00004926160,CLI00004926,9525,Corriente,COP,45
ACC00004926151,CLI00004926,1568,Ahorros,COP,118
ACC00004926135,CLI00004926,487,Ahorros,COP,1
ACC00004927842,CLI00004927,4932,Ahorros,COP,51
ACC00004928166,CLI00004928,713,CDT,COP,26
ACC00004928734,CLI00004928,3675,Ahorros,COP,44
ACC00004928263,CLI00004928,2594,Ahorros,COP,41
ACC00004929275,CLI00004929,6464,Ahorros,COP,76
ACC00004929884,CLI00004929,2630,Corriente,COP,53
ACC00004929951,CLI00004929,1280,Ahorros,COP,10
ACC00004930269,CLI00004930,2654,Ahorros,COP,51
ACC00004930386,CLI00004930,1191,Nomina,COP,61
ACC00004930305,CLI00004930,1682,Corriente,COP,30
ACC00004931556,CLI00004931,2881,Corriente,COP,116
ACC00004931277,CLI00004931,26135,Nomina,COP,34
ACC00004932600,CLI00004932,4332,CDT,COP,40
ACC00004932788,CLI00004932,6971,Ahorros,COP,33
ACC00004932564,CLI00004932,8420,Ahorros,COP,112
ACC00004933225,CLI00004933,6708,Corriente,COP,115
ACC00004933376,CLI00004933,4551,Corriente,COP,29
ACC00004934746,CLI00004934,823,Corriente,COP,16
ACC00004934519,CLI00004934,2720,Nomina,COP,18
ACC00004935360,CLI00004935,2444,Ahorros,COP,28
ACC00004935965,CLI00004935,2190,Corriente,COP,48
ACC00004935968,CLI00004935,6461,Ahorros,COP,10
ACC00004936980,CLI00004936,10118,CDT,COP,91
ACC00004936328,CLI00004936,1316,Ahorros,COP,32
ACC00004937305,CLI00004937,454,Ahorros,COP,51
ACC00004937310,CLI00004937,248,Corriente,COP,58
ACC00004938185,CLI00004938,1963,Corriente,COP,109
ACC00004938917,CLI00004938,2631,Corriente,COP,63
ACC00004938441,CLI00004938,3910,Corriente,COP,22
ACC00004939775,CLI00004939,6008,Corriente,COP,9
ACC00004940772,CLI00004940,9184,CDT,COP,113
ACC00004941873,CLI00004941,9135,Ahorros,COP,90
ACC00004941569,CLI00004941,3313,Ahorros,COP,73
ACC00004941194,CLI00004941,11098,Ahorros,COP,35
ACC00004942961,CLI00004942,335,Ahorros,COP,102
ACC00004942420,CLI00004942,5304,Ahorros,COP,98
ACC00004942760,CLI00004942,384,CDT,COP,90
ACC00004943886,CLI00004943,7055,Ahorros,COP,114
ACC00004944696,CLI00004944,5137,Ahorros,COP,85
ACC00004944224,CLI00004944,729,CDT,COP,52
ACC00004944704,CLI00004944,26455,Corriente,COP,65
ACC00004945513,CLI00004945,1425,Nomina,COP,21
ACC00004945995,CLI00004945,4363,Nomina,COP,62
ACC00004945319,CLI00004945,7166,Corriente,COP,70
ACC00004946226,CLI00004946,849,Ahorros,COP,89
ACC00004946158,CLI00004946,3016,Ahorros,COP,82
ACC00004947550,CLI00004947,1081,Corriente,COP,46
ACC00004947608,CLI00004947,6586,Ahorros,COP,105
ACC00004948838,CLI00004948,1014,CDT,COP,6
ACC00004949806,CLI00004949,1192,Corriente,COP,63
ACC00004949977,CLI00004949,983,Nomina,COP,30
ACC00004949114,CLI00004949,3406,Corriente,COP,29
ACC00004950601,CLI00004950,7335,Ahorros,COP,44
ACC00004951496,CLI00004951,13131,Ahorros,COP,12
ACC00004952139,CLI00004952,7554,Corriente,COP,110
ACC00004953409,CLI00004953,4876,Ahorros,COP,22
ACC00004954973,CLI00004954,1843,CDT,COP,79
ACC00004954100,CLI00004954,111,Ahorros,COP,65
ACC00004954485,CLI00004954,7423,Ahorros,COP,16
ACC00004955160,CLI00004955,2412,Ahorros,COP,68
ACC00004955788,CLI00004955,4672,Ahorros,COP,78
ACC00004955374,CLI00004955,1446,Ahorros,COP,98
ACC00004956345,CLI00004956,5054,Corriente,COP,14
ACC00004956731,CLI00004956,1643,Ahorros,COP,76
ACC00004956526,CLI00004956,2439,Ahorros,COP,9
ACC00004957196,CLI00004957,835,CDT,COP,7
ACC00004958425,CLI00004958,2562,Ahorros,COP,95
ACC00004959974,CLI00004959,7554,Ahorros,COP,76
ACC00004959813,CLI00004959,1348,Corriente,COP,76
ACC00004960282,CLI00004960,5610,Ahorros,COP,32
ACC00004961559,CLI00004961,2394,Corriente,COP,44
ACC00004961774,CLI00004961,18054,Nomina,COP,105
ACC00004961148,CLI00004961,4605,Ahorros,COP,111
ACC00004962588,CLI00004962,7137,CDT,COP,10
ACC00004962571,CLI00004962,492,Nomina,COP,81
ACC00004962407,CLI00004962,362,Corriente,COP,91
ACC00004963107,CLI00004963,30862,CDT,COP,43
ACC00004963594,CLI00004963,5971,CDT,COP,70
ACC00004963672,CLI00004963,2785,Ahorros,COP,21
ACC00004964380,CLI00004964,8404,Corriente,COP,70
ACC00004964515,CLI00004964,764,Ahorros,COP,62
ACC00004964609,CLI00004964,3804,Ahorros,COP,41
ACC00004965474,CLI00004965,623,Nomina,COP,105
ACC00004966464,CLI00004966,3712,Ahorros,COP,70
ACC00004967251,CLI00004967,37916,Ahorros,COP,28
ACC00004967456,CLI00004967,5323,Corriente,COP,42
ACC00004968579,CLI00004968,3272,Corriente,COP,79
ACC00004969104,CLI00004969,5067,Ahorros,COP,63
ACC00004969924,CLI00004969,1434,Ahorros,COP,67
ACC00004969600,CLI00004969,901,Ahorros,COP,93
ACC00004970445,CLI00004970,2397,Corriente,COP,51
ACC00004971920,CLI00004971,949,Nomina,COP,115
ACC00004972824,CLI00004972,806,CDT,COP,110
ACC00004973913,CLI00004973,1464,Ahorros,COP,100
ACC00004973372,CLI00004973,1246,Nomina,COP,43
ACC00004974387,CLI00004974,4122,Ahorros,COP,76
ACC00004974752,CLI00004974,1307,Corriente,COP,83
ACC00004974114,CLI00004974,764,Ahorros,COP,78
ACC00004975596,CLI00004975,1887,Ahorros,COP,23
ACC00004975811,CLI00004975,4740,Ahorros,COP,95
ACC00004975901,CLI00004975,8102,Ahorros,COP,50
ACC00004976800,CLI00004976,2909,Ahorros,COP,48
ACC00004976196,CLI00004976,3983,Ahorros,COP,19
ACC00004977840,CLI00004977,7943,Ahorros,COP,100
ACC00004977621,CLI00004977,4756,Corriente,COP,8
ACC00004978770,CLI00004978,12223,Ahorros,COP,103
ACC00004978594,CLI00004978,9876,Ahorros,COP,18
ACC00004979653,CLI00004979,4528,Corriente,COP,57
ACC00004980688,CLI00004980,23473,CDT,COP,54
ACC00004980944,CLI00004980,271,Nomina,COP,39
ACC00004981329,CLI00004981,1255,CDT,COP,116
ACC00004981649,CLI00004981,14263,Ahorros,COP,87
ACC00004982684,CLI00004982,19912,Corriente,COP,49
ACC00004982379,CLI00004982,1366,Corriente,COP,29
ACC00004983874,CLI00004983,2648,Corriente,COP,106
ACC00004983576,CLI00004983,190,Corriente,COP,82
ACC00004984924,CLI00004984,4784,Corriente,COP,5
ACC00004985108,CLI00004985,1590,Ahorros,COP,46
ACC00004985156,CLI00004985,3418,Ahorros,COP,117
ACC00004985152,CLI00004985,10688,Corriente,COP,99
ACC00004986700,CLI00004986,1986,Ahorros,COP,101
ACC00004987625,CLI00004987,1407,CDT,COP,15
ACC00004987222,CLI00004987,3329,Corriente,COP,90
ACC00004987790,CLI00004987,1558,Corriente,COP,55
ACC00004988544,CLI00004988,5191,Ahorros,COP,36
ACC00004989753,CLI00004989,6843,Ahorros,COP,111
ACC00004989147,CLI00004989,9105,Ahorros,COP,109
ACC00004989641,CLI00004989,2966,Ahorros,COP,82
ACC00004990207,CLI00004990,2351,Corriente,COP,65
ACC00004990655,CLI00004990,2925,Corriente,COP,39
ACC00004990743,CLI00004990,719,Corriente,COP,42
ACC00004991694,CLI00004991,1366,Corriente,COP,30
ACC00004991161,CLI00004991,7102,Ahorros,COP,11
ACC00004991720,CLI00004991,1373,Ahorros,COP,105
ACC00004992911,CLI00004992,2705,Ahorros,COP,101
ACC00004993692,CLI00004993,341,Ahorros,COP,61
ACC00004993554,CLI00004993,3500,Ahorros,COP,9
ACC00004994432,CLI00004994,216,Corriente,COP,110
ACC00004995681,CLI00004995,1850,Corriente,COP,4
ACC00004996360,CLI00004996,2426,Ahorros,COP,52
ACC00004996301,CLI00004996,10404,Ahorros,COP,95
ACC00004996832,CLI00004996,2186,Ahorros,COP,17
ACC00004997798,CLI00004997,1538,Nomina,COP,28
ACC00004997160,CLI00004997,5042,Corriente,COP,87
ACC00004997362,CLI00004997,7541,Ahorros,COP,40
ACC00004998156,CLI00004998,1692,Nomina,COP,81
ACC00004998501,CLI00004998,1144,Corriente,COP,119
ACC00004999713,CLI00004999,76201,CDT,COP,59
ACC00005000990,CLI00005000,5416,Ahorros,COP,85
