client_id,age,monthly_income,total_debt,credit_score,tenure_months,num_products,client_type,country,segment,debt_to_income,risk_high
CLI00000001,23,3637,10007,559,130,4,Persona,CO,Mass,0.2293,0
CLI00000002,65,3406,28209,668,168,1,Persona,CO,Mass,0.6902,0
CLI00000003,58,9092,25174,677,155,5,Persona,CO,Private,0.2307,0
CLI00000004,45,9464,8166,497,203,2,Persona,CO,Mass,0.0719,0
CLI00000005,44,3203,783,545,1,2,Persona,CO,Premium,0.0204,0
CLI00000006,71,3559,2681,552,90,3,Persona,CO,Mass,0.0628,0
CLI00000007,23,7577,17384,628,171,3,Persona,CO,Premium,0.1912,0
CLI00000008,61,2534,1719,888,33,3,Persona,CO,Mass,0.0565,0
CLI00000009,30,3538,5844,538,106,1,Persona,CO,Mass,0.1376,0
CLI00000010,23,5279,11367,532,96,5,Persona,CO,Mass,0.1794,0
CLI00000011,50,10902,35227,514,193,2,Persona,CO,Mass,0.2693,0
CLI00000012,78,3030,4559,726,231,1,Persona,CO,Premium,0.1254,0
CLI00000013,63,1125,4257,645,25,3,Persona,CO,Mass,0.3153,0
CLI00000014,65,1060,7689,542,51,4,Persona,CO,Mass,0.6044,0
CLI00000015,62,1794,11509,606,185,1,Persona,CO,Mass,0.5346,0
CLI00000016,66,1718,6944,555,41,5,Persona,CO,Mass,0.3368,0
CLI00000017,49,4342,23138,685,119,4,Persona,US,Mass,0.4441,0
CLI00000018,25,1898,3644,900,226,5,Persona,CO,Mass,0.16,0
CLI00000019,70,2801,9137,716,234,4,Persona,CO,Mass,0.2718,0
CLI00000020,45,2645,12647,638,227,1,Persona,US,Mass,0.3984,0
CLI00000021,49,3455,5430,570,32,2,Persona,CO,Mass,0.131,0
CLI00000022,40,14157,18764,488,35,5,Persona,CO,Mass,0.1105,0
CLI00000023,29,8346,9404,738,42,3,Persona,CO,Private,0.0939,0
CLI00000024,75,4978,17833,731,184,1,Persona,CO,Mass,0.2985,0
CLI00000025,66,3398,9838,594,42,1,Persona,CO,Mass,0.2413,0
CLI00000026,57,3475,11806,795,103,3,Persona,CO,Premium,0.2831,0
CLI00000027,42,6388,4305,652,196,3,Empresa,CO,Private,0.0562,0
CLI00000028,69,7842,4312,742,118,2,Persona,CO,Premium,0.0458,0
CLI00000029,51,2377,27567,685,225,1,Persona,CO,Mass,0.9664,0
CLI00000030,45,5060,15298,628,119,4,Empresa,CO,Premium,0.2519,0
CLI00000031,45,967,2913,535,91,3,Persona,CO,Mass,0.251,0
CLI00000032,32,5821,9709,632,232,1,Persona,CO,Premium,0.139,0
CLI00000033,23,9042,754,751,131,1,Persona,CO,Mass,0.0069,0
CLI00000034,52,3928,4564,589,44,2,Empresa,CO,Mass,0.0968,0
CLI00000035,73,21019,21184,702,152,3,Persona,CO,Premium,0.084,0
CLI00000036,21,2428,7149,520,185,2,Persona,CO,Premium,0.2454,0
CLI00000037,71,5848,9117,743,201,1,Persona,US,Premium,0.1299,0
CLI00000038,69,4775,396,687,1,5,Persona,CO,Premium,0.0069,0
CLI00000039,35,4535,5473,505,26,4,Persona,CO,Mass,0.1006,0
CLI00000040,57,4485,11364,623,150,3,Persona,CO,Mass,0.2111,0
CLI00000041,28,5354,12903,761,178,2,Persona,CO,Mass,0.2008,0
CLI00000042,65,9685,21212,498,156,4,Persona,CO,Mass,0.1825,0
CLI00000043,61,14797,6566,521,91,5,Persona,CO,Mass,0.037,0
CLI00000044,39,4905,6866,641,180,4,Persona,CO,Mass,0.1166,0
CLI00000045,22,9435,2138,900,139,2,Persona,CO,Premium,0.0189,0
CLI00000046,78,2803,6604,569,222,2,Persona,CO,Mass,0.1963,0
CLI00000047,45,9070,2294,709,88,5,Persona,CO,Premium,0.0211,0
CLI00000048,73,2671,1276,681,180,1,Persona,CO,Premium,0.0398,0
CLI00000049,60,11760,2737,579,34,2,Persona,CO,Private,0.0194,0
CLI00000050,66,28811,36632,669,175,1,Persona,CO,Mass,0.106,0
CLI00000051,65,4457,6182,596,175,4,Persona,CO,Mass,0.1156,0
CLI00000052,30,850,10095,607,60,3,Persona,CO,Mass,0.9896,0
CLI00000053,40,3170,4848,450,14,1,Persona,CO,Premium,0.1274,0
CLI00000054,46,13167,1352,647,238,5,Persona,CO,Premium,0.0086,0
CLI00000055,48,7650,20663,757,18,3,Persona,CO,Premium,0.2251,0
CLI00000056,20,5997,923,656,112,2,Persona,CO,Mass,0.0128,0
CLI00000057,51,11014,4652,780,0,5,Persona,CO,Mass,0.0352,0
CLI00000058,27,7241,7672,719,100,4,Persona,CO,Premium,0.0883,0
CLI00000059,64,13019,10203,642,197,1,Persona,MX,Mass,0.0653,0
CLI00000060,60,10255,3918,574,120,5,Persona,CO,Private,0.0318,0
CLI00000061,75,16603,1289,591,57,1,Persona,CO,Premium,0.0065,0
CLI00000062,64,6548,3636,473,94,5,Persona,CO,Premium,0.0463,0
CLI00000063,40,10139,3832,617,22,2,Persona,CO,Premium,0.0315,0
CLI00000064,77,3844,3740,667,142,2,Persona,CO,Mass,0.0811,0
CLI00000065,43,3037,21376,855,0,1,Persona,CO,Mass,0.5865,0
CLI00000066,38,19252,2407,713,83,5,Persona,CO,Mass,0.0104,0
CLI00000067,74,5842,10948,546,14,3,Persona,CO,Premium,0.1562,0
CLI00000068,40,9357,9492,477,57,4,Persona,CO,Premium,0.0845,0
CLI00000069,22,5426,21172,625,16,5,Persona,CO,Mass,0.3252,0
CLI00000070,47,3074,7093,747,222,3,Persona,CO,Mass,0.1923,0
CLI00000071,67,4958,17874,623,185,2,Persona,CO,Mass,0.3004,0
CLI00000072,29,15503,6821,715,222,4,Persona,CO,Mass,0.0367,0
CLI00000073,46,7663,12511,628,163,3,Empresa,CO,Private,0.1361,0
CLI00000074,26,1249,1802,736,119,2,Persona,CO,Mass,0.1202,0
CLI00000075,60,4137,579,458,41,5,Persona,MX,Mass,0.0117,0
CLI00000076,47,20451,11819,842,230,5,Persona,CO,Mass,0.0482,0
CLI00000077,38,4142,12471,516,220,2,Persona,CO,Premium,0.2509,0
CLI00000078,32,1163,13036,745,99,4,Persona,CO,Mass,0.934,0
CLI00000079,52,22346,4793,617,54,5,Persona,CO,Mass,0.0179,0
CLI00000080,59,8483,35944,636,92,4,Persona,CO,Mass,0.3531,0
CLI00000081,76,4647,5115,621,94,1,Persona,CO,Mass,0.0917,0
CLI00000082,45,3651,12343,680,220,5,Persona,CO,Mass,0.2817,0
CLI00000083,27,11682,14685,704,16,1,Persona,CO,Premium,0.1048,0
CLI00000084,69,3185,45194,777,151,4,Persona,CO,Premium,1.1824,0
CLI00000085,57,12315,5901,818,184,3,Persona,CO,Mass,0.0399,0
CLI00000086,61,7583,4216,689,183,1,Persona,MX,Mass,0.0463,0
CLI00000087,24,5977,1811,855,46,4,Persona,CO,Mass,0.0252,0
CLI00000088,37,5521,38267,661,99,2,Empresa,CO,Mass,0.5776,0
CLI00000089,65,4272,12349,779,82,5,Persona,CO,Mass,0.2409,0
CLI00000090,69,11344,12747,701,97,5,Persona,CO,Premium,0.0936,0
CLI00000091,44,2459,182901,584,20,3,Persona,CO,Mass,6.1981,1
CLI00000092,67,1342,11215,671,19,4,Persona,CO,Mass,0.6964,0
CLI00000093,70,8034,2203,710,5,1,Persona,MX,Mass,0.0229,0
CLI00000094,42,8143,6661,646,232,5,Empresa,CO,Mass,0.0682,0
CLI00000095,73,7216,3057,699,100,4,Persona,CO,Mass,0.0353,0
CLI00000096,35,6810,5454,753,54,2,Persona,CO,Mass,0.0667,0
CLI00000097,32,3803,5417,647,191,1,Persona,MX,Premium,0.1187,0
CLI00000098,60,9227,4505,300,118,3,Empresa,CO,Mass,0.0407,1
CLI00000099,57,4738,2011,851,87,5,Persona,PE,Mass,0.0354,0
CLI00000100,26,3328,39835,614,27,5,Persona,CO,Premium,0.9974,0
CLI00000101,69,3829,10925,551,92,1,Persona,CO,Mass,0.2378,0
CLI00000102,30,24748,6467,515,155,4,Persona,CO,Premium,0.0218,0
CLI00000103,67,1226,17285,609,149,1,Persona,CO,Mass,1.1748,0
CLI00000104,18,7330,12978,582,93,2,Persona,CO,Mass,0.1475,0
CLI00000105,67,1282,10675,561,147,3,Persona,CO,Mass,0.6939,0
CLI00000106,66,4507,16074,568,184,1,Persona,CO,Premium,0.2972,0
CLI00000107,66,3474,9264,713,223,1,Persona,MX,Premium,0.2222,0
CLI00000108,59,927,15838,893,126,5,Persona,CO,Mass,1.4236,0
CLI00000109,47,6709,17207,748,54,4,Persona,CO,Mass,0.2137,0
CLI00000110,61,3626,9534,784,31,4,Persona,CO,Mass,0.2191,0
CLI00000111,35,916,6500,604,37,3,Persona,CO,Mass,0.5913,0
CLI00000112,66,9620,37436,662,2,3,Persona,CO,Mass,0.3243,0
CLI00000113,52,15490,5024,701,133,1,Persona,CO,Private,0.027,0
CLI00000114,46,16189,11983,570,50,3,Persona,CO,Mass,0.0617,0
CLI00000115,49,6549,12257,598,54,4,Persona,US,Mass,0.156,0
CLI00000116,53,5099,4404,752,173,2,Persona,CO,Mass,0.072,0
CLI00000117,20,14221,3612,780,76,3,Persona,CO,Mass,0.0212,0
CLI00000118,26,18880,5688,658,198,3,Persona,PE,Private,0.0251,0
CLI00000119,33,12171,4953,506,32,5,Empresa,US,Mass,0.0339,0
CLI00000120,25,2314,1885,614,81,1,Persona,CO,Premium,0.0679,0
CLI00000121,45,5773,4223,477,12,1,Persona,CO,Mass,0.061,0
CLI00000122,59,6985,10574,659,128,2,Persona,CO,Mass,0.1261,0
CLI00000123,58,1155,28737,680,29,1,Empresa,CO,Mass,2.0732,0
CLI00000124,47,7154,14106,617,57,5,Persona,CO,Premium,0.1643,0
CLI00000125,71,30284,602,679,176,2,Persona,CO,Mass,0.0017,0
CLI00000126,53,8200,15387,700,211,2,Persona,CO,Mass,0.1564,0
CLI00000127,22,15974,4637,680,130,2,Persona,CO,Mass,0.0242,0
CLI00000128,65,5689,12747,505,231,5,Persona,MX,Mass,0.1867,0
CLI00000129,53,4635,7989,619,181,4,Persona,US,Premium,0.1436,0
CLI00000130,57,6667,6682,699,180,3,Persona,CO,Premium,0.0835,0
CLI00000131,53,2558,7315,839,237,4,Persona,CO,Mass,0.2383,0
CLI00000132,52,2273,7923,617,21,1,Persona,CO,Mass,0.2905,0
CLI00000133,23,13535,31082,716,55,4,Persona,CO,Mass,0.1914,0
CLI00000134,52,14733,7945,755,104,2,Persona,CO,Mass,0.0449,0
CLI00000135,67,2224,23993,626,148,2,Persona,CO,Mass,0.899,0
CLI00000136,36,10661,20741,787,237,1,Persona,CO,Mass,0.1621,0
CLI00000137,55,4584,15788,794,23,1,Persona,CO,Mass,0.287,0
CLI00000138,19,6450,1357,815,55,4,Persona,CO,Premium,0.0175,0
CLI00000139,39,7102,24751,705,71,5,Persona,CO,Mass,0.2904,0
CLI00000140,45,10888,5126,900,160,5,Persona,CO,Premium,0.0392,0
CLI00000141,78,5251,16576,576,228,2,Persona,CO,Premium,0.2631,0
CLI00000142,31,15186,3063,900,225,4,Persona,CO,Premium,0.0168,0
CLI00000143,35,6295,2477,742,179,1,Persona,US,Private,0.0328,0
CLI00000144,43,8097,58476,810,185,4,Empresa,CO,Mass,0.6018,0
CLI00000145,79,2523,3111,611,99,3,Persona,CO,Mass,0.1028,0
CLI00000146,70,27637,25491,751,146,5,Persona,CO,Premium,0.0769,0
CLI00000147,20,7157,9121,821,41,1,Persona,MX,Premium,0.1062,0
CLI00000148,32,8694,5323,519,121,4,Persona,CO,Mass,0.051,0
CLI00000149,68,1357,7747,630,70,3,Persona,CO,Mass,0.4757,0
CLI00000150,21,2544,2205,393,222,3,Empresa,CO,Premium,0.0722,0
CLI00000151,71,13230,7992,628,88,3,Persona,CO,Mass,0.0503,0
CLI00000152,35,6182,2744,552,94,4,Persona,US,Mass,0.037,0
CLI00000153,74,1063,5456,623,96,3,Persona,CO,Mass,0.4277,0
CLI00000154,36,11278,20441,900,216,3,Persona,CO,Mass,0.151,0
CLI00000155,44,3181,10448,856,223,3,Persona,US,Mass,0.2737,0
CLI00000156,59,15200,1840,477,103,1,Persona,CO,Mass,0.0101,1
CLI00000157,25,4581,18986,716,238,4,Persona,CO,Premium,0.3454,0
CLI00000158,52,5789,8045,745,181,4,Persona,CO,Mass,0.1158,0
CLI00000159,49,12621,4711,609,203,3,Empresa,CO,Premium,0.0311,0
CLI00000160,66,2397,17097,671,219,4,Persona,US,Mass,0.5944,0
CLI00000161,79,2221,6855,683,79,2,Persona,CO,Premium,0.2572,0
CLI00000162,59,4199,2525,488,132,2,Persona,CO,Mass,0.0501,0
CLI00000163,43,9525,51421,526,68,5,Persona,MX,Mass,0.4499,0
CLI00000164,43,1694,7964,670,74,5,Persona,CO,Mass,0.3918,0
CLI00000165,43,1294,7469,661,111,5,Empresa,CO,Mass,0.481,0
CLI00000166,68,9499,5404,564,12,1,Persona,CO,Mass,0.0474,0
CLI00000167,37,3033,26369,554,51,3,Persona,CO,Mass,0.7245,0
CLI00000168,28,3591,4794,639,194,4,Persona,CO,Premium,0.1112,0
CLI00000169,38,1112,1728,756,39,1,Persona,CO,Mass,0.1295,0
CLI00000170,19,2854,4110,640,149,5,Persona,CO,Premium,0.12,0
CLI00000171,24,4885,30539,844,183,4,Persona,CO,Mass,0.521,0
CLI00000172,23,10345,18622,566,63,2,Persona,CO,Mass,0.15,0
CLI00000173,65,2651,6279,673,109,3,Persona,CO,Premium,0.1974,0
CLI00000174,62,18506,31992,607,210,5,Persona,CO,Mass,0.1441,0
CLI00000175,61,2842,17118,720,200,5,Persona,CO,Premium,0.5019,0
CLI00000176,46,2845,6206,556,220,5,Persona,CO,Mass,0.1818,0
CLI00000177,62,16812,6864,881,150,5,Persona,CO,Mass,0.034,0
CLI00000178,27,5820,11263,447,212,4,Persona,MX,Premium,0.1613,0
CLI00000179,73,3160,3526,855,95,5,Persona,US,Mass,0.093,0
CLI00000180,49,4341,8139,660,144,5,Persona,CO,Mass,0.1562,0
CLI00000181,76,14508,11031,716,160,1,Persona,US,Mass,0.0634,0
CLI00000182,27,15882,1499,810,234,4,Persona,CO,Premium,0.0079,0
CLI00000183,48,2556,6705,752,88,2,Persona,CL,Mass,0.2186,0
CLI00000184,61,4750,5984,562,209,3,Persona,PE,Mass,0.105,0
CLI00000185,48,5282,22653,722,122,1,Empresa,CO,Mass,0.3574,0
CLI00000186,45,2232,1281,874,25,4,Persona,CO,Mass,0.0478,0
CLI00000187,28,4700,5533,543,157,5,Persona,CO,Private,0.0981,0
CLI00000188,41,4935,5005,900,235,3,Persona,CO,Private,0.0845,0
CLI00000189,32,12236,21164,696,108,4,Empresa,CO,Premium,0.1441,0
CLI00000190,36,12912,7757,598,131,2,Persona,CO,Premium,0.0501,0
CLI00000191,60,3776,48829,542,222,4,Empresa,CO,Premium,1.0776,0
CLI00000192,57,4141,15712,623,220,1,Persona,CO,Mass,0.3162,0
CLI00000193,55,8361,5376,415,96,5,Persona,PE,Mass,0.0536,0
CLI00000194,40,3077,10297,600,182,2,Persona,CO,Mass,0.2789,0
CLI00000195,77,7870,5686,618,151,3,Persona,CO,Mass,0.0602,0
CLI00000196,23,4581,19137,521,155,5,Persona,CO,Premium,0.3481,0
CLI00000197,39,2263,2138,739,172,1,Persona,CO,Mass,0.0787,0
CLI00000198,25,2285,3555,623,78,5,Persona,MX,Mass,0.1296,0
CLI00000199,39,15640,12780,573,73,4,Persona,CO,Premium,0.0681,0
CLI00000200,77,4336,27605,610,6,5,Empresa,CO,Mass,0.5305,0
CLI00000201,40,18256,896,692,205,3,Persona,CO,Private,0.0041,0
CLI00000202,74,3258,32031,658,66,2,Persona,CO,Private,0.8193,0
CLI00000203,48,6204,7043,565,161,3,Persona,CO,Mass,0.0946,0
CLI00000204,61,33327,1231,665,164,3,Persona,CO,Premium,0.0031,0
CLI00000205,46,2109,402,643,168,5,Persona,CO,Mass,0.0159,0
CLI00000206,34,1076,1755,513,207,3,Persona,CO,Mass,0.1359,0
CLI00000207,65,13756,7944,615,208,3,Persona,CO,Premium,0.0481,0
CLI00000208,78,2536,7586,719,0,1,Persona,CO,Mass,0.2493,0
CLI00000209,34,4834,15263,718,201,2,Persona,CO,Mass,0.2631,0
CLI00000210,66,3075,4677,622,49,3,Persona,CO,Mass,0.1267,0
CLI00000211,34,6090,2675,731,154,2,Persona,CO,Mass,0.0366,0
CLI00000212,62,2297,5361,532,161,2,Persona,CO,Premium,0.1945,0
CLI00000213,66,4255,8380,536,12,1,Persona,MX,Mass,0.1641,0
CLI00000214,45,7043,10206,619,68,5,Persona,CO,Mass,0.1208,0
CLI00000215,63,2193,3680,829,218,5,Persona,CO,Premium,0.1398,0
CLI00000216,34,2807,19959,669,34,2,Persona,MX,Mass,0.5925,0
CLI00000217,22,3722,4352,616,55,1,Persona,CO,Mass,0.0974,0
CLI00000218,23,1567,3395,835,19,5,Persona,CO,Mass,0.1805,0
CLI00000219,45,3505,4710,615,40,5,Persona,CO,Premium,0.112,0
CLI00000220,73,5404,23738,900,153,5,Persona,CO,Mass,0.3661,0
CLI00000221,25,3570,7095,588,201,3,Persona,CO,Mass,0.1656,0
CLI00000222,46,3955,4046,528,142,4,Persona,CO,Mass,0.0852,0
CLI00000223,61,4837,20457,630,68,4,Persona,CO,Mass,0.3524,0
CLI00000224,30,2908,69061,620,206,2,Persona,CO,Private,1.979,0
CLI00000225,62,8542,9993,553,88,3,Persona,CO,Premium,0.0975,0
CLI00000226,36,15502,27829,900,75,2,Persona,CO,Mass,0.1496,0
CLI00000227,68,3389,22835,688,121,4,Persona,CO,Mass,0.5615,0
CLI00000228,53,7245,4422,705,32,5,Persona,CO,Mass,0.0509,0
CLI00000229,51,4057,8321,594,85,1,Empresa,CO,Mass,0.1709,0
CLI00000230,28,6583,2247,580,191,1,Persona,CO,Mass,0.0284,0
CLI00000231,46,17199,6601,773,145,2,Persona,CO,Mass,0.032,0
CLI00000232,71,7382,4332,448,237,1,Persona,CO,Mass,0.0489,0
CLI00000233,19,1189,5416,512,186,1,Persona,CO,Premium,0.3796,0
CLI00000234,65,7067,3828,620,86,5,Empresa,CO,Mass,0.0451,0
CLI00000235,48,13177,6080,812,184,3,Persona,CO,Mass,0.0385,0
CLI00000236,62,4116,13797,605,207,4,Persona,CO,Mass,0.2793,0
CLI00000237,59,10899,7190,699,151,3,Persona,CO,Mass,0.055,0
CLI00000238,44,2829,1255,653,183,4,Persona,CO,Mass,0.037,0
CLI00000239,37,1497,3842,805,120,4,Persona,CO,Mass,0.2139,0
CLI00000240,56,5502,1773,459,218,1,Persona,CO,Private,0.0269,0
CLI00000241,26,1205,10342,738,57,1,Persona,CO,Mass,0.7152,0
CLI00000242,54,4056,13404,626,101,3,Persona,CO,Mass,0.2754,0
CLI00000243,23,13759,10472,760,60,2,Persona,CO,Mass,0.0634,0
CLI00000244,58,1066,3687,551,24,5,Persona,CO,Mass,0.2882,0
CLI00000245,56,1765,10371,652,147,2,Persona,CO,Premium,0.4896,0
CLI00000246,23,2152,5063,637,28,2,Persona,CO,Mass,0.1961,0
CLI00000247,64,4672,2596,529,54,3,Persona,CO,Premium,0.0463,0
CLI00000248,43,3668,17016,496,183,1,Persona,US,Mass,0.3866,0
CLI00000249,66,15052,18361,580,57,5,Persona,CO,Mass,0.1017,0
CLI00000250,20,10545,20929,665,207,1,Persona,CO,Mass,0.1654,0
CLI00000251,29,7304,4410,559,11,5,Persona,CO,Mass,0.0503,0
CLI00000252,48,5522,26353,610,109,4,Persona,CO,Mass,0.3977,0
CLI00000253,29,6731,4946,423,16,5,Persona,CO,Mass,0.0612,1
CLI00000254,38,2466,15576,605,14,2,Persona,CO,Mass,0.5263,0
CLI00000255,58,9757,4861,772,189,5,Persona,CO,Premium,0.0415,0
CLI00000256,26,2019,6477,734,16,5,Persona,CO,Mass,0.2673,0
CLI00000257,60,9588,719,639,214,3,Persona,CO,Mass,0.0062,0
CLI00000258,24,12694,5991,679,143,2,Persona,CO,Premium,0.0393,0
CLI00000259,28,5817,8875,550,115,1,Persona,CO,Mass,0.1271,0
CLI00000260,54,4268,5377,844,220,1,Persona,CO,Mass,0.105,0
CLI00000261,67,6769,46919,898,93,3,Persona,CO,Mass,0.5776,0
CLI00000262,28,498,2533,669,95,5,Persona,CO,Mass,0.4238,0
CLI00000263,36,6259,4612,900,98,3,Persona,CO,Mass,0.0614,0
CLI00000264,75,4488,3278,568,156,5,Persona,CO,Mass,0.0609,0
CLI00000265,79,4719,4611,499,203,4,Empresa,CO,Premium,0.0814,0
CLI00000266,54,8649,22729,564,130,4,Persona,PE,Mass,0.219,0
CLI00000267,45,4629,35526,623,67,4,Persona,CO,Premium,0.6395,0
CLI00000268,39,1974,4020,900,213,5,Persona,CO,Mass,0.1697,0
CLI00000269,55,4389,3932,616,143,5,Persona,US,Mass,0.0747,0
CLI00000270,54,5187,2547,546,199,1,Persona,CO,Mass,0.0409,0
CLI00000271,36,5388,29920,542,103,3,Persona,MX,Mass,0.4627,0
CLI00000272,19,5594,24859,786,47,3,Persona,CO,Mass,0.3703,0
CLI00000273,27,11287,7288,769,226,5,Persona,CO,Mass,0.0538,0
CLI00000274,77,2061,2006,591,162,2,Persona,CO,Mass,0.0811,0
CLI00000275,43,5656,2193,424,73,5,Persona,CO,Mass,0.0323,0
CLI00000276,47,13793,9610,514,203,3,Persona,MX,Mass,0.0581,0
CLI00000277,46,1226,14035,856,2,5,Persona,MX,Mass,0.9539,0
CLI00000278,66,5674,1026,732,223,4,Persona,CO,Mass,0.0151,0
CLI00000279,22,3076,5876,657,138,2,Persona,CO,Mass,0.1592,0
CLI00000280,23,3653,40875,874,141,5,Persona,CO,Mass,0.9324,0
CLI00000281,35,2383,6519,884,3,1,Persona,CO,Mass,0.228,0
CLI00000282,48,4291,35941,645,42,1,Persona,CO,Mass,0.698,0
CLI00000283,59,21439,15506,647,172,3,Persona,CO,Premium,0.0603,0
CLI00000284,48,1787,2740,580,133,2,Persona,CO,Premium,0.1278,0
CLI00000285,45,1928,6047,615,30,1,Persona,CO,Mass,0.2614,0
CLI00000286,76,1734,7124,471,159,5,Persona,CO,Mass,0.3424,0
CLI00000287,27,19573,3125,471,179,1,Persona,CO,Premium,0.0133,0
CLI00000288,53,3395,3072,443,65,3,Persona,CO,Mass,0.0754,0
CLI00000289,51,4814,36562,780,165,2,Empresa,CO,Mass,0.6329,0
CLI00000290,47,3560,3049,462,233,2,Persona,CO,Mass,0.0714,0
CLI00000291,68,2308,23823,883,115,2,Persona,CO,Mass,0.8601,0
CLI00000292,34,4071,5237,562,55,2,Empresa,CO,Mass,0.1072,0
CLI00000293,77,35122,7897,858,230,4,Persona,US,Mass,0.0187,0
CLI00000294,38,14967,14212,606,218,2,Persona,CO,Mass,0.0791,0
CLI00000295,51,2484,4453,462,109,4,Persona,CO,Mass,0.1494,0
CLI00000296,50,8250,14298,804,102,3,Persona,CO,Mass,0.1444,0
CLI00000297,70,2526,1046,818,200,4,Persona,PE,Mass,0.0345,0
CLI00000298,45,1186,12578,541,0,3,Persona,CO,Mass,0.8837,0
CLI00000299,35,11110,686,610,74,2,Persona,CO,Mass,0.0051,0
CLI00000300,19,12432,6458,541,130,3,Persona,CO,Mass,0.0433,0
CLI00000301,40,11348,19038,635,156,4,Persona,CO,Private,0.1398,0
CLI00000302,69,3374,15097,662,150,3,Persona,CO,Mass,0.3729,0
CLI00000303,18,4300,2211,607,88,5,Empresa,CO,Mass,0.0428,0
CLI00000304,73,8953,2515,431,208,3,Persona,CO,Mass,0.0234,0
CLI00000305,51,6722,4069,580,155,2,Persona,CO,Mass,0.0504,0
CLI00000306,26,3587,9761,734,129,1,Persona,CO,Mass,0.2268,0
CLI00000307,36,1345,1062,624,225,2,Persona,CO,Mass,0.0658,0
CLI00000308,52,5383,7996,610,22,1,Persona,US,Private,0.1238,0
CLI00000309,37,11651,11063,538,170,1,Persona,CO,Mass,0.0791,0
CLI00000310,24,1885,6105,576,222,2,Persona,CO,Mass,0.2699,0
CLI00000311,59,8192,13702,819,158,2,Persona,CL,Premium,0.1394,0
CLI00000312,59,6407,10134,513,135,5,Persona,PE,Mass,0.1318,0
CLI00000313,25,8956,4714,736,87,4,Persona,CO,Mass,0.0439,0
CLI00000314,35,9873,1168,655,65,4,Persona,CO,Mass,0.0099,0
CLI00000315,33,2819,9259,679,131,3,Persona,CO,Mass,0.2737,0
CLI00000316,58,1348,3124,562,215,1,Persona,CO,Mass,0.1931,0
CLI00000317,63,3207,4544,607,110,5,Persona,CO,Premium,0.1181,0
CLI00000318,63,10009,13083,649,29,3,Persona,CO,Mass,0.1089,0
CLI00000319,76,3185,33434,587,116,3,Persona,CO,Mass,0.8748,0
CLI00000320,65,2820,7800,689,23,4,Persona,US,Mass,0.2305,0
CLI00000321,37,1144,14101,704,224,1,Persona,PE,Mass,1.0271,0
CLI00000322,24,19972,1911,900,128,3,Empresa,PE,Private,0.008,0
CLI00000323,56,9514,10358,683,51,4,Persona,CO,Mass,0.0907,0
CLI00000324,74,9098,7631,420,149,4,Persona,CO,Mass,0.0699,1
CLI00000325,78,10659,27701,789,129,3,Persona,CO,Mass,0.2166,0
CLI00000326,32,7796,4719,625,122,5,Persona,CO,Premium,0.0504,0
CLI00000327,32,4042,6363,891,142,5,Persona,CO,Mass,0.1312,0
CLI00000328,20,4311,23360,826,222,1,Persona,CO,Mass,0.4515,0
CLI00000329,26,3491,7390,589,205,1,Persona,CO,Premium,0.1764,0
CLI00000330,52,40448,2673,736,63,3,Persona,US,Mass,0.0055,0
CLI00000331,51,7667,103946,578,57,5,Persona,CO,Mass,1.1298,0
CLI00000332,40,3391,2755,650,237,3,Empresa,CO,Mass,0.0677,0
CLI00000333,37,7132,7595,731,154,2,Persona,CO,Premium,0.0887,0
CLI00000334,69,2189,11460,783,4,3,Persona,CO,Premium,0.4363,0
CLI00000335,46,16376,10589,757,127,5,Empresa,CO,Premium,0.0539,0
CLI00000336,68,2896,6702,658,28,1,Persona,CO,Mass,0.1928,0
CLI00000337,77,7338,6736,900,7,3,Persona,CO,Premium,0.0765,0
CLI00000338,37,11530,6406,606,44,4,Persona,CO,Mass,0.0463,0
CLI00000339,30,6686,2654,457,61,2,Persona,CO,Mass,0.0331,0
CLI00000340,77,5300,69579,480,19,1,Persona,MX,Premium,1.094,0
CLI00000341,57,4957,6502,826,200,4,Persona,CO,Premium,0.1093,0
CLI00000342,36,4697,14719,640,105,4,Empresa,CO,Premium,0.2611,0
CLI00000343,56,3098,5798,669,132,4,Persona,CO,Mass,0.156,0
CLI00000344,49,3430,5683,584,207,4,Persona,CO,Mass,0.1381,0
CLI00000345,74,16053,5138,595,200,4,Persona,PE,Premium,0.0267,0
CLI00000346,33,4506,1720,555,196,2,Empresa,CO,Private,0.0318,0
CLI00000347,79,2621,6900,706,47,1,Persona,CO,Mass,0.2194,0
CLI00000348,76,3251,5393,638,178,5,Persona,CO,Mass,0.1382,0
CLI00000349,29,11852,26147,702,238,2,Persona,CO,Mass,0.1838,0
CLI00000350,28,8437,2448,690,1,5,Persona,CO,Mass,0.0242,0
CLI00000351,51,7694,4549,598,208,3,Persona,CL,Mass,0.0493,0
CLI00000352,20,3999,3299,474,207,3,Persona,PE,Private,0.0687,0
CLI00000353,36,7775,34287,464,201,1,Persona,CO,Mass,0.3675,0
CLI00000354,44,2937,3396,900,95,5,Empresa,CO,Premium,0.0964,0
CLI00000355,78,3993,14218,827,47,3,Persona,CO,Mass,0.2967,0
CLI00000356,79,10676,21378,810,175,5,Persona,CO,Mass,0.1669,0
CLI00000357,27,9891,7001,569,149,4,Persona,CO,Mass,0.059,0
CLI00000358,73,2240,2045,651,174,1,Persona,CO,Mass,0.0761,0
CLI00000359,23,2478,2071,552,61,5,Empresa,CO,Premium,0.0696,0
CLI00000360,64,5361,19144,492,42,3,Persona,CO,Mass,0.2976,0
CLI00000361,70,19553,2297,579,216,1,Persona,CO,Premium,0.0098,0
CLI00000362,73,1061,11992,809,123,3,Persona,MX,Mass,0.9418,0
CLI00000363,31,6140,9084,750,204,4,Persona,CO,Private,0.1233,0
CLI00000364,73,1634,11815,533,222,4,Persona,CO,Mass,0.6025,0
CLI00000365,25,2958,12985,612,110,2,Empresa,CO,Mass,0.3658,0
CLI00000366,50,3671,3185,739,63,5,Persona,CO,Mass,0.0723,0
CLI00000367,47,3510,3054,581,215,2,Persona,CO,Mass,0.0725,0
CLI00000368,37,3206,16563,659,171,3,Persona,PE,Mass,0.4305,0
CLI00000369,19,4943,4318,698,159,5,Persona,MX,Premium,0.0728,0
CLI00000370,65,3202,517,696,229,1,Persona,CO,Premium,0.0135,0
CLI00000371,38,1525,15502,680,59,3,Persona,CO,Mass,0.8471,0
CLI00000372,59,9171,2874,571,86,3,Persona,CO,Mass,0.0261,0
CLI00000373,43,8975,12927,583,9,4,Persona,CO,Mass,0.12,0
CLI00000374,41,9648,32624,513,93,4,Persona,CO,Premium,0.2818,0
CLI00000375,72,1432,8240,462,107,4,Persona,PE,Premium,0.4795,0
CLI00000376,23,6242,21933,636,108,2,Persona,CO,Mass,0.2928,0
CLI00000377,63,8440,9450,747,36,3,Persona,CO,Mass,0.0933,0
CLI00000378,64,2153,39633,484,194,1,Persona,CO,Mass,1.534,0
CLI00000379,41,4950,2801,682,117,5,Persona,CO,Mass,0.0472,0
CLI00000380,34,4478,8036,744,105,2,Persona,CO,Mass,0.1495,0
CLI00000381,18,21455,15885,429,207,3,Persona,CO,Mass,0.0617,0
CLI00000382,76,22916,6698,617,116,4,Persona,CO,Premium,0.0244,0
CLI00000383,76,1297,25647,847,214,4,Empresa,MX,Mass,1.6477,0
CLI00000384,32,36139,5260,716,53,1,Persona,CO,Private,0.0121,0
CLI00000385,19,2363,64175,425,204,4,Persona,CO,Premium,2.2631,0
CLI00000386,25,10770,67656,729,237,2,Persona,CO,Mass,0.5235,0
CLI00000387,22,10682,10743,560,180,3,Persona,CO,Mass,0.0838,0
CLI00000388,69,2215,14081,732,214,1,Persona,CO,Mass,0.5297,0
CLI00000389,73,7292,26680,567,177,4,Persona,CO,Premium,0.3049,0
CLI00000390,27,4509,2472,643,144,3,Persona,CO,Mass,0.0457,0
CLI00000391,64,7657,2182,585,183,1,Persona,US,Premium,0.0237,0
CLI00000392,29,5910,28464,650,230,1,Persona,PE,Premium,0.4013,0
CLI00000393,40,12798,10657,581,145,4,Persona,CL,Mass,0.0694,0
CLI00000394,55,5220,6460,623,164,1,Persona,CO,Mass,0.1031,0
CLI00000395,62,4297,8193,508,19,3,Persona,CO,Mass,0.1589,1
CLI00000396,72,11811,745,708,230,4,Persona,CO,Mass,0.0053,0
CLI00000397,20,7819,6697,671,186,5,Persona,CO,Mass,0.0714,0
CLI00000398,30,8825,3815,456,38,1,Persona,CO,Premium,0.036,0
CLI00000399,35,2888,20293,769,69,2,Persona,CO,Mass,0.5855,0
CLI00000400,37,2129,21917,628,54,1,Persona,CO,Mass,0.8578,0
CLI00000401,79,3120,14424,669,76,5,Persona,CO,Premium,0.3852,0
CLI00000402,66,2990,12033,741,212,3,Persona,CO,Mass,0.3354,0
CLI00000403,37,9218,1812,689,111,5,Persona,PE,Mass,0.0164,0
CLI00000404,78,10729,14627,789,100,1,Persona,CO,Mass,0.1136,0
CLI00000405,48,4341,15205,614,186,4,Persona,CO,Mass,0.2919,0
CLI00000406,49,15440,28146,774,89,1,Persona,CO,Mass,0.1519,0
CLI00000407,44,14687,67387,664,212,1,Persona,CO,Mass,0.3823,0
CLI00000408,26,5971,1491,710,181,3,Persona,CO,Mass,0.0208,0
CLI00000409,75,2546,5494,698,61,2,Persona,US,Mass,0.1798,0
CLI00000410,18,17331,3857,798,151,2,Persona,CO,Mass,0.0185,0
CLI00000411,28,4680,9628,736,115,1,Persona,CO,Mass,0.1714,0
CLI00000412,32,5436,8212,596,82,3,Persona,MX,Mass,0.1259,0
CLI00000413,35,3745,6411,573,217,2,Empresa,CO,Mass,0.1427,0
CLI00000414,26,2411,22642,644,95,5,Persona,CO,Private,0.7826,0
CLI00000415,19,1517,2693,558,28,4,Empresa,CO,Mass,0.1479,0
CLI00000416,60,8154,2860,523,98,3,Persona,CO,Premium,0.0292,0
CLI00000417,78,2626,2909,394,124,4,Persona,CO,Private,0.0923,1
CLI00000418,25,56818,5651,464,30,3,Persona,CO,Mass,0.0083,0
CLI00000419,36,2061,2371,888,178,3,Persona,CO,Mass,0.0959,0
CLI00000420,49,1797,7718,571,55,5,Persona,PE,Mass,0.3579,0
CLI00000421,75,7391,6867,878,22,3,Persona,CO,Mass,0.0774,0
CLI00000422,61,16704,3690,698,129,3,Empresa,CO,Private,0.0184,0
CLI00000423,65,5175,19414,644,38,3,Persona,CO,Private,0.3126,0
CLI00000424,54,7768,7635,469,187,4,Persona,CO,Mass,0.0819,0
CLI00000425,43,1124,23450,650,16,4,Persona,CO,Premium,1.7385,0
CLI00000426,30,2858,6667,877,100,3,Persona,CO,Premium,0.1944,0
CLI00000427,71,2082,7909,836,12,1,Persona,CO,Mass,0.3165,0
CLI00000428,67,1079,4615,682,92,4,Persona,MX,Premium,0.3564,0
CLI00000429,19,5396,8046,512,223,3,Persona,CO,Mass,0.1243,0
CLI00000430,62,817,16518,535,156,5,Persona,CO,Private,1.6847,0
CLI00000431,23,1706,5370,547,128,5,Persona,CO,Premium,0.2623,0
CLI00000432,63,3197,13607,803,37,1,Persona,CO,Mass,0.3547,0
CLI00000433,69,2527,3594,845,75,5,Persona,CO,Mass,0.1185,0
CLI00000434,26,6748,17310,673,91,5,Persona,CO,Premium,0.2138,0
CLI00000435,44,6275,4537,613,138,5,Persona,CO,Mass,0.0603,0
CLI00000436,25,10047,18990,835,49,3,Persona,CO,Mass,0.1575,0
CLI00000437,53,8972,8612,532,239,2,Persona,CO,Mass,0.08,0
CLI00000438,75,12242,37084,656,156,4,Persona,CO,Mass,0.2524,0
CLI00000439,23,4907,2555,705,74,5,Persona,CO,Mass,0.0434,0
CLI00000440,42,6265,1851,546,26,3,Empresa,PE,Mass,0.0246,0
CLI00000441,78,7399,4375,573,142,5,Persona,US,Private,0.0493,0
CLI00000442,36,5504,2029,564,107,2,Persona,PE,Premium,0.0307,0
CLI00000443,26,3576,2032,820,161,5,Persona,CO,Premium,0.0474,0
CLI00000444,48,3767,15086,879,143,1,Persona,CO,Mass,0.3337,0
CLI00000445,49,2555,8069,663,153,5,Empresa,CO,Mass,0.2632,0
CLI00000446,59,6886,5015,617,200,5,Persona,MX,Mass,0.0607,0
CLI00000447,37,4558,5502,578,126,4,Persona,US,Mass,0.1006,0
CLI00000448,77,2891,4459,650,173,4,Persona,CO,Premium,0.1285,0
CLI00000449,50,2893,42208,583,86,3,Persona,CO,Mass,1.2158,0
CLI00000450,35,1866,3883,638,226,5,Persona,CO,Private,0.1734,0
CLI00000451,77,10754,2160,699,97,1,Persona,CO,Premium,0.0167,0
CLI00000452,75,5233,17962,601,163,2,Persona,CO,Mass,0.286,0
CLI00000453,48,2464,6530,627,239,1,Persona,CO,Private,0.2208,0
CLI00000454,19,9384,62241,627,83,2,Persona,CO,Premium,0.5527,0
CLI00000455,55,3138,4787,611,24,3,Persona,CO,Mass,0.1271,0
CLI00000456,52,1595,18882,597,55,2,Persona,CO,Mass,0.9865,0
CLI00000457,27,11125,23913,741,58,3,Persona,CO,Premium,0.1791,0
CLI00000458,57,3198,4811,437,13,2,Persona,CO,Premium,0.1254,0
CLI00000459,70,3543,3854,838,130,2,Persona,CO,Mass,0.0906,0
CLI00000460,24,5079,17006,666,66,3,Persona,CO,Mass,0.279,0
CLI00000461,62,12259,14398,723,23,2,Empresa,CO,Mass,0.0979,0
CLI00000462,26,4994,1977,737,32,5,Persona,CO,Mass,0.033,0
CLI00000463,64,1883,2621,565,65,5,Persona,CO,Mass,0.116,0
CLI00000464,43,7593,641,540,88,5,Persona,CO,Mass,0.007,0
CLI00000465,18,3334,14696,526,233,1,Persona,CO,Premium,0.3673,0
CLI00000466,77,22255,6236,620,168,3,Persona,CO,Mass,0.0234,0
CLI00000467,28,4910,6890,733,171,4,Persona,CO,Mass,0.1169,0
CLI00000468,54,822,1493,579,166,2,Persona,CO,Mass,0.1513,0
CLI00000469,29,6541,2702,722,192,2,Persona,CO,Private,0.0344,0
CLI00000470,75,23287,5024,365,76,4,Persona,CO,Private,0.018,1
CLI00000471,63,17339,4136,603,23,1,Persona,CO,Premium,0.0199,0
CLI00000472,67,21263,9116,790,122,4,Persona,CO,Mass,0.0357,0
CLI00000473,44,2173,14522,629,0,3,Persona,US,Mass,0.5569,0
CLI00000474,46,10195,78402,550,52,4,Persona,CO,Mass,0.6408,0
CLI00000475,57,2758,7942,571,180,4,Empresa,CO,Mass,0.24,0
CLI00000476,66,5880,24720,300,120,3,Persona,CO,Mass,0.3503,0
CLI00000477,70,1775,3533,528,165,3,Empresa,CO,Mass,0.1659,0
CLI00000478,19,2934,1517,776,122,1,Persona,US,Mass,0.0431,0
CLI00000479,59,2861,5697,580,130,5,Persona,CO,Mass,0.1659,0
CLI00000480,24,10085,1639,594,72,1,Empresa,CO,Mass,0.0135,0
CLI00000481,35,9326,8222,370,52,5,Persona,US,Premium,0.0735,0
CLI00000482,69,6133,3712,454,62,5,Empresa,CO,Mass,0.0504,0
CLI00000483,33,1668,1147,792,191,4,Persona,CO,Mass,0.0573,0
CLI00000484,67,3830,45982,724,235,4,Persona,CO,Mass,1.0005,0
CLI00000485,46,2705,4733,494,19,1,Persona,CO,Mass,0.1458,0
CLI00000486,32,9855,1575,574,128,5,Persona,CO,Premium,0.0133,0
CLI00000487,38,12613,19893,646,112,3,Persona,CO,Mass,0.1314,0
CLI00000488,50,11442,3910,506,134,2,Persona,CO,Mass,0.0285,0
CLI00000489,65,2686,24104,409,55,4,Persona,CO,Premium,0.7478,0
CLI00000490,55,549,3891,630,1,3,Persona,CO,Mass,0.5905,0
CLI00000491,75,1195,4717,718,48,2,Persona,CO,Mass,0.3289,0
CLI00000492,71,15325,11439,721,43,2,Persona,CO,Mass,0.0622,0
CLI00000493,64,3565,14665,755,12,1,Persona,CO,Mass,0.3428,0
CLI00000494,55,2695,17474,463,85,5,Persona,CO,Mass,0.5403,0
CLI00000495,35,18290,7407,656,164,4,Persona,US,Premium,0.0337,0
CLI00000496,43,13522,13747,617,231,2,Persona,CO,Mass,0.0847,0
CLI00000497,25,5011,17079,639,157,4,Persona,CO,Mass,0.284,0
CLI00000498,41,3886,9902,624,42,4,Empresa,CO,Mass,0.2123,0
CLI00000499,75,4421,7025,570,86,1,Persona,CO,Mass,0.1324,0
CLI00000500,44,5894,1909,300,72,1,Persona,CO,Mass,0.027,1
CLI00000501,25,17677,14752,789,50,2,Persona,CO,Private,0.0695,0
CLI00000502,58,6891,8452,689,237,1,Persona,CO,Mass,0.1022,0
CLI00000503,77,8785,5358,471,157,5,Persona,CO,Premium,0.0508,0
CLI00000504,71,12524,29078,706,115,1,Persona,MX,Mass,0.1935,0
CLI00000505,34,1928,1943,596,104,5,Persona,CO,Mass,0.084,0
CLI00000506,46,8990,41941,599,76,3,Persona,CO,Mass,0.3888,0
CLI00000507,50,3882,7924,557,100,1,Persona,CO,Mass,0.1701,0
CLI00000508,33,656,11131,714,152,5,Persona,CO,Mass,1.4138,0
CLI00000509,34,895,5458,554,222,1,Persona,CO,Mass,0.5081,0
CLI00000510,32,2176,1529,518,119,5,Persona,CO,Premium,0.0586,0
CLI00000511,79,7517,7047,785,44,1,Persona,MX,Premium,0.0781,0
CLI00000512,64,5383,11324,628,229,4,Persona,CO,Mass,0.1753,0
CLI00000513,70,5695,15934,632,75,2,Persona,CO,Mass,0.2332,0
CLI00000514,68,23406,6647,733,19,3,Persona,CO,Mass,0.0237,0
CLI00000515,77,1780,904,569,130,5,Persona,CO,Mass,0.0423,0
CLI00000516,24,4808,1734,593,189,4,Persona,CO,Mass,0.0301,0
CLI00000517,72,6270,63071,686,61,2,Empresa,CO,Premium,0.8383,0
CLI00000518,22,2727,2717,465,66,1,Persona,CO,Mass,0.083,0
CLI00000519,47,5027,33760,676,69,2,Persona,CO,Premium,0.5596,0
CLI00000520,54,1366,3184,559,193,5,Persona,CO,Premium,0.1942,0
CLI00000521,40,15182,6751,752,229,3,Persona,MX,Mass,0.0371,0
CLI00000522,27,2848,15141,715,203,4,Persona,CL,Premium,0.443,0
CLI00000523,29,24962,3568,699,54,3,Empresa,CO,Premium,0.0119,0
CLI00000524,69,4788,39823,457,203,3,Persona,CO,Mass,0.6931,0
CLI00000525,37,11186,8740,637,74,1,Persona,CO,Mass,0.0651,0
CLI00000526,37,4709,12846,508,208,1,Persona,CO,Mass,0.2273,0
CLI00000527,75,4795,6200,645,237,4,Persona,CO,Mass,0.1077,0
CLI00000528,26,3080,15657,372,172,2,Persona,CO,Premium,0.4236,1
CLI00000529,74,5406,39292,465,229,2,Persona,CO,Mass,0.6057,0
CLI00000530,75,6338,7106,792,34,2,Persona,CO,Premium,0.0934,0
CLI00000531,55,2624,45693,694,157,4,Persona,CO,Mass,1.4511,0
CLI00000532,28,4446,4395,607,12,5,Persona,CO,Mass,0.0824,0
CLI00000533,27,3016,17397,540,156,4,Persona,CO,Mass,0.4807,0
CLI00000534,35,30937,13215,519,81,4,Persona,US,Premium,0.0356,0
CLI00000535,53,4574,2783,674,232,5,Persona,CO,Mass,0.0507,0
CLI00000536,27,16918,10034,608,118,3,Persona,CO,Mass,0.0494,0
CLI00000537,46,4202,8162,835,182,1,Persona,CO,Private,0.1619,0
CLI00000538,25,6047,3452,627,72,3,Empresa,CO,Mass,0.0476,0
CLI00000539,51,1707,11591,657,17,5,Persona,CO,Premium,0.5658,0
CLI00000540,19,3436,9379,483,178,4,Persona,CO,Mass,0.2275,0
CLI00000541,61,5816,7535,606,53,2,Persona,MX,Premium,0.108,0
CLI00000542,21,17479,7566,671,173,2,Persona,CO,Mass,0.0361,0
CLI00000543,30,5869,7405,605,111,5,Persona,CO,Mass,0.1051,0
CLI00000544,28,14868,5609,591,233,1,Persona,CO,Mass,0.0314,0
CLI00000545,69,8205,9319,689,84,5,Persona,CO,Mass,0.0946,0
CLI00000546,21,18068,4256,831,96,4,Empresa,CO,Mass,0.0196,0
CLI00000547,44,4688,115475,667,177,5,Persona,PE,Mass,2.0526,0
CLI00000548,54,33262,1979,787,188,2,Persona,CO,Mass,0.005,0
CLI00000549,49,3333,4515,724,30,4,Persona,CO,Mass,0.1129,0
CLI00000550,60,2661,4886,780,177,2,Persona,CL,Private,0.153,0
CLI00000551,67,1866,62348,576,117,1,Persona,CO,Mass,2.7843,0
CLI00000552,42,31723,2164,625,237,3,Persona,PE,Mass,0.0057,0
CLI00000553,69,9466,12405,625,151,5,Persona,CO,Premium,0.1092,0
CLI00000554,37,3761,10387,715,185,2,Persona,CO,Mass,0.2301,0
CLI00000555,79,13349,11311,745,82,1,Persona,CO,Private,0.0706,0
CLI00000556,49,8519,27898,665,68,5,Empresa,CO,Mass,0.2729,0
CLI00000557,63,23692,27332,755,188,5,Persona,MX,Mass,0.0961,0
CLI00000558,72,1424,5161,582,3,5,Persona,CO,Premium,0.302,0
CLI00000559,67,3974,9838,756,139,5,Persona,CO,Mass,0.2063,0
CLI00000560,70,3394,1256,771,232,5,Persona,CO,Mass,0.0308,0
CLI00000561,51,1013,8947,731,237,5,Persona,CO,Mass,0.736,0
CLI00000562,20,11478,3662,666,171,5,Persona,CO,Mass,0.0266,0
CLI00000563,48,3958,6725,735,119,4,Persona,CO,Mass,0.1416,0
CLI00000564,29,8881,1502,542,195,2,Persona,CO,Premium,0.0141,0
CLI00000565,73,32461,12147,673,3,3,Persona,CO,Mass,0.0312,0
CLI00000566,32,3704,1485,686,190,2,Persona,CO,Mass,0.0334,0
CLI00000567,32,3508,9398,490,45,3,Persona,CO,Mass,0.2232,0
CLI00000568,33,5404,2376,706,176,4,Persona,CO,Mass,0.0366,0
CLI00000569,57,10826,3464,500,83,2,Persona,CO,Mass,0.0267,0
CLI00000570,53,3123,25712,598,180,1,Persona,CO,Mass,0.6861,0
CLI00000571,76,2966,14587,654,144,4,Persona,CO,Mass,0.4098,0
CLI00000572,43,11450,25570,562,223,5,Persona,MX,Mass,0.1861,0
CLI00000573,35,6653,38550,659,188,5,Empresa,CO,Premium,0.4829,0
CLI00000574,21,957,3741,657,219,1,Persona,CO,Premium,0.3257,0
CLI00000575,18,1843,36278,551,36,3,Empresa,CO,Mass,1.6403,0
CLI00000576,41,16333,1871,718,91,3,Persona,CO,Mass,0.0095,0
CLI00000577,75,6778,17087,558,104,3,Persona,CO,Mass,0.2101,0
CLI00000578,50,2671,4947,900,7,4,Persona,CO,Mass,0.1543,0
CLI00000579,73,4288,3196,636,5,3,Persona,CO,Premium,0.0621,0
CLI00000580,24,4967,14979,509,9,5,Persona,CO,Mass,0.2513,0
CLI00000581,23,8853,20846,531,184,5,Persona,CO,Mass,0.1962,0
CLI00000582,69,1658,20237,787,107,4,Persona,CO,Premium,1.0171,0
CLI00000583,24,2507,10045,600,180,3,Persona,CO,Premium,0.3339,0
CLI00000584,21,6114,9246,486,200,3,Persona,CO,Mass,0.126,0
CLI00000585,43,4537,13723,752,8,5,Persona,CO,Mass,0.2521,0
CLI00000586,75,7765,10979,600,203,2,Empresa,CL,Mass,0.1178,0
CLI00000587,60,1837,13923,728,54,5,Empresa,CO,Mass,0.6316,0
CLI00000588,24,6540,9936,762,97,3,Persona,CO,Mass,0.1266,0
CLI00000589,69,11769,18822,682,231,1,Persona,CO,Mass,0.1333,0
CLI00000590,70,7255,1592,900,72,4,Persona,MX,Mass,0.0183,0
CLI00000591,67,5493,7106,443,225,2,Persona,CO,Mass,0.1078,0
CLI00000592,73,4551,2030,551,121,3,Persona,CO,Mass,0.0372,0
CLI00000593,32,2520,10686,619,3,5,Persona,CO,Premium,0.3534,0
CLI00000594,78,4639,41853,900,199,4,Persona,CO,Mass,0.7518,0
CLI00000595,37,13463,5043,865,10,4,Persona,CO,Private,0.0312,0
CLI00000596,67,4468,9202,804,152,1,Empresa,CO,Mass,0.1716,0
CLI00000597,53,2411,17265,554,110,5,Persona,CO,Premium,0.5967,0
CLI00000598,66,3314,1024,568,33,2,Persona,CO,Mass,0.0257,0
CLI00000599,56,5771,4807,550,123,1,Persona,CO,Mass,0.0694,0
CLI00000600,57,3645,11666,555,86,5,Persona,CO,Mass,0.2667,0
CLI00000601,56,7246,447,829,23,1,Persona,CO,Mass,0.0051,0
CLI00000602,66,7467,3050,620,133,2,Persona,CO,Mass,0.034,0
CLI00000603,63,10008,24363,636,10,1,Persona,CO,Mass,0.2029,0
CLI00000604,26,15349,22092,742,129,4,Persona,CO,Mass,0.1199,0
CLI00000605,69,10901,11781,450,54,5,Persona,CO,Mass,0.0901,0
CLI00000606,51,2327,19578,656,199,3,Persona,CO,Mass,0.7011,0
CLI00000607,38,2385,10047,518,228,5,Empresa,CO,Mass,0.351,0
CLI00000608,49,4625,14120,614,223,5,Persona,CO,Mass,0.2544,0
CLI00000609,77,3425,5909,579,225,5,Persona,CO,Mass,0.1438,0
CLI00000610,71,1977,9098,573,24,1,Persona,CO,Mass,0.3835,0
CLI00000611,69,3451,4305,677,122,2,Persona,CO,Premium,0.104,0
CLI00000612,46,3362,28666,676,53,2,Persona,CO,Premium,0.7105,0
CLI00000613,66,2871,37106,623,23,4,Persona,CO,Mass,1.077,0
CLI00000614,41,3817,32206,694,94,5,Persona,CO,Mass,0.7031,0
CLI00000615,60,12616,5387,545,103,2,Persona,CO,Mass,0.0356,0
CLI00000616,57,5764,3121,731,71,4,Persona,CO,Mass,0.0451,0
CLI00000617,33,35505,29055,625,27,1,Persona,CO,Premium,0.0682,0
CLI00000618,34,5633,13959,591,97,3,Empresa,CO,Premium,0.2065,0
CLI00000619,21,3896,11255,554,37,4,Persona,CO,Mass,0.2407,0
CLI00000620,26,4931,4299,621,9,2,Persona,CO,Mass,0.0727,0
CLI00000621,44,6034,12402,874,108,1,Persona,CO,Mass,0.1713,0
CLI00000622,47,6961,2737,642,15,3,Persona,CL,Premium,0.0328,0
CLI00000623,28,25883,15276,512,231,4,Persona,CO,Mass,0.0492,0
CLI00000624,43,2499,32173,760,201,5,Persona,CO,Premium,1.0728,0
CLI00000625,55,9771,41400,593,222,4,Persona,CO,Mass,0.3531,0
CLI00000626,32,5803,16457,684,24,4,Persona,CO,Mass,0.2363,0
CLI00000627,38,1398,2034,577,111,3,Persona,CO,Mass,0.1212,0
CLI00000628,40,9104,9870,803,197,5,Persona,CO,Mass,0.0903,0
CLI00000629,49,13549,68849,579,138,5,Persona,CO,Mass,0.4235,0
CLI00000630,40,2475,3399,817,73,5,Persona,PE,Mass,0.1144,0
CLI00000631,63,4879,7637,524,199,5,Persona,CO,Mass,0.1304,0
CLI00000632,38,1236,33307,614,74,3,Persona,PE,Mass,2.2455,0
CLI00000633,44,1795,15019,817,233,5,Persona,CO,Mass,0.6972,0
CLI00000634,41,11366,96776,670,24,4,Persona,CL,Mass,0.7095,0
CLI00000635,29,3384,3893,900,169,4,Persona,CO,Mass,0.0959,0
CLI00000636,60,2024,3011,617,3,4,Persona,CO,Mass,0.124,0
CLI00000637,32,5905,27560,680,219,1,Persona,CO,Premium,0.3889,0
CLI00000638,36,3235,2450,878,85,5,Empresa,CO,Mass,0.0631,0
CLI00000639,67,3372,6655,468,4,2,Persona,CO,Mass,0.1645,0
CLI00000640,76,8879,7588,453,200,4,Persona,CO,Mass,0.0712,0
CLI00000641,59,1940,22833,554,232,5,Persona,CO,Mass,0.9808,0
CLI00000642,74,2382,14976,747,220,1,Persona,CO,Premium,0.5239,0
CLI00000643,70,5559,12798,456,116,2,Persona,CO,Premium,0.1918,1
CLI00000644,47,10673,5418,721,14,5,Persona,US,Mass,0.0423,0
CLI00000645,65,13233,27309,713,54,2,Persona,CO,Mass,0.172,0
CLI00000646,38,2886,453987,891,7,4,Persona,CO,Mass,13.1085,0
CLI00000647,46,10403,16175,775,10,3,Persona,CO,Premium,0.1296,0
CLI00000648,51,2624,8952,693,38,5,Persona,US,Mass,0.2843,0
CLI00000649,77,21183,2213,813,135,3,Persona,CO,Mass,0.0087,0
CLI00000650,70,1984,4283,714,183,3,Persona,CO,Mass,0.1799,0
CLI00000651,48,14225,6543,594,140,1,Persona,CL,Mass,0.0383,0
CLI00000652,58,2906,4747,512,49,3,Persona,CO,Premium,0.1361,0
CLI00000653,30,24602,7973,581,144,3,Persona,CO,Mass,0.027,0
CLI00000654,67,7887,47954,645,55,4,Empresa,CO,Premium,0.5067,0
CLI00000655,52,2180,28202,671,110,4,Persona,CO,Mass,1.078,0
CLI00000656,51,3236,6913,393,213,4,Persona,MX,Mass,0.178,0
CLI00000657,65,9181,2420,623,32,3,Persona,MX,Premium,0.022,0
CLI00000658,57,11408,30864,653,209,1,Persona,CO,Mass,0.2255,0
CLI00000659,22,4644,7715,715,65,2,Persona,CO,Premium,0.1384,0
CLI00000660,35,5093,1441,845,160,3,Persona,CO,Mass,0.0236,0
CLI00000661,28,9015,16521,672,62,5,Persona,CO,Mass,0.1527,0
CLI00000662,63,5461,22599,540,39,4,Persona,CO,Mass,0.3448,0
CLI00000663,20,1746,716,431,108,5,Persona,PE,Premium,0.0342,0
CLI00000664,30,2564,3552,732,91,5,Persona,CO,Mass,0.1154,0
CLI00000665,55,5931,7255,545,121,1,Persona,CO,Mass,0.1019,0
CLI00000666,61,12995,16890,754,56,1,Persona,CO,Premium,0.1083,0
CLI00000667,49,17904,4837,817,234,3,Persona,CO,Mass,0.0225,0
CLI00000668,71,9169,3525,464,161,2,Persona,CO,Premium,0.032,0
CLI00000669,74,6184,16767,716,201,5,Empresa,CO,Mass,0.2259,0
CLI00000670,26,8946,5072,805,187,3,Persona,CO,Premium,0.0472,0
CLI00000671,77,2883,13933,772,173,1,Persona,CO,Premium,0.4027,0
CLI00000672,56,4347,2666,398,34,2,Persona,US,Mass,0.0511,1
CLI00000673,57,2541,2095,547,141,2,Persona,CO,Premium,0.0687,0
CLI00000674,23,1809,17244,496,215,1,Persona,CO,Premium,0.7943,0
CLI00000675,56,6417,10430,712,23,2,Persona,CO,Mass,0.1354,0
CLI00000676,62,5701,20382,699,111,3,Persona,CO,Premium,0.2979,0
CLI00000677,54,8519,4757,326,44,5,Persona,CO,Mass,0.0465,0
CLI00000678,23,7607,3658,613,190,4,Persona,CO,Premium,0.0401,0
CLI00000679,50,5967,31593,746,223,1,Persona,CO,Premium,0.4412,0
CLI00000680,76,7671,1767,667,12,3,Persona,US,Mass,0.0192,0
CLI00000681,62,4749,28323,667,192,4,Persona,US,Mass,0.497,0
CLI00000682,26,6838,30348,606,86,2,Persona,CO,Mass,0.3698,0
CLI00000683,77,2749,19150,522,231,3,Persona,CO,Premium,0.5805,0
CLI00000684,77,6606,4073,647,3,5,Empresa,CO,Premium,0.0514,0
CLI00000685,28,8389,3581,656,45,1,Persona,CO,Premium,0.0356,0
CLI00000686,67,2876,6567,723,172,3,Persona,CO,Premium,0.1903,0
CLI00000687,43,5122,2219,733,186,4,Persona,US,Mass,0.0361,0
CLI00000688,54,2984,3097,660,19,4,Persona,CO,Mass,0.0865,0
CLI00000689,45,3225,15440,781,38,5,Persona,CO,Private,0.399,0
CLI00000690,66,1998,15511,605,81,2,Persona,CO,Mass,0.6469,0
CLI00000691,79,13529,2836,476,8,3,Persona,CO,Mass,0.0175,1
CLI00000692,67,11528,15932,707,187,5,Persona,CO,Mass,0.1152,0
CLI00000693,75,7554,12762,665,160,5,Persona,CO,Mass,0.1408,0
CLI00000694,76,23807,36676,709,179,5,Persona,MX,Mass,0.1284,0
CLI00000695,23,4224,14316,498,112,4,Persona,CO,Mass,0.2824,0
CLI00000696,33,55570,23355,864,153,2,Persona,CO,Mass,0.035,0
CLI00000697,62,4096,13056,735,137,2,Persona,CO,Mass,0.2656,0
CLI00000698,54,6027,21588,615,166,4,Persona,CO,Mass,0.2985,0
CLI00000699,21,3575,2236,537,108,2,Persona,CO,Mass,0.0521,0
CLI00000700,23,6620,7174,779,156,4,Persona,CO,Premium,0.0903,0
CLI00000701,50,9590,7793,517,154,3,Persona,CO,Mass,0.0677,0
CLI00000702,56,4486,6350,900,153,3,Persona,CO,Premium,0.118,0
CLI00000703,28,20360,12630,576,209,2,Persona,US,Mass,0.0517,0
CLI00000704,28,5951,15281,856,83,4,Persona,CO,Mass,0.214,0
CLI00000705,26,6102,11995,627,210,3,Persona,CO,Mass,0.1638,0
CLI00000706,53,2375,6788,839,6,2,Persona,CO,Mass,0.2382,0
CLI00000707,18,6869,3882,561,116,2,Persona,CO,Mass,0.0471,0
CLI00000708,53,4415,24274,652,106,3,Persona,CO,Mass,0.4582,0
CLI00000709,47,3021,11495,746,208,4,Persona,CO,Premium,0.3171,0
CLI00000710,46,2640,2925,729,10,5,Persona,CO,Premium,0.0923,0
CLI00000711,60,41664,6676,782,52,2,Persona,CO,Mass,0.0134,0
CLI00000712,50,3980,1417,591,112,1,Persona,CO,Mass,0.0297,0
CLI00000713,63,1532,8394,660,195,5,Persona,CO,Mass,0.4566,0
CLI00000714,65,2811,6645,799,111,1,Empresa,CO,Premium,0.197,0
CLI00000715,75,4716,4562,565,153,5,Persona,CO,Premium,0.0806,0
CLI00000716,67,7610,39521,718,42,1,Persona,CO,Mass,0.4328,0
CLI00000717,50,7660,2549,623,226,2,Persona,CO,Mass,0.0277,0
CLI00000718,48,8444,16422,674,188,5,Persona,CO,Premium,0.1621,0
CLI00000719,32,2933,72164,660,10,1,Persona,CO,Mass,2.0503,0
CLI00000720,55,6453,23795,555,169,1,Persona,CO,Premium,0.3073,0
CLI00000721,26,2438,7851,618,31,4,Persona,CO,Mass,0.2683,0
CLI00000722,75,2993,2606,667,134,1,Persona,CO,Premium,0.0726,0
CLI00000723,70,2358,2075,637,170,1,Persona,CO,Mass,0.0733,0
CLI00000724,25,1899,5369,838,222,4,Empresa,CO,Premium,0.2356,0
CLI00000725,66,11514,4076,771,16,5,Persona,CO,Mass,0.0295,0
CLI00000726,25,8526,3945,684,68,4,Persona,CO,Mass,0.0386,0
CLI00000727,62,10735,5847,558,165,5,Persona,CO,Premium,0.0454,0
CLI00000728,23,5071,7315,551,62,3,Persona,MX,Mass,0.1202,0
CLI00000729,48,9149,13163,886,171,4,Persona,US,Premium,0.1199,0
CLI00000730,58,1201,2350,528,44,5,Persona,CO,Mass,0.163,0
CLI00000731,63,9803,4095,663,39,3,Persona,CO,Mass,0.0348,0
CLI00000732,43,5662,6907,693,130,1,Persona,US,Mass,0.1017,0
CLI00000733,75,8116,6664,612,165,2,Persona,CO,Mass,0.0684,0
CLI00000734,66,6660,50839,529,49,4,Persona,MX,Mass,0.6361,0
CLI00000735,30,2231,10221,555,209,5,Persona,CO,Premium,0.3818,0
CLI00000736,59,1482,1613,584,208,4,Persona,CO,Mass,0.0907,0
CLI00000737,63,2780,12310,564,19,3,Persona,CO,Mass,0.369,0
CLI00000738,38,7722,13983,809,73,2,Persona,CO,Mass,0.1509,0
CLI00000739,63,8536,7150,648,133,4,Persona,CO,Mass,0.0698,0
CLI00000740,73,1645,2408,587,117,5,Persona,CO,Mass,0.122,0
CLI00000741,68,2241,47007,662,61,2,Persona,MX,Premium,1.7479,0
CLI00000742,65,2755,2779,730,127,3,Persona,CO,Mass,0.0841,0
CLI00000743,57,3692,15689,608,231,3,Persona,CO,Mass,0.3541,0
CLI00000744,34,1653,9897,758,73,2,Persona,CO,Premium,0.4989,0
CLI00000745,67,1575,14776,497,52,3,Persona,CO,Mass,0.7818,1
CLI00000746,40,2546,44661,790,177,1,Empresa,CO,Mass,1.4618,0
CLI00000747,50,5265,14209,648,136,3,Persona,CO,Mass,0.2249,0
CLI00000748,37,1911,4634,644,166,1,Persona,CO,Premium,0.2021,0
CLI00000749,37,4479,24489,566,155,3,Persona,US,Premium,0.4556,0
CLI00000750,27,11462,4310,502,182,5,Persona,MX,Mass,0.0313,0
CLI00000751,77,1734,9542,449,175,1,Persona,CO,Mass,0.4586,0
CLI00000752,27,4166,2223,558,145,2,Persona,CO,Mass,0.0445,0
CLI00000753,23,11156,2883,720,109,4,Persona,CO,Mass,0.0215,0
CLI00000754,76,3517,8530,534,110,5,Persona,CO,Mass,0.2021,0
CLI00000755,52,3105,11708,464,63,5,Empresa,CO,Mass,0.3142,0
CLI00000756,45,12466,1476,540,107,1,Empresa,CO,Premium,0.0099,0
CLI00000757,63,3846,13323,603,145,2,Persona,PE,Mass,0.2887,0
CLI00000758,41,11891,3570,608,171,5,Persona,CO,Mass,0.025,0
CLI00000759,25,6926,29134,634,185,3,Persona,CO,Premium,0.3505,0
CLI00000760,63,3735,5698,773,90,5,Persona,CO,Mass,0.1271,0
CLI00000761,28,7213,2634,799,175,1,Empresa,CO,Mass,0.0304,0
CLI00000762,52,6350,8741,890,104,1,Persona,CO,Premium,0.1147,0
CLI00000763,76,11122,3241,455,86,2,Persona,CO,Premium,0.0243,0
CLI00000764,76,3169,28823,547,39,1,Persona,US,Mass,0.7579,1
CLI00000765,40,5079,8107,733,63,5,Persona,CO,Private,0.133,0
CLI00000766,66,4678,6962,595,163,5,Persona,CO,Mass,0.124,0
CLI00000767,55,8632,14644,753,51,2,Persona,CO,Mass,0.1414,0
CLI00000768,47,2164,2966,674,18,1,Persona,CO,Mass,0.1142,0
CLI00000769,26,11087,2232,839,65,1,Persona,CO,Mass,0.0168,0
CLI00000770,41,7137,12189,775,237,2,Persona,US,Mass,0.1423,0
CLI00000771,58,1713,2698,777,35,4,Persona,CO,Mass,0.1312,0
CLI00000772,79,12921,2697,600,34,5,Persona,MX,Mass,0.0174,0
CLI00000773,18,29356,18708,638,96,3,Persona,CO,Mass,0.0531,0
CLI00000774,62,10954,13698,613,91,5,Empresa,US,Premium,0.1042,0
CLI00000775,70,15391,2312,469,220,5,Persona,CO,Mass,0.0125,0
CLI00000776,76,5262,4362,826,57,4,Persona,CO,Mass,0.0691,0
CLI00000777,44,1300,3282,739,100,1,Persona,CO,Mass,0.2104,0
CLI00000778,25,1124,47873,608,69,5,Persona,CO,Mass,3.549,0
CLI00000779,34,6027,20050,806,59,5,Persona,CO,Mass,0.2772,0
CLI00000780,70,3060,5319,574,77,3,Persona,CO,Mass,0.1448,0
CLI00000781,72,2364,14417,429,61,3,Persona,CO,Mass,0.5082,0
CLI00000782,57,4674,2087,770,172,4,Persona,CO,Mass,0.0372,0
CLI00000783,25,8042,4135,496,189,3,Persona,CO,Mass,0.0428,0
CLI00000784,25,1537,8998,626,42,2,Persona,CO,Mass,0.4878,0
CLI00000785,47,3431,12736,674,119,4,Persona,CO,Premium,0.3093,0
CLI00000786,54,16446,7350,696,63,4,Persona,CO,Mass,0.0372,0
CLI00000787,20,2079,10383,751,208,1,Empresa,US,Premium,0.4162,0
CLI00000788,60,9855,8763,719,24,4,Persona,CO,Mass,0.0741,0
CLI00000789,51,3334,6880,715,98,1,Persona,MX,Mass,0.172,0
CLI00000790,18,7605,6026,555,79,3,Persona,PE,Premium,0.066,0
CLI00000791,23,11823,5290,685,87,1,Persona,CO,Mass,0.0373,0
CLI00000792,46,8893,10218,469,225,5,Persona,CO,Premium,0.0957,0
CLI00000793,62,10171,12219,837,129,4,Persona,CO,Mass,0.1001,0
CLI00000794,69,1956,9880,481,91,3,Empresa,US,Premium,0.4209,0
CLI00000795,44,11979,2493,608,193,3,Persona,CO,Mass,0.0173,0
CLI00000796,36,2484,2984,491,186,4,Persona,CO,Mass,0.1001,0
CLI00000797,78,6048,12074,562,34,1,Persona,CO,Mass,0.1664,0
CLI00000798,46,6042,35301,651,110,3,Persona,CO,Mass,0.4869,0
CLI00000799,37,7245,9437,586,98,4,Persona,CO,Mass,0.1085,0
CLI00000800,45,6435,5368,787,107,2,Empresa,CO,Premium,0.0695,0
CLI00000801,18,2502,10140,677,83,3,Persona,US,Premium,0.3377,0
CLI00000802,36,1669,2599,594,197,2,Empresa,CO,Premium,0.1298,0
CLI00000803,49,9876,29999,633,239,1,Persona,CO,Premium,0.2531,0
CLI00000804,74,5702,9765,796,6,5,Persona,CO,Mass,0.1427,0
CLI00000805,63,12326,4148,759,205,3,Persona,CO,Mass,0.028,0
CLI00000806,66,4741,6858,513,207,2,Persona,CO,Premium,0.1205,0
CLI00000807,51,1596,4783,568,87,2,Persona,CO,Mass,0.2497,0
CLI00000808,24,10645,30081,706,116,4,Persona,PE,Mass,0.2355,0
CLI00000809,42,3654,6619,692,24,1,Persona,CO,Mass,0.1509,0
CLI00000810,79,6461,9465,523,84,3,Persona,CO,Mass,0.1221,0
CLI00000811,20,2927,14381,739,57,2,Persona,CO,Premium,0.4094,0
CLI00000812,72,18314,3863,543,217,5,Persona,CO,Mass,0.0176,0
CLI00000813,60,2437,9835,806,25,4,Persona,CO,Mass,0.3363,0
CLI00000814,35,3752,10661,713,81,4,Persona,CO,Premium,0.2368,0
CLI00000815,66,5355,1712,514,115,1,Persona,CO,Private,0.0266,0
CLI00000816,69,2051,10432,586,234,1,Persona,CO,Mass,0.4238,0
CLI00000817,20,6402,7740,584,196,3,Persona,CO,Premium,0.1007,0
CLI00000818,24,17845,9227,669,224,2,Persona,CO,Mass,0.0431,0
CLI00000819,59,3319,8396,625,74,4,Persona,CO,Mass,0.2108,0
CLI00000820,79,6742,10500,512,64,4,Persona,CO,Mass,0.1298,0
CLI00000821,19,544,30863,482,137,2,Persona,CO,Mass,4.7271,1
CLI00000822,59,4764,2491,715,81,1,Persona,CO,Mass,0.0436,0
CLI00000823,26,3825,5755,684,3,2,Persona,CO,Mass,0.1254,0
CLI00000824,58,2553,15781,662,194,3,Persona,CO,Mass,0.5151,0
CLI00000825,56,11674,13107,682,22,2,Persona,CO,Premium,0.0936,0
CLI00000826,23,3785,12828,575,46,2,Persona,CO,Mass,0.2824,0
CLI00000827,60,4264,127207,672,226,2,Empresa,CO,Mass,2.486,0
CLI00000828,73,3634,14974,900,175,1,Persona,CO,Mass,0.3434,0
CLI00000829,71,1060,25107,790,154,4,Persona,CO,Premium,1.9737,0
CLI00000830,19,1987,5960,615,30,5,Persona,CO,Premium,0.2499,0
CLI00000831,33,10602,3002,587,60,5,Persona,CO,Premium,0.0236,0
CLI00000832,32,908,5917,306,49,5,Persona,CO,Premium,0.543,1
CLI00000833,46,2662,16513,778,153,4,Persona,CO,Mass,0.5169,0
CLI00000834,26,3569,12171,744,120,4,Persona,CO,Mass,0.2842,0
CLI00000835,70,19828,12127,584,86,1,Empresa,CO,Mass,0.051,0
CLI00000836,66,9089,6539,478,179,2,Persona,CO,Premium,0.06,0
CLI00000837,68,3147,5575,511,186,4,Persona,PE,Mass,0.1476,0
CLI00000838,30,13955,6769,703,177,5,Empresa,CO,Mass,0.0404,0
CLI00000839,18,2717,16721,639,25,5,Persona,CO,Mass,0.5128,0
CLI00000840,74,11017,18783,732,146,4,Persona,CO,Premium,0.1421,0
CLI00000841,35,1657,2962,660,50,1,Persona,CO,Mass,0.149,0
CLI00000842,58,11598,17367,766,65,5,Persona,CO,Premium,0.1248,0
CLI00000843,74,3551,4227,694,234,2,Persona,CO,Premium,0.0992,0
CLI00000844,20,2158,12950,749,99,1,Persona,CO,Mass,0.5001,0
CLI00000845,18,4131,6687,399,189,4,Persona,CO,Premium,0.1349,1
CLI00000846,18,6135,38784,501,59,1,Persona,CO,Mass,0.5268,0
CLI00000847,27,3308,5334,606,233,2,Persona,CO,Mass,0.1344,0
CLI00000848,21,7655,9687,779,66,4,Persona,CO,Mass,0.1055,0
CLI00000849,68,3082,14862,875,43,5,Persona,CO,Mass,0.4018,0
CLI00000850,55,8073,3381,630,77,5,Empresa,CO,Mass,0.0349,0
CLI00000851,78,7000,7533,576,41,1,Persona,CO,Premium,0.0897,0
CLI00000852,67,4680,6206,415,143,1,Persona,US,Premium,0.1105,1
CLI00000853,77,3452,4847,753,34,5,Persona,CO,Mass,0.117,0
CLI00000854,32,5548,5220,583,49,2,Persona,CO,Mass,0.0784,0
CLI00000855,35,7632,24637,900,168,1,Persona,CO,Mass,0.269,0
CLI00000856,70,25576,4453,561,10,3,Persona,CO,Mass,0.0145,0
CLI00000857,33,10420,14277,900,105,4,Persona,CO,Private,0.1142,0
CLI00000858,21,10729,11098,739,166,5,Persona,CO,Mass,0.0862,0
CLI00000859,59,58151,2004,526,106,3,Persona,CO,Premium,0.0029,0
CLI00000860,67,7426,13618,677,5,4,Persona,MX,Premium,0.1528,0
CLI00000861,78,7242,1971,742,37,3,Persona,CO,Mass,0.0227,0
CLI00000862,75,8631,15185,622,232,5,Persona,CO,Mass,0.1466,0
CLI00000863,25,2192,4879,750,185,3,Persona,CO,Premium,0.1855,0
CLI00000864,65,3445,8171,747,84,4,Empresa,CO,Mass,0.1976,0
CLI00000865,70,3278,2221,721,209,5,Persona,CO,Mass,0.0565,0
CLI00000866,61,8251,9157,648,1,5,Empresa,CO,Premium,0.0925,0
CLI00000867,68,4275,20474,509,11,3,Persona,CO,Premium,0.3991,0
CLI00000868,69,5489,3615,640,212,3,Persona,CO,Premium,0.0549,0
CLI00000869,45,11730,4415,671,161,3,Persona,CO,Premium,0.0314,0
CLI00000870,20,9803,12767,424,143,1,Persona,CO,Premium,0.1085,0
CLI00000871,46,4318,13090,670,82,2,Persona,CO,Mass,0.2526,0
CLI00000872,30,2875,710,638,196,4,Persona,CO,Mass,0.0206,0
CLI00000873,25,12188,60803,494,145,1,Persona,CO,Premium,0.4157,0
CLI00000874,25,9128,13746,610,104,4,Persona,CO,Mass,0.1255,0
CLI00000875,61,1359,16267,612,91,3,Persona,CO,Premium,0.9974,0
CLI00000876,49,3825,7019,881,85,3,Persona,CO,Mass,0.1529,0
CLI00000877,51,5610,1267,676,138,5,Persona,CO,Mass,0.0188,0
CLI00000878,64,9164,15910,774,157,2,Persona,CO,Premium,0.1447,0
CLI00000879,51,10178,4604,635,193,4,Persona,CO,Premium,0.0377,0
CLI00000880,57,6167,13959,425,97,4,Persona,CO,Mass,0.1886,0
CLI00000881,23,7849,6510,730,60,5,Persona,CO,Mass,0.0691,0
CLI00000882,70,5173,10280,571,133,5,Persona,CO,Mass,0.1656,0
CLI00000883,45,2866,3733,609,140,3,Empresa,CO,Mass,0.1085,0
CLI00000884,27,3987,19233,523,66,2,Persona,CO,Mass,0.402,0
CLI00000885,68,4990,2469,658,17,4,Persona,MX,Private,0.0412,0
CLI00000886,63,4780,76540,777,79,5,Persona,MX,Private,1.3344,0
CLI00000887,21,1087,75958,761,16,2,Persona,CO,Mass,5.8228,0
CLI00000888,29,3576,41468,840,19,2,Persona,CO,Premium,0.9663,0
CLI00000889,18,5140,29012,857,231,3,Persona,CO,Mass,0.4704,0
CLI00000890,34,3924,7446,404,187,1,Persona,CO,Mass,0.1581,0
CLI00000891,24,4034,26018,506,8,2,Persona,CO,Premium,0.5375,0
CLI00000892,62,7261,7360,433,83,1,Persona,CO,Premium,0.0845,0
CLI00000893,50,2073,1713,725,61,4,Persona,CO,Premium,0.0689,0
CLI00000894,78,1336,36431,566,233,3,Persona,CO,Mass,2.2723,0
CLI00000895,64,3719,25054,591,105,4,Persona,CO,Mass,0.5614,0
CLI00000896,55,9056,7853,624,62,1,Persona,CO,Mass,0.0723,0
CLI00000897,49,18959,2379,695,152,3,Empresa,CO,Premium,0.0105,0
CLI00000898,21,9188,4508,471,114,4,Persona,CO,Mass,0.0409,0
CLI00000899,22,1518,1311,498,44,4,Persona,CO,Mass,0.072,0
CLI00000900,56,4081,20849,650,73,4,Persona,CO,Mass,0.4257,0
CLI00000901,18,6034,1630,793,30,1,Empresa,CO,Mass,0.0225,0
CLI00000902,20,5665,10794,646,166,3,Persona,CO,Mass,0.1588,0
CLI00000903,31,7566,3485,555,232,3,Persona,CO,Premium,0.0384,0
CLI00000904,72,2359,1945,392,194,5,Persona,CO,Mass,0.0687,0
CLI00000905,46,5176,10284,764,90,4,Persona,CO,Mass,0.1656,0
CLI00000906,61,6879,5803,561,116,5,Persona,CO,Private,0.0703,0
CLI00000907,43,9514,18735,512,14,1,Persona,CO,Mass,0.1641,1
CLI00000908,28,2579,2281,444,88,3,Persona,CO,Mass,0.0737,0
CLI00000909,41,3728,3799,477,7,4,Persona,CO,Mass,0.0849,0
CLI00000910,23,565,744,534,178,1,Persona,CO,Mass,0.1097,0
CLI00000911,65,2989,912,621,218,4,Persona,CO,Private,0.0254,0
CLI00000912,29,3230,48932,504,45,2,Persona,CO,Mass,1.2624,1
CLI00000913,41,2174,65094,672,161,1,Persona,PE,Premium,2.4951,0
CLI00000914,78,5611,8890,620,143,4,Persona,CO,Mass,0.132,0
CLI00000915,54,4699,3555,900,100,3,Persona,CO,Mass,0.063,0
CLI00000916,46,806,6012,445,176,3,Persona,CO,Mass,0.6215,0
CLI00000917,51,5839,19410,669,163,2,Persona,US,Mass,0.277,0
CLI00000918,66,2338,4844,670,64,4,Persona,CO,Mass,0.1726,0
CLI00000919,33,7248,10276,526,191,4,Persona,MX,Mass,0.1181,0
CLI00000920,57,1762,8000,661,157,4,Persona,CO,Mass,0.3783,0
CLI00000921,72,5034,4587,742,74,4,Persona,CO,Mass,0.0759,0
CLI00000922,53,3918,4787,661,176,4,Persona,CO,Mass,0.1018,0
CLI00000923,45,6263,10865,816,153,1,Empresa,CO,Mass,0.1446,0
CLI00000924,26,5430,3050,388,28,1,Persona,CO,Mass,0.0468,1
CLI00000925,33,4007,12730,548,39,5,Persona,CO,Premium,0.2647,0
CLI00000926,76,1437,5056,827,77,2,Persona,CO,Private,0.2932,0
CLI00000927,51,1507,9203,759,10,3,Persona,CO,Mass,0.5089,0
CLI00000928,36,3080,32336,714,97,2,Persona,CO,Private,0.8749,0
CLI00000929,43,4882,6848,797,110,5,Persona,CO,Mass,0.1169,0
CLI00000930,53,3021,20329,420,186,5,Persona,CO,Premium,0.5608,0
CLI00000931,51,8104,1350,745,41,3,Persona,CO,Mass,0.0139,0
CLI00000932,61,3930,5062,777,136,4,Persona,CO,Mass,0.1073,0
CLI00000933,33,2271,8330,570,159,3,Persona,CL,Premium,0.3057,0
CLI00000934,58,3934,55455,900,107,4,Persona,CO,Mass,1.1747,0
CLI00000935,45,5888,1141,673,217,5,Persona,CO,Premium,0.0161,0
CLI00000936,76,6373,7359,386,76,4,Persona,PE,Premium,0.0962,0
CLI00000937,27,22086,34776,695,97,1,Persona,MX,Mass,0.1312,0
CLI00000938,27,2878,3695,563,0,3,Empresa,MX,Mass,0.107,0
CLI00000939,46,4634,6549,789,98,5,Persona,CO,Mass,0.1178,0
CLI00000940,49,6911,11290,715,4,1,Persona,CO,Mass,0.1361,0
CLI00000941,60,4823,9744,578,236,2,Persona,MX,Mass,0.1684,0
CLI00000942,43,3292,38784,830,57,2,Persona,CO,Mass,0.9817,0
CLI00000943,74,1423,12688,762,194,4,Persona,CO,Mass,0.743,0
CLI00000944,47,3266,30569,550,28,1,Persona,CL,Private,0.78,0
CLI00000945,26,2081,5653,631,65,4,Persona,CO,Mass,0.2264,0
CLI00000946,25,1234,3864,712,28,1,Persona,CO,Mass,0.2609,0
CLI00000947,78,2600,6465,606,88,5,Persona,CO,Mass,0.2072,0
CLI00000948,26,2126,2542,609,144,2,Persona,US,Mass,0.0996,0
CLI00000949,76,7840,13141,654,100,3,Persona,CO,Mass,0.1397,0
CLI00000950,35,7949,5508,522,145,4,Persona,CO,Mass,0.0577,0
CLI00000951,23,2384,4139,382,193,2,Persona,CO,Mass,0.1447,0
CLI00000952,36,3991,13341,678,10,1,Persona,CO,Mass,0.2786,0
CLI00000953,56,1111,2581,411,101,5,Persona,CO,Mass,0.1936,0
CLI00000954,44,3309,17509,530,142,1,Persona,PE,Private,0.4409,0
CLI00000955,66,6762,5022,437,125,3,Persona,CO,Mass,0.0619,0
CLI00000956,55,9508,25824,452,34,1,Persona,CO,Mass,0.2263,1
CLI00000957,42,2778,5471,701,49,4,Persona,CO,Mass,0.1641,0
CLI00000958,57,11401,15243,623,90,2,Persona,CO,Mass,0.1114,0
CLI00000959,78,1461,9696,618,156,5,Persona,MX,Mass,0.553,0
CLI00000960,43,1811,17049,492,237,2,Persona,CO,Mass,0.7845,0
CLI00000961,27,8670,9044,571,88,4,Persona,MX,Mass,0.0869,0
CLI00000962,43,18711,1535,695,125,1,Persona,US,Mass,0.0068,0
CLI00000963,70,7293,22221,643,73,1,Persona,CO,Mass,0.2539,0
CLI00000964,31,4758,7422,748,8,2,Persona,CO,Private,0.13,0
CLI00000965,76,848,17845,765,95,5,Persona,PE,Mass,1.7535,0
CLI00000966,54,974,16159,619,83,5,Persona,CO,Mass,1.3824,0
CLI00000967,55,5450,3739,427,36,4,Persona,US,Mass,0.0572,1
CLI00000968,37,3690,3246,559,161,2,Persona,CO,Premium,0.0733,0
CLI00000969,75,2029,15605,638,62,2,Persona,CO,Mass,0.6409,0
CLI00000970,20,5179,5983,556,53,2,Persona,CO,Mass,0.0963,0
CLI00000971,36,5388,20669,523,93,2,Persona,CO,Mass,0.3197,0
CLI00000972,43,10462,6780,658,231,3,Persona,CO,Mass,0.054,0
CLI00000973,47,5482,22548,900,152,4,Empresa,CO,Mass,0.3428,0
CLI00000974,47,13130,12373,591,102,2,Persona,CO,Mass,0.0785,0
CLI00000975,27,4946,10807,649,196,1,Persona,CO,Mass,0.1821,0
CLI00000976,31,4481,5574,492,5,3,Persona,CO,Mass,0.1037,0
CLI00000977,23,11515,10223,799,80,2,Persona,MX,Private,0.074,0
CLI00000978,53,2246,26711,754,129,3,Empresa,US,Mass,0.991,0
CLI00000979,39,46702,7675,746,117,4,Persona,CO,Mass,0.0137,0
CLI00000980,53,6635,13782,813,162,5,Persona,PE,Mass,0.1731,0
CLI00000981,54,6665,8487,598,168,3,Persona,CO,Premium,0.1061,0
CLI00000982,61,7480,9178,613,109,5,Persona,CO,Premium,0.1022,0
CLI00000983,51,22064,45406,855,223,2,Persona,CO,Mass,0.1715,0
CLI00000984,58,9265,26949,725,222,4,Persona,CO,Mass,0.2424,0
CLI00000985,54,1360,8772,383,114,5,Persona,CO,Mass,0.5375,0
CLI00000986,58,15104,10041,704,216,2,Empresa,US,Mass,0.0554,0
CLI00000987,56,3741,4016,580,153,4,Persona,CO,Mass,0.0895,0
CLI00000988,37,5354,6816,757,33,3,Persona,CO,Mass,0.1061,0
CLI00000989,33,1766,11041,698,28,5,Persona,CO,Premium,0.521,0
CLI00000990,66,7487,18969,441,19,2,Persona,CO,Mass,0.2111,0
CLI00000991,39,2918,17140,682,50,5,Persona,CO,Mass,0.4895,0
CLI00000992,52,5324,2672,675,74,4,Persona,CO,Mass,0.0418,0
CLI00000993,30,3915,21525,693,16,4,Empresa,CO,Mass,0.4582,0
CLI00000994,44,22925,7414,719,145,1,Persona,CO,Mass,0.027,0
CLI00000995,50,23999,3019,829,98,1,Persona,CO,Mass,0.0105,0
CLI00000996,56,5101,30834,699,144,4,Persona,CO,Mass,0.5037,0
CLI00000997,50,5172,35006,652,120,3,Persona,CO,Mass,0.564,0
CLI00000998,40,3645,10548,787,65,2,Persona,CO,Mass,0.2411,0
CLI00000999,77,11906,16461,900,147,5,Persona,CO,Private,0.1152,0
CLI00001000,49,3777,17456,759,228,3,Persona,CO,Premium,0.3851,0
CLI00001001,68,3508,32720,674,76,3,Persona,CO,Mass,0.7773,0
CLI00001002,63,10752,16782,701,73,2,Persona,CO,Mass,0.1301,0
CLI00001003,52,3195,2148,680,123,5,Persona,CO,Mass,0.056,0
CLI00001004,72,4768,60464,652,193,2,Persona,CO,Mass,1.0567,0
CLI00001005,25,1387,23521,900,127,2,Persona,CO,Mass,1.4131,0
CLI00001006,75,8633,4868,560,199,4,Persona,CO,Premium,0.047,0
CLI00001007,70,23218,2893,788,17,1,Persona,CO,Premium,0.0104,0
CLI00001008,49,8751,13424,634,23,3,Persona,CO,Mass,0.1278,0
CLI00001009,63,15826,6134,472,97,3,Persona,CO,Premium,0.0323,0
CLI00001010,50,2497,11271,627,55,2,Empresa,CO,Mass,0.3761,0
CLI00001011,34,5937,17041,584,5,4,Empresa,CO,Premium,0.2392,0
CLI00001012,67,2311,4598,719,51,1,Persona,CO,Mass,0.1658,0
CLI00001013,33,4096,2654,660,65,5,Persona,CO,Premium,0.054,0
CLI00001014,37,9115,11918,527,220,5,Persona,US,Mass,0.109,0
CLI00001015,50,5331,4753,826,187,1,Persona,CO,Mass,0.0743,0
CLI00001016,69,1587,9377,780,84,3,Persona,CO,Mass,0.4924,0
CLI00001017,41,1716,2114,840,229,1,Persona,CO,Mass,0.1027,0
CLI00001018,48,1627,6296,678,200,4,Empresa,CO,Mass,0.3225,0
CLI00001019,20,7282,16563,645,60,2,Persona,CO,Mass,0.1895,0
CLI00001020,25,25619,14852,734,114,3,Persona,CO,Premium,0.0483,0
CLI00001021,21,14617,3683,580,221,5,Persona,CO,Mass,0.021,0
CLI00001022,22,1078,2519,665,109,4,Persona,CO,Mass,0.1947,0
CLI00001023,71,15319,8231,628,89,5,Persona,CO,Mass,0.0448,0
CLI00001024,70,10395,14200,474,216,4,Empresa,CO,Mass,0.1138,0
CLI00001025,68,1427,12151,665,158,3,Empresa,CO,Mass,0.7095,0
CLI00001026,21,3856,4855,597,105,1,Persona,CO,Mass,0.1049,0
CLI00001027,22,11806,10914,620,208,1,Persona,CO,Premium,0.077,0
CLI00001028,35,7633,36401,693,178,3,Persona,CO,Mass,0.3974,0
CLI00001029,53,1724,9948,802,83,3,Empresa,CO,Mass,0.4808,0
CLI00001030,38,8011,1582,548,101,3,Persona,CO,Mass,0.0165,0
CLI00001031,48,888,9928,609,11,5,Persona,CO,Premium,0.9316,0
CLI00001032,28,4112,62564,558,24,1,Persona,CO,Premium,1.2679,0
CLI00001033,63,12214,2236,550,229,4,Persona,CO,Mass,0.0153,0
CLI00001034,37,4987,8347,578,12,4,Persona,CO,Mass,0.1395,0
CLI00001035,22,3297,6461,626,200,4,Persona,CO,Premium,0.1633,0
CLI00001036,64,10011,8918,720,49,2,Persona,CO,Mass,0.0742,0
CLI00001037,73,10719,9840,688,129,3,Persona,CO,Mass,0.0765,0
CLI00001038,18,14017,25335,523,173,1,Persona,CO,Mass,0.1506,0
CLI00001039,45,9891,8820,805,237,1,Persona,CO,Mass,0.0743,0
CLI00001040,69,11673,29064,763,89,5,Persona,CO,Mass,0.2075,0
CLI00001041,61,8833,7203,541,222,4,Empresa,CO,Mass,0.068,0
CLI00001042,71,6077,5709,796,108,5,Persona,CO,Mass,0.0783,0
CLI00001043,43,5279,4149,689,208,4,Persona,CO,Mass,0.0655,0
CLI00001044,41,4065,1316,631,24,2,Persona,CO,Premium,0.027,0
CLI00001045,61,1863,10676,692,64,5,Persona,US,Mass,0.4775,0
CLI00001046,27,2288,63196,646,149,4,Persona,CO,Premium,2.3016,0
CLI00001047,32,3922,12813,715,169,1,Persona,CO,Mass,0.2722,0
CLI00001048,55,5962,16102,672,192,1,Persona,MX,Mass,0.2251,0
CLI00001049,59,15562,5361,609,85,4,Persona,CO,Mass,0.0287,0
CLI00001050,25,4753,6346,406,149,4,Persona,CO,Premium,0.1113,0
CLI00001051,49,10968,21690,713,148,1,Persona,CO,Mass,0.1648,0
CLI00001052,40,11654,60396,605,236,3,Persona,CO,Mass,0.4319,0
CLI00001053,49,4084,35880,743,28,5,Persona,CO,Private,0.7321,0
CLI00001054,77,7908,18128,707,3,4,Persona,CO,Mass,0.191,0
CLI00001055,22,4044,8392,608,137,5,Persona,CO,Mass,0.1729,0
CLI00001056,79,14153,9993,772,3,2,Persona,CO,Premium,0.0588,0
CLI00001057,45,8173,3814,674,47,1,Persona,CO,Mass,0.0389,0
CLI00001058,65,1896,1904,669,120,2,Persona,CO,Mass,0.0837,0
CLI00001059,44,5592,2625,633,64,4,Persona,CO,Private,0.0391,0
CLI00001060,37,18370,8516,852,63,5,Persona,CO,Mass,0.0386,0
CLI00001061,65,4251,6051,564,83,4,Persona,CO,Mass,0.1186,0
CLI00001062,60,7031,1864,611,164,1,Persona,CO,Mass,0.0221,0
CLI00001063,26,7606,7806,501,87,3,Persona,CO,Premium,0.0855,0
CLI00001064,61,2144,5893,737,190,1,Persona,CO,Mass,0.229,0
CLI00001065,64,7395,2507,580,38,4,Persona,CO,Mass,0.0283,0
CLI00001066,42,1611,5596,593,24,3,Persona,CO,Premium,0.2895,0
CLI00001067,75,2979,5878,587,39,3,Empresa,CO,Premium,0.1644,0
CLI00001068,57,11621,4373,657,220,3,Persona,CO,Mass,0.0314,0
CLI00001069,38,6538,20469,499,66,4,Persona,CO,Premium,0.2609,0
CLI00001070,18,3852,1208,380,7,1,Persona,US,Mass,0.0261,1
CLI00001071,59,7024,1112,704,75,5,Persona,CO,Premium,0.0132,0
CLI00001072,30,4684,8129,396,165,3,Persona,CO,Mass,0.1446,0
CLI00001073,64,4964,8920,752,86,3,Persona,CO,Mass,0.1497,0
CLI00001074,50,8311,12139,837,92,2,Persona,CO,Mass,0.1217,0
CLI00001075,46,2746,4726,630,20,1,Persona,CO,Mass,0.1434,0
CLI00001076,28,5075,3235,805,160,4,Persona,CO,Mass,0.0531,0
CLI00001077,62,3828,8044,647,52,2,Persona,CO,Premium,0.1751,0
CLI00001078,28,1382,5210,841,23,5,Persona,CO,Mass,0.3141,0
CLI00001079,43,2353,38218,595,171,4,Persona,US,Premium,1.3535,0
CLI00001080,69,17232,5859,366,224,3,Persona,CO,Mass,0.0283,0
CLI00001081,75,6686,7683,640,146,1,Persona,CO,Mass,0.0958,0
CLI00001082,79,1704,96318,854,224,3,Persona,US,Mass,4.7102,0
CLI00001083,77,1433,6669,714,96,5,Persona,CO,Mass,0.3878,0
CLI00001084,52,4492,14131,588,124,3,Empresa,CO,Mass,0.2621,0
CLI00001085,30,17136,15464,689,85,4,Persona,MX,Mass,0.0752,0
CLI00001086,70,4232,16838,766,122,1,Persona,CO,Mass,0.3316,0
CLI00001087,67,13983,10823,639,214,3,Persona,CO,Mass,0.0645,0
CLI00001088,79,6512,9836,900,152,4,Persona,CO,Premium,0.1259,0
CLI00001089,58,7165,8958,587,6,3,Persona,CO,Premium,0.1042,0
CLI00001090,26,1688,4555,770,139,5,Persona,US,Premium,0.2249,0
CLI00001091,49,10404,11220,741,90,3,Persona,CO,Mass,0.0899,0
CLI00001092,45,3759,61614,566,130,5,Persona,CO,Premium,1.3659,0
CLI00001093,70,9803,27192,599,133,4,Persona,CO,Premium,0.2312,0
CLI00001094,42,2562,10980,772,141,5,Persona,CO,Mass,0.3571,0
CLI00001095,38,5662,19069,667,207,3,Persona,CO,Mass,0.2807,0
CLI00001096,22,6513,3397,690,206,3,Persona,CO,Premium,0.0435,0
CLI00001097,69,4344,6244,453,233,2,Empresa,CO,Premium,0.1198,0
CLI00001098,64,6792,20907,728,146,4,Persona,CO,Premium,0.2565,0
CLI00001099,20,3971,35852,684,68,5,Persona,CO,Mass,0.7524,0
CLI00001100,44,2924,3748,642,47,1,Persona,CO,Premium,0.1068,0
CLI00001101,47,17754,4996,693,203,5,Persona,CO,Mass,0.0235,0
CLI00001102,47,11374,71781,600,219,5,Persona,CO,Mass,0.5259,0
CLI00001103,74,2673,8921,578,8,4,Persona,CO,Mass,0.2781,0
CLI00001104,27,7744,50179,620,51,3,Persona,CO,Mass,0.54,0
CLI00001105,36,2713,9965,594,163,5,Persona,CO,Mass,0.3061,0
CLI00001106,29,1905,10364,900,39,2,Persona,CO,Mass,0.4533,0
CLI00001107,33,11237,5970,759,12,4,Persona,CO,Premium,0.0443,0
CLI00001108,74,1257,20796,533,239,5,Empresa,CO,Mass,1.3786,0
CLI00001109,76,10316,31501,894,23,5,Persona,CO,Mass,0.2545,0
CLI00001110,20,4015,2878,598,51,3,Persona,CO,Mass,0.0597,0
CLI00001111,57,4149,5696,653,237,2,Persona,US,Premium,0.1144,0
CLI00001112,32,6821,20233,757,24,5,Persona,CO,Premium,0.2472,0
CLI00001113,29,7824,7118,413,191,4,Persona,CO,Mass,0.0758,0
CLI00001114,36,2537,4947,621,134,4,Persona,CO,Mass,0.1625,0
CLI00001115,30,8727,22237,581,129,4,Persona,CO,Premium,0.2123,0
CLI00001116,48,5381,24427,674,198,5,Persona,CO,Mass,0.3783,0
CLI00001117,79,1799,5168,694,5,3,Persona,CO,Mass,0.2394,0
CLI00001118,54,4290,10020,640,14,3,Persona,US,Mass,0.1946,0
CLI00001119,62,14839,2420,635,46,5,Persona,US,Mass,0.0136,0
CLI00001120,48,18793,3309,777,117,3,Persona,US,Mass,0.0147,0
CLI00001121,18,8724,9174,686,230,2,Persona,CL,Mass,0.0876,0
CLI00001122,23,1896,8361,654,16,4,Persona,CO,Mass,0.3675,0
CLI00001123,34,7277,3081,667,100,2,Persona,CO,Mass,0.0353,0
CLI00001124,33,9707,3960,870,102,1,Empresa,CO,Mass,0.034,0
CLI00001125,70,8782,2793,670,47,2,Persona,CO,Mass,0.0265,0
CLI00001126,70,9209,12772,588,82,1,Empresa,CO,Mass,0.1156,0
CLI00001127,70,6572,1132,420,48,5,Persona,CO,Mass,0.0144,1
CLI00001128,57,4638,2946,477,32,5,Persona,CO,Mass,0.0529,0
CLI00001129,52,3020,1257,593,125,2,Empresa,CO,Mass,0.0347,0
CLI00001130,58,1076,12320,636,223,5,Persona,CO,Private,0.9541,0
CLI00001131,43,6449,1335,583,96,4,Persona,MX,Mass,0.0173,0
CLI00001132,59,5703,8364,692,152,5,Persona,CO,Mass,0.1222,0
CLI00001133,67,7677,41752,581,160,1,Persona,CO,Mass,0.4532,0
CLI00001134,65,1685,43193,540,202,1,Empresa,CO,Mass,2.136,0
CLI00001135,56,8233,1331,723,197,5,Persona,CO,Premium,0.0135,0
CLI00001136,21,25428,10920,814,217,2,Persona,CO,Mass,0.0358,0
CLI00001137,62,5233,3014,517,195,3,Persona,CO,Mass,0.048,0
CLI00001138,40,4678,2457,679,223,5,Persona,CO,Mass,0.0438,0
CLI00001139,64,6293,7233,421,231,2,Persona,CO,Mass,0.0958,0
CLI00001140,51,24980,27675,473,179,1,Persona,US,Mass,0.0923,0
CLI00001141,72,2166,14759,579,118,4,Persona,CO,Mass,0.5678,0
CLI00001142,38,5782,3963,786,73,3,Persona,CO,Premium,0.0571,0
CLI00001143,75,2592,16399,556,137,1,Persona,CO,Mass,0.5272,0
CLI00001144,70,3172,859,552,198,2,Persona,CO,Mass,0.0226,0
CLI00001145,38,4723,3816,654,180,3,Persona,CO,Mass,0.0673,0
CLI00001146,47,14441,3554,654,124,5,Persona,CO,Mass,0.0205,0
CLI00001147,50,20760,8763,555,18,2,Persona,CO,Mass,0.0352,0
CLI00001148,65,7034,6615,888,65,3,Persona,CO,Mass,0.0784,0
CLI00001149,60,3636,7034,618,138,1,Persona,CO,Private,0.1612,0
CLI00001150,70,36105,6804,663,92,2,Persona,US,Mass,0.0157,0
CLI00001151,40,3491,8286,601,109,2,Persona,CO,Mass,0.1978,0
CLI00001152,49,3112,13906,702,72,3,Persona,CO,Mass,0.3724,0
CLI00001153,44,1188,9408,798,18,4,Persona,CO,Mass,0.6599,0
CLI00001154,74,15016,6097,849,111,1,Persona,PE,Mass,0.0338,0
CLI00001155,36,10663,12109,558,106,1,Persona,CO,Premium,0.0946,0
CLI00001156,54,34004,18511,782,187,4,Persona,CO,Mass,0.0454,0
CLI00001157,25,1617,4646,715,26,2,Persona,CO,Mass,0.2394,0
CLI00001158,70,15780,7635,766,116,4,Empresa,CO,Premium,0.0403,0
CLI00001159,41,5198,25897,638,204,1,Persona,PE,Mass,0.4152,0
CLI00001160,39,9366,2689,627,64,4,Empresa,CO,Mass,0.0239,0
CLI00001161,54,1315,49251,762,75,5,Persona,CO,Mass,3.1209,0
CLI00001162,48,15906,2123,764,20,3,Persona,CO,Mass,0.0111,0
CLI00001163,70,9220,5736,837,137,3,Persona,CO,Mass,0.0518,0
CLI00001164,50,4764,3133,673,205,2,Persona,CO,Premium,0.0548,0
CLI00001165,50,8234,72252,637,115,2,Empresa,CO,Premium,0.7312,0
CLI00001166,24,2664,4898,354,100,1,Persona,CO,Mass,0.1532,1
CLI00001167,19,3091,4910,456,179,3,Persona,PE,Premium,0.1324,0
CLI00001168,42,3392,5592,602,106,5,Empresa,CO,Mass,0.1374,0
CLI00001169,79,1116,8916,517,95,1,Persona,CO,Premium,0.6657,0
CLI00001170,74,9792,5834,747,183,3,Persona,US,Mass,0.0496,0
CLI00001171,56,12749,7094,492,68,5,Persona,CO,Mass,0.0464,0
CLI00001172,57,2804,237,589,203,3,Persona,CO,Mass,0.007,0
CLI00001173,42,6493,8579,594,64,4,Empresa,CO,Mass,0.1101,0
CLI00001174,29,3974,8248,794,122,2,Persona,US,Premium,0.173,0
CLI00001175,18,6390,22892,577,60,4,Persona,CO,Mass,0.2985,0
CLI00001176,39,2974,30003,704,151,5,Persona,CO,Premium,0.8407,0
CLI00001177,37,2424,6716,673,104,3,Persona,CO,Mass,0.2309,0
CLI00001178,29,11403,18328,758,57,4,Persona,CO,Mass,0.1339,0
CLI00001179,34,4669,2693,752,178,4,Persona,CO,Mass,0.0481,0
CLI00001180,19,24777,17454,645,224,1,Persona,CO,Mass,0.0587,0
CLI00001181,55,5100,4571,446,6,1,Persona,CO,Mass,0.0747,0
CLI00001182,75,2342,2478,622,136,4,Persona,PE,Mass,0.0882,0
CLI00001183,60,13115,6730,647,172,2,Persona,CO,Premium,0.0428,0
CLI00001184,45,8140,32875,684,172,3,Persona,MX,Mass,0.3366,0
CLI00001185,44,8791,9710,561,52,3,Persona,CO,Mass,0.092,0
CLI00001186,37,12739,36188,786,27,4,Persona,US,Mass,0.2367,0
CLI00001187,26,2915,3832,651,123,5,Persona,CO,Mass,0.1095,0
CLI00001188,55,4439,23106,539,152,5,Persona,CO,Premium,0.4338,0
CLI00001189,53,4284,4221,595,69,1,Persona,CO,Mass,0.0821,0
CLI00001190,18,1750,10151,881,88,4,Persona,CO,Mass,0.4834,0
CLI00001191,43,3980,10063,729,127,4,Persona,CO,Mass,0.2107,0
CLI00001192,35,14315,15701,775,108,5,Persona,CO,Mass,0.0914,0
CLI00001193,28,5942,10412,525,116,3,Persona,CO,Mass,0.146,0
CLI00001194,61,1674,3869,567,163,3,Persona,CO,Mass,0.1926,0
CLI00001195,50,1415,19541,568,236,3,Empresa,CO,Premium,1.1508,0
CLI00001196,57,18616,45782,672,191,2,Persona,CO,Mass,0.2049,0
CLI00001197,62,4572,4519,629,1,2,Persona,US,Mass,0.0824,0
CLI00001198,78,2927,1293,591,83,4,Persona,CO,Mass,0.0368,0
CLI00001199,67,3947,13350,606,2,1,Persona,CO,Mass,0.2819,0
CLI00001200,56,1507,5818,554,209,4,Persona,CO,Premium,0.3217,0
CLI00001201,72,15343,7107,628,154,5,Persona,CO,Premium,0.0386,0
CLI00001202,47,3588,14131,783,52,2,Persona,CO,Mass,0.3282,0
CLI00001203,79,14675,5133,468,201,2,Persona,PE,Mass,0.0291,0
CLI00001204,65,5122,6192,691,135,3,Persona,MX,Premium,0.1007,0
CLI00001205,58,15423,7331,815,12,5,Persona,CO,Mass,0.0396,0
CLI00001206,74,6035,35233,628,36,1,Persona,CO,Mass,0.4865,0
CLI00001207,49,9726,8350,586,194,3,Persona,CO,Mass,0.0715,0
CLI00001208,62,8736,2355,760,69,2,Persona,CO,Mass,0.0225,0
CLI00001209,35,8092,2450,531,125,5,Empresa,CO,Mass,0.0252,0
CLI00001210,77,6492,9313,647,214,5,Persona,CO,Mass,0.1195,0
CLI00001211,56,4079,2619,525,69,1,Persona,CO,Premium,0.0535,0
CLI00001212,66,22750,1698,425,2,1,Persona,PE,Mass,0.0062,0
CLI00001213,46,2379,15298,631,20,1,Empresa,CO,Mass,0.5359,0
CLI00001214,71,4931,16066,498,219,5,Persona,CO,Mass,0.2715,0
CLI00001215,22,4973,5607,648,143,5,Persona,CO,Mass,0.094,0
CLI00001216,25,6781,10868,783,78,2,Persona,CO,Premium,0.1336,0
CLI00001217,49,3485,9780,872,18,1,Persona,CO,Mass,0.2339,0
CLI00001218,63,6322,14800,661,166,4,Persona,MX,Mass,0.1951,0
CLI00001219,68,4293,14835,772,9,5,Persona,CO,Premium,0.288,0
CLI00001220,45,1386,598,697,22,5,Persona,CO,Mass,0.036,0
CLI00001221,58,4952,6370,604,142,3,Persona,CO,Mass,0.1072,0
CLI00001222,52,2037,13601,419,153,4,Persona,CO,Mass,0.5564,0
CLI00001223,77,1227,5375,845,136,5,Persona,CO,Mass,0.365,0
CLI00001224,58,5483,8401,524,218,5,Persona,PE,Mass,0.1277,0
CLI00001225,43,7261,17166,815,64,3,Persona,CO,Mass,0.197,0
CLI00001226,78,7490,8786,714,133,2,Persona,US,Mass,0.0978,0
CLI00001227,24,7736,36604,532,73,2,Persona,CO,Mass,0.3943,0
CLI00001228,79,1047,25008,687,86,2,Persona,US,Premium,1.9903,0
CLI00001229,27,1654,7197,900,36,5,Persona,US,Mass,0.3626,0
CLI00001230,35,23832,6647,834,190,4,Persona,CO,Mass,0.0232,0
CLI00001231,68,2126,468,588,168,5,Persona,CO,Mass,0.0183,0
CLI00001232,63,8011,5845,564,171,4,Persona,US,Mass,0.0608,0
CLI00001233,78,2836,2093,662,34,3,Persona,US,Mass,0.0615,0
CLI00001234,64,5238,10109,630,28,4,Persona,CO,Mass,0.1608,0
CLI00001235,57,2961,9441,793,187,4,Persona,MX,Mass,0.2657,0
CLI00001236,39,7701,16250,738,159,4,Persona,US,Mass,0.1758,0
CLI00001237,18,5483,32750,446,7,2,Empresa,CO,Mass,0.4977,1
CLI00001238,25,3433,7892,705,159,2,Persona,CO,Mass,0.1916,0
CLI00001239,36,2121,79254,628,235,1,Persona,CO,Mass,3.1137,0
CLI00001240,20,6088,10223,654,180,2,Persona,CO,Premium,0.1399,0
CLI00001241,49,1862,2185,679,66,5,Persona,US,Mass,0.0978,0
CLI00001242,66,6918,4618,793,75,5,Persona,US,Mass,0.0556,0
CLI00001243,77,40182,5581,767,180,1,Persona,CO,Mass,0.0116,0
CLI00001244,48,14474,14648,560,96,3,Persona,CO,Mass,0.0843,0
CLI00001245,72,8731,3142,642,176,5,Persona,CO,Mass,0.03,0
CLI00001246,79,4589,6015,596,230,4,Persona,CO,Mass,0.1092,0
CLI00001247,71,1042,6897,448,97,4,Persona,CO,Mass,0.5515,0
CLI00001248,46,1706,5176,636,137,3,Persona,CO,Mass,0.2528,0
CLI00001249,38,13714,18240,871,117,2,Persona,CO,Mass,0.1108,0
CLI00001250,78,2612,15387,444,122,5,Persona,CO,Premium,0.4909,0
CLI00001251,32,2809,26018,647,18,1,Persona,US,Mass,0.7718,0
CLI00001252,43,4304,5819,643,236,5,Persona,CO,Mass,0.1127,0
CLI00001253,22,2101,26971,684,129,5,Persona,CO,Mass,1.0697,0
CLI00001254,67,1841,2071,534,55,2,Persona,PE,Mass,0.0937,0
CLI00001255,58,4720,2021,478,137,3,Empresa,US,Mass,0.0357,0
CLI00001256,23,2408,2407,484,95,5,Persona,CO,Mass,0.0833,0
CLI00001257,31,2716,8178,809,197,3,Persona,CO,Mass,0.2509,0
CLI00001258,52,2630,26967,532,182,2,Persona,CO,Premium,0.8544,0
CLI00001259,51,7464,4437,590,91,1,Persona,CO,Mass,0.0495,0
CLI00001260,67,4081,5030,900,171,3,Persona,CO,Premium,0.1027,0
CLI00001261,34,4260,6528,561,7,2,Persona,CO,Premium,0.1277,0
CLI00001262,75,7923,14368,691,232,5,Persona,CO,Mass,0.1511,0
CLI00001263,45,4386,5025,777,122,5,Persona,CO,Premium,0.0955,0
CLI00001264,69,3933,4753,771,157,2,Persona,PE,Mass,0.1007,0
CLI00001265,32,7160,2110,490,154,2,Persona,CO,Mass,0.0246,0
CLI00001266,20,8388,4574,564,75,2,Empresa,CO,Private,0.0454,0
CLI00001267,21,4369,26303,686,165,3,Persona,CO,Mass,0.5017,0
CLI00001268,41,5242,8874,881,95,4,Persona,CO,Premium,0.1411,0
CLI00001269,77,2629,3866,558,163,1,Persona,CO,Premium,0.1225,0
CLI00001270,21,2468,27893,590,21,5,Persona,CO,Premium,0.9418,0
CLI00001271,40,9093,4513,700,35,4,Persona,MX,Mass,0.0414,0
CLI00001272,24,7016,33521,724,221,1,Persona,MX,Mass,0.3981,0
CLI00001273,75,7074,32978,731,176,2,Persona,MX,Mass,0.3885,0
CLI00001274,59,6152,8569,548,30,4,Persona,CO,Mass,0.1161,0
CLI00001275,65,5099,1810,586,51,3,Persona,CO,Premium,0.0296,0
CLI00001276,62,8579,79977,675,130,3,Persona,CO,Mass,0.7769,0
CLI00001277,58,10384,11935,801,1,1,Persona,CO,Mass,0.0958,0
CLI00001278,65,10188,5861,621,96,3,Persona,CO,Private,0.0479,0
CLI00001279,18,4534,21081,647,78,4,Persona,CO,Mass,0.3875,0
CLI00001280,71,14907,16355,526,32,4,Empresa,CO,Premium,0.0914,0
CLI00001281,63,5900,30059,873,71,3,Persona,US,Mass,0.4246,0
CLI00001282,63,8151,4178,668,70,3,Persona,CO,Mass,0.0427,0
CLI00001283,42,6159,11141,779,16,2,Persona,CL,Mass,0.1507,0
CLI00001284,67,5988,2475,653,152,4,Persona,CO,Mass,0.0344,0
CLI00001285,41,2728,15777,660,65,4,Persona,CO,Premium,0.4819,0
CLI00001286,21,8613,7919,469,7,4,Persona,CO,Mass,0.0766,1
CLI00001287,74,47869,10732,391,5,4,Persona,CO,Mass,0.0187,0
CLI00001288,32,3641,6999,800,231,5,Persona,MX,Premium,0.1602,0
CLI00001289,24,5201,6304,659,28,5,Persona,CO,Mass,0.101,0
CLI00001290,56,3439,3400,674,218,5,Persona,CO,Mass,0.0824,0
CLI00001291,32,3326,17861,500,39,2,Persona,CO,Mass,0.4475,0
CLI00001292,71,16908,35943,541,20,1,Empresa,CO,Premium,0.1771,0
CLI00001293,45,2868,4644,777,130,1,Persona,CO,Premium,0.1349,0
CLI00001294,18,3363,14094,858,208,4,Empresa,CO,Mass,0.3492,0
CLI00001295,77,1380,12483,575,17,5,Persona,CO,Mass,0.7538,0
CLI00001296,49,2680,8168,730,78,4,Persona,CO,Private,0.254,0
CLI00001297,34,1252,1760,672,180,4,Persona,CO,Premium,0.1171,0
CLI00001298,59,8147,2204,635,16,1,Persona,CO,Mass,0.0225,0
CLI00001299,50,46154,3710,872,40,3,Persona,CO,Mass,0.0067,0
CLI00001300,19,3665,954,595,73,4,Empresa,CO,Mass,0.0217,0
CLI00001301,65,1295,33124,798,193,1,Persona,CO,Mass,2.1314,0
CLI00001302,42,10097,11704,695,194,4,Empresa,CO,Mass,0.0966,0
CLI00001303,61,2747,7863,647,170,2,Persona,CO,Mass,0.2385,0
CLI00001304,73,13897,906,814,159,1,Persona,CO,Mass,0.0054,0
CLI00001305,55,3922,1307,684,6,4,Persona,CO,Premium,0.0278,0
CLI00001306,59,2964,8084,638,57,3,Persona,CO,Mass,0.2273,0
CLI00001307,33,4262,58133,815,221,3,Persona,CO,Premium,1.1366,0
CLI00001308,32,9011,4029,799,172,3,Persona,US,Mass,0.0373,0
CLI00001309,43,4097,19221,794,57,4,Persona,US,Private,0.3909,0
CLI00001310,70,3303,5014,300,169,3,Persona,CO,Mass,0.1265,0
CLI00001311,50,4192,8563,702,173,5,Persona,CO,Mass,0.1702,0
CLI00001312,39,1776,27301,675,178,5,Persona,CO,Mass,1.281,0
CLI00001313,66,6752,5733,645,235,3,Persona,CO,Mass,0.0708,0
CLI00001314,70,1176,4063,723,129,1,Empresa,CO,Mass,0.2879,0
CLI00001315,73,3445,33458,681,14,2,Persona,CL,Premium,0.8093,0
CLI00001316,36,9022,8480,731,196,4,Persona,CO,Mass,0.0783,0
CLI00001317,61,6263,24129,617,3,2,Persona,CO,Premium,0.321,0
CLI00001318,54,7881,4083,829,153,4,Persona,CO,Mass,0.0432,0
CLI00001319,45,4665,33079,743,191,4,Empresa,CO,Mass,0.5909,0
CLI00001320,42,12528,10653,715,30,3,Persona,MX,Mass,0.0709,0
CLI00001321,25,10298,12516,709,191,1,Persona,CO,Mass,0.1013,0
CLI00001322,35,7022,9243,788,194,3,Persona,CO,Mass,0.1097,0
CLI00001323,52,10322,4887,772,156,4,Persona,CO,Mass,0.0395,0
CLI00001324,72,8958,8089,636,77,1,Persona,CO,Mass,0.0752,0
CLI00001325,71,3457,5205,768,48,5,Persona,CO,Mass,0.1255,0
CLI00001326,29,1677,21153,670,169,1,Persona,CO,Mass,1.0511,0
CLI00001327,60,6879,6613,880,37,3,Persona,CO,Mass,0.0801,0
CLI00001328,23,7607,1814,781,162,3,Persona,CO,Mass,0.0199,0
CLI00001329,59,11759,1511,574,40,4,Persona,CO,Mass,0.0107,0
CLI00001330,39,2323,1441,900,80,2,Persona,US,Premium,0.0517,0
CLI00001331,45,2379,15032,397,121,2,Persona,CO,Mass,0.5265,0
CLI00001332,62,7100,2561,726,38,5,Persona,CO,Premium,0.0301,0
CLI00001333,44,4642,10938,566,190,2,Persona,US,Mass,0.1964,0
CLI00001334,68,1087,9288,875,166,4,Persona,CO,Private,0.712,0
CLI00001335,51,6634,7595,680,3,2,Persona,CL,Mass,0.0954,0
CLI00001336,79,1116,12561,554,203,1,Persona,CO,Mass,0.9379,0
CLI00001337,57,2307,9492,618,172,3,Persona,CO,Mass,0.3429,0
CLI00001338,36,14491,539,564,201,2,Persona,CO,Premium,0.0031,0
CLI00001339,66,21160,5862,613,144,2,Persona,PE,Mass,0.0231,0
CLI00001340,43,1858,12395,610,150,5,Persona,CO,Premium,0.5559,0
CLI00001341,51,3776,41784,559,92,4,Persona,CO,Mass,0.9221,0
CLI00001342,26,5085,43759,682,54,2,Persona,CO,Mass,0.7171,0
CLI00001343,25,20434,2073,696,56,3,Persona,CO,Premium,0.0085,0
CLI00001344,53,3313,5711,530,75,4,Persona,CO,Mass,0.1436,0
CLI00001345,29,3355,1692,451,69,1,Persona,CO,Mass,0.042,0
CLI00001346,79,16966,37044,687,181,1,Persona,CO,Premium,0.182,0
CLI00001347,71,3641,22311,713,125,3,Persona,CO,Mass,0.5106,0
CLI00001348,61,8758,11505,737,98,5,Persona,CO,Mass,0.1095,0
CLI00001349,63,1507,9567,716,174,5,Persona,CO,Mass,0.529,0
CLI00001350,54,4285,32229,838,175,3,Persona,CO,Premium,0.6268,0
CLI00001351,21,1302,27209,769,224,4,Empresa,CO,Mass,1.7414,0
CLI00001352,42,2112,25797,900,74,3,Persona,CO,Mass,1.0178,0
CLI00001353,48,9617,12793,900,58,5,Persona,CO,Mass,0.1109,0
CLI00001354,74,4722,5714,439,1,3,Persona,CO,Premium,0.1008,0
CLI00001355,31,3807,17450,386,38,5,Persona,US,Mass,0.382,1
CLI00001356,48,2699,18325,649,144,2,Persona,CO,Mass,0.5658,0
CLI00001357,39,4119,6696,710,194,5,Persona,CO,Premium,0.1355,0
CLI00001358,26,6253,5703,640,144,4,Persona,CO,Premium,0.076,0
CLI00001359,24,10789,25167,734,238,4,Persona,CO,Mass,0.1944,0
CLI00001360,40,601,42792,617,150,1,Persona,CO,Mass,5.9326,1
CLI00001361,23,2526,3829,566,211,5,Persona,CO,Mass,0.1263,0
CLI00001362,22,5581,6226,584,64,1,Persona,CO,Mass,0.093,0
CLI00001363,39,4541,11509,625,77,5,Persona,CO,Mass,0.2112,0
CLI00001364,30,6786,13181,751,194,1,Persona,CO,Mass,0.1619,0
CLI00001365,52,6087,4806,591,158,5,Persona,CO,Mass,0.0658,0
CLI00001366,19,3851,53290,615,116,4,Persona,CO,Mass,1.1531,0
CLI00001367,36,3224,12358,718,229,2,Persona,CO,Mass,0.3194,0
CLI00001368,46,4038,13785,626,182,5,Persona,CO,Mass,0.2845,0
CLI00001369,77,12320,47046,784,70,2,Persona,CO,Mass,0.3182,0
CLI00001370,57,2736,5171,539,146,1,Persona,CO,Mass,0.1575,0
CLI00001371,72,4673,7417,513,95,1,Persona,CO,Mass,0.1323,0
CLI00001372,39,5691,2313,686,99,5,Persona,MX,Premium,0.0339,0
CLI00001373,45,17124,6820,698,193,2,Persona,CO,Mass,0.0332,0
CLI00001374,44,3865,1828,546,163,5,Persona,CO,Premium,0.0394,0
CLI00001375,73,10583,17117,811,2,1,Persona,CO,Private,0.1348,0
CLI00001376,77,13168,12332,880,137,1,Persona,US,Mass,0.078,0
CLI00001377,77,4670,6142,574,155,5,Persona,CO,Premium,0.1096,0
CLI00001378,64,4152,7328,828,122,1,Empresa,CO,Mass,0.1471,0
CLI00001379,49,3777,17352,364,71,4,Persona,CO,Mass,0.3828,0
CLI00001380,51,4005,2602,779,155,2,Persona,CO,Mass,0.0541,0
CLI00001381,78,9734,9938,547,227,3,Persona,CL,Mass,0.0851,0
CLI00001382,35,5912,16309,767,20,1,Persona,CO,Mass,0.2299,0
CLI00001383,39,5932,1363,534,144,2,Persona,US,Premium,0.0191,0
CLI00001384,73,1997,16073,641,218,4,Empresa,US,Mass,0.6707,0
CLI00001385,41,2266,1519,552,96,3,Persona,MX,Premium,0.0559,0
CLI00001386,32,27303,7204,624,80,3,Persona,CO,Private,0.022,0
CLI00001387,52,4263,2531,869,59,5,Persona,MX,Premium,0.0495,0
CLI00001388,38,2644,33902,637,53,3,Persona,CO,Mass,1.0685,0
CLI00001389,73,15442,2547,900,93,5,Persona,CO,Mass,0.0137,0
CLI00001390,74,6157,1555,603,185,4,Empresa,CO,Mass,0.021,0
CLI00001391,36,7805,9259,829,43,3,Persona,CO,Mass,0.0989,0
CLI00001392,50,4400,5357,454,55,2,Empresa,CO,Mass,0.1015,1
CLI00001393,79,3808,1799,615,239,2,Persona,CO,Mass,0.0394,0
CLI00001394,64,4291,13709,585,238,5,Persona,CO,Premium,0.2662,0
CLI00001395,31,1625,1105,834,54,2,Persona,CO,Mass,0.0567,0
CLI00001396,54,4580,2874,672,100,4,Persona,CO,Mass,0.0523,0
CLI00001397,56,6228,4558,399,96,1,Persona,CO,Mass,0.061,0
CLI00001398,58,21598,18073,492,71,2,Persona,CO,Mass,0.0697,0
CLI00001399,19,5264,29598,528,36,5,Persona,CO,Premium,0.4686,0
CLI00001400,36,759,24410,762,14,3,Persona,CO,Premium,2.6798,0
CLI00001401,70,4558,6951,746,147,5,Persona,CO,Mass,0.1271,0
CLI00001402,32,43984,715,613,10,2,Persona,CO,Mass,0.0014,0
CLI00001403,36,9829,11978,584,149,4,Persona,CO,Premium,0.1016,0
CLI00001404,37,2569,35262,735,22,5,Persona,CO,Mass,1.1438,0
CLI00001405,28,7886,27827,514,37,5,Persona,CO,Mass,0.2941,0
CLI00001406,27,2714,12873,704,1,3,Persona,US,Mass,0.3953,0
CLI00001407,39,1663,2466,694,95,4,Persona,CO,Mass,0.1236,0
CLI00001408,72,3719,4791,617,78,5,Persona,PE,Premium,0.1074,0
CLI00001409,18,5288,56039,697,79,5,Persona,CO,Mass,0.8831,0
CLI00001410,35,1099,1965,662,74,5,Persona,CO,Mass,0.149,0
CLI00001411,21,1959,2571,709,225,1,Persona,CO,Premium,0.1094,0
CLI00001412,52,4955,20796,489,103,3,Persona,MX,Mass,0.3497,0
CLI00001413,33,3545,5265,723,194,4,Persona,CO,Mass,0.1238,0
CLI00001414,67,6740,2485,773,55,4,Persona,CO,Mass,0.0307,0
CLI00001415,54,1859,37345,688,115,1,Persona,CO,Private,1.674,0
CLI00001416,66,8701,12849,722,15,3,Persona,CO,Private,0.1231,0
CLI00001417,57,1906,5531,636,62,1,Persona,CO,Mass,0.2418,0
CLI00001418,45,18291,2576,756,17,1,Persona,CO,Premium,0.0117,0
CLI00001419,71,1245,62780,657,4,1,Persona,PE,Premium,4.2019,1
CLI00001420,47,2050,7907,512,43,5,Persona,CO,Mass,0.3214,0
CLI00001421,76,6862,32771,748,38,2,Empresa,CO,Mass,0.398,0
CLI00001422,79,18608,19803,453,75,3,Persona,CO,Premium,0.0887,1
CLI00001423,54,6323,4813,683,178,2,Persona,CO,Mass,0.0634,0
CLI00001424,59,7710,4851,603,35,5,Persona,CO,Mass,0.0524,0
CLI00001425,33,4984,34417,596,146,5,Empresa,CO,Mass,0.5754,0
CLI00001426,68,2162,34979,670,87,4,Persona,CO,Mass,1.3482,0
CLI00001427,59,3320,1240,564,96,5,Persona,CO,Mass,0.0311,0
CLI00001428,73,1863,14041,711,221,1,Persona,CL,Mass,0.628,0
CLI00001429,34,1766,7178,656,111,5,Empresa,CO,Mass,0.3387,0
CLI00001430,66,6777,2883,575,62,3,Persona,CO,Private,0.0355,0
CLI00001431,47,2001,10527,810,57,3,Persona,CO,Mass,0.4384,0
CLI00001432,29,6346,2101,674,40,1,Persona,CO,Mass,0.0276,0
CLI00001433,28,1734,5082,725,192,5,Persona,CO,Mass,0.2442,0
CLI00001434,52,6229,3646,819,159,1,Persona,US,Mass,0.0488,0
CLI00001435,37,3324,4915,818,64,5,Persona,PE,Premium,0.1232,0
CLI00001436,24,15142,7544,719,117,4,Persona,CO,Mass,0.0415,0
CLI00001437,44,6367,2934,613,121,4,Persona,CO,Mass,0.0384,0
CLI00001438,58,13208,39072,478,11,1,Persona,PE,Mass,0.2465,0
CLI00001439,37,2685,13270,674,218,4,Persona,CO,Premium,0.4118,0
CLI00001440,77,5140,48754,781,189,5,Persona,CO,Premium,0.7904,0
CLI00001441,66,2242,6904,692,128,2,Persona,CO,Mass,0.2566,0
CLI00001442,49,3530,4680,300,171,3,Persona,CO,Premium,0.1105,1
CLI00001443,75,3985,47024,754,26,1,Persona,CO,Premium,0.9833,0
CLI00001444,44,2749,4545,761,234,3,Persona,CO,Premium,0.1378,0
CLI00001445,26,1858,6779,613,153,4,Empresa,CO,Private,0.304,0
CLI00001446,20,1586,16648,768,225,2,Empresa,CO,Premium,0.8747,0
CLI00001447,76,756,2350,725,207,4,Persona,CO,Mass,0.259,0
CLI00001448,77,2111,16502,567,140,1,Persona,CO,Mass,0.6514,0
CLI00001449,63,8119,14520,802,69,4,Persona,CO,Premium,0.149,0
CLI00001450,24,1368,28834,497,164,3,Persona,CO,Premium,1.7564,0
CLI00001451,36,1645,19732,643,122,2,Persona,CO,Mass,0.9995,0
CLI00001452,20,20593,29731,631,98,2,Persona,CO,Mass,0.1203,0
CLI00001453,21,2953,7255,550,170,2,Persona,CO,Mass,0.2047,0
CLI00001454,33,6353,3419,686,213,4,Empresa,CO,Mass,0.0448,0
CLI00001455,53,8216,66835,807,41,4,Persona,MX,Mass,0.6779,0
CLI00001456,22,8350,1760,799,132,3,Empresa,CO,Mass,0.0176,0
CLI00001457,79,1454,1945,736,186,1,Empresa,CO,Premium,0.1115,0
CLI00001458,46,4085,14258,446,78,2,Persona,CO,Mass,0.2909,0
CLI00001459,34,1346,41150,489,82,5,Persona,CO,Mass,2.5475,1
CLI00001460,49,34788,9794,669,2,3,Persona,CO,Mass,0.0235,0
CLI00001461,66,1372,22011,645,77,3,Persona,CO,Premium,1.3368,0
CLI00001462,37,2125,1101,590,140,2,Persona,CO,Mass,0.0432,0
CLI00001463,20,2137,4917,878,233,5,Persona,CO,Mass,0.1917,0
CLI00001464,21,1484,1243,662,126,2,Persona,CO,Mass,0.0698,0
CLI00001465,70,14502,17683,715,69,4,Persona,CO,Premium,0.1016,0
CLI00001466,24,34130,1724,768,194,4,Persona,CO,Mass,0.0042,0
CLI00001467,57,3359,2257,656,45,2,Persona,US,Mass,0.056,0
CLI00001468,41,1708,13548,900,44,1,Empresa,CO,Private,0.661,0
CLI00001469,66,820,23431,537,125,2,Persona,CO,Mass,2.381,0
CLI00001470,21,4042,6912,577,195,2,Empresa,US,Mass,0.1425,0
CLI00001471,73,3815,14330,536,50,4,Persona,CO,Private,0.313,0
CLI00001472,61,2918,13874,837,3,3,Empresa,CO,Premium,0.3962,0
CLI00001473,45,5867,6532,746,173,3,Persona,US,Mass,0.0928,0
CLI00001474,30,6742,2711,584,140,3,Persona,CO,Premium,0.0335,0
CLI00001475,78,6364,14255,546,164,5,Persona,CO,Mass,0.1867,0
CLI00001476,36,3816,14959,816,95,5,Persona,CO,Premium,0.3267,0
CLI00001477,48,2035,19811,693,28,1,Persona,MX,Mass,0.8112,0
CLI00001478,42,8372,11070,819,79,5,Persona,CO,Mass,0.1102,0
CLI00001479,32,4964,2518,642,112,2,Persona,CO,Premium,0.0423,0
CLI00001480,43,10003,16160,711,103,4,Persona,CO,Premium,0.1346,0
CLI00001481,27,9247,8091,686,213,5,Persona,CO,Mass,0.0729,0
CLI00001482,18,1575,5000,575,53,3,Empresa,CO,Premium,0.2645,0
CLI00001483,35,1560,6035,632,74,4,Persona,CO,Premium,0.3224,0
CLI00001484,24,2685,4063,507,44,3,Persona,CO,Mass,0.1261,0
CLI00001485,43,2111,19709,709,136,1,Persona,CO,Mass,0.778,0
CLI00001486,71,8992,1962,741,193,1,Persona,CO,Mass,0.0182,0
CLI00001487,28,6509,3000,768,211,2,Persona,CO,Private,0.0384,0
CLI00001488,18,11841,5832,729,54,5,Persona,CO,Mass,0.041,0
CLI00001489,24,6749,40690,634,103,2,Persona,CO,Mass,0.5024,0
CLI00001490,49,5807,23255,836,176,3,Persona,CO,Mass,0.3337,0
CLI00001491,35,12833,1570,757,11,3,Persona,CO,Mass,0.0102,0
CLI00001492,48,7156,31299,816,170,2,Persona,MX,Mass,0.3645,0
CLI00001493,19,5189,31238,824,32,3,Persona,CO,Mass,0.5017,0
CLI00001494,38,16064,2504,634,8,4,Persona,CO,Mass,0.013,0
CLI00001495,43,5389,651,696,27,5,Persona,MX,Premium,0.0101,0
CLI00001496,44,3852,7538,742,211,4,Persona,CO,Mass,0.1631,0
CLI00001497,52,2514,24895,512,163,5,Persona,CO,Mass,0.8252,0
CLI00001498,66,8625,39785,514,189,3,Persona,CO,Mass,0.3844,0
CLI00001499,46,13222,3391,494,165,4,Persona,US,Premium,0.0214,0
CLI00001500,70,4719,46722,637,191,1,Persona,CO,Mass,0.8251,0
CLI00001501,50,13993,873,610,119,1,Persona,CO,Mass,0.0052,0
CLI00001502,34,1016,5607,477,194,5,Persona,CO,Premium,0.4599,0
CLI00001503,32,4701,5338,667,13,4,Persona,CO,Mass,0.0946,0
CLI00001504,37,4759,25650,638,139,1,Persona,CO,Mass,0.4491,0
CLI00001505,55,2747,29682,791,181,3,Persona,CL,Mass,0.9004,0
CLI00001506,33,33093,21040,891,238,5,Persona,PE,Premium,0.053,0
CLI00001507,74,4661,2099,704,86,1,Empresa,CO,Mass,0.0375,0
CLI00001508,47,3546,19199,566,42,3,Persona,US,Premium,0.4512,0
CLI00001509,71,5017,13481,727,172,5,Persona,CO,Private,0.2239,0
CLI00001510,60,990,1523,651,17,5,Persona,PE,Premium,0.1282,0
CLI00001511,38,2676,1025,621,186,2,Persona,US,Mass,0.0319,0
CLI00001512,32,10792,22879,546,169,5,Persona,US,Premium,0.1767,0
CLI00001513,64,2971,6767,594,165,4,Persona,CO,Mass,0.1898,0
CLI00001514,38,2532,2241,628,70,3,Empresa,CO,Mass,0.0738,0
CLI00001515,33,14011,6580,746,28,4,Persona,CO,Mass,0.0391,0
CLI00001516,75,14360,11661,711,145,5,Persona,CO,Mass,0.0677,0
CLI00001517,47,7432,7458,869,87,2,Persona,MX,Premium,0.0836,0
CLI00001518,21,3414,1716,730,94,1,Persona,CL,Premium,0.0419,0
CLI00001519,48,4057,53399,700,45,4,Persona,US,Premium,1.0968,0
CLI00001520,46,2582,22119,613,80,1,Persona,CO,Premium,0.7139,0
CLI00001521,71,2217,5794,525,199,4,Persona,CO,Mass,0.2178,0
CLI00001522,62,2131,6032,581,214,2,Persona,CO,Premium,0.2359,0
CLI00001523,29,2997,11608,566,83,4,Persona,CO,Mass,0.3228,0
CLI00001524,27,2147,2618,342,34,4,Persona,CO,Mass,0.1016,1
CLI00001525,55,1406,11188,528,8,1,Persona,CO,Mass,0.6631,1
CLI00001526,20,5857,2141,842,45,1,Persona,CO,Premium,0.0305,0
CLI00001527,37,5929,7551,694,2,4,Persona,CO,Premium,0.1061,0
CLI00001528,26,19161,2518,604,160,3,Persona,CO,Private,0.011,0
CLI00001529,19,2879,2648,697,154,1,Persona,CO,Premium,0.0766,0
CLI00001530,74,6228,42012,415,187,5,Empresa,CO,Mass,0.5621,0
CLI00001531,23,6311,8597,683,79,2,Persona,CO,Mass,0.1135,0
CLI00001532,18,4011,9970,803,199,5,Persona,CO,Mass,0.2071,0
CLI00001533,75,8914,1084,635,40,1,Persona,CO,Mass,0.0101,0
CLI00001534,29,9137,4460,437,55,2,Persona,CO,Mass,0.0407,0
CLI00001535,68,6386,12851,600,219,3,Empresa,CO,Mass,0.1677,0
CLI00001536,19,4005,9839,803,211,3,Persona,CO,Mass,0.2047,0
CLI00001537,27,3692,940,681,143,4,Persona,CO,Premium,0.0212,0
CLI00001538,24,1645,9968,479,146,1,Persona,MX,Mass,0.5049,0
CLI00001539,61,2579,11690,900,168,2,Persona,CO,Mass,0.3777,0
CLI00001540,56,2988,29253,499,197,2,Persona,CO,Mass,0.8158,0
CLI00001541,47,1999,4208,620,55,3,Persona,US,Mass,0.1754,0
CLI00001542,32,6987,860,525,16,5,Empresa,PE,Premium,0.0103,0
CLI00001543,23,12801,2990,525,44,3,Persona,CO,Mass,0.0195,0
CLI00001544,53,2376,2705,595,85,5,Persona,CO,Premium,0.0949,0
CLI00001545,32,6165,16927,726,56,2,Persona,CO,Mass,0.2288,0
CLI00001546,54,2148,535,804,125,2,Persona,MX,Mass,0.0208,0
CLI00001547,60,3850,5175,603,33,1,Persona,CO,Premium,0.112,0
CLI00001548,70,2829,33718,528,138,2,Persona,CO,Premium,0.9932,0
CLI00001549,48,7954,8161,707,170,2,Empresa,CL,Mass,0.0855,0
CLI00001550,18,2855,19857,710,23,2,Persona,CO,Mass,0.5796,0
CLI00001551,35,11040,1569,678,68,4,Persona,CO,Mass,0.0118,0
CLI00001552,70,4037,1632,683,129,3,Persona,CL,Mass,0.0337,0
CLI00001553,51,2922,34106,636,15,4,Persona,CO,Mass,0.9727,0
CLI00001554,56,1803,8966,661,159,1,Persona,CO,Mass,0.4144,0
CLI00001555,46,6018,8984,628,180,5,Persona,CO,Premium,0.1244,0
CLI00001556,28,10058,2648,778,86,1,Persona,CO,Mass,0.0219,0
CLI00001557,73,6115,8962,900,2,1,Persona,CO,Premium,0.1221,0
CLI00001558,65,29468,2576,671,120,3,Persona,CO,Mass,0.0073,0
CLI00001559,79,15426,26552,649,208,4,Persona,CO,Mass,0.1434,0
CLI00001560,71,3842,123974,680,70,2,Persona,CO,Premium,2.6889,0
CLI00001561,36,3810,13146,571,203,1,Empresa,CO,Mass,0.2875,0
CLI00001562,33,7156,4294,741,208,5,Persona,CO,Mass,0.05,0
CLI00001563,33,2513,643,702,67,5,Empresa,CO,Mass,0.0213,0
CLI00001564,74,12494,1503,599,143,4,Empresa,PE,Mass,0.01,0
CLI00001565,52,6563,38363,758,10,2,Persona,CO,Mass,0.4871,0
CLI00001566,46,6034,2895,652,132,3,Persona,CO,Mass,0.04,0
CLI00001567,78,8514,5592,533,211,4,Persona,CO,Mass,0.0547,0
CLI00001568,55,19501,15604,692,226,3,Persona,CO,Mass,0.0667,0
CLI00001569,74,5635,35678,678,47,1,Persona,CO,Mass,0.5276,0
CLI00001570,79,4489,6636,765,159,5,Persona,CO,Mass,0.1232,0
CLI00001571,22,16431,5406,749,15,5,Persona,PE,Mass,0.0274,0
CLI00001572,40,10657,8704,636,67,1,Persona,CO,Mass,0.0681,0
CLI00001573,63,3801,4325,593,200,4,Persona,CO,Mass,0.0948,0
CLI00001574,68,4935,4565,650,154,5,Persona,CO,Mass,0.0771,0
CLI00001575,27,5746,12232,693,94,3,Persona,CL,Premium,0.1774,0
CLI00001576,37,6564,9752,708,230,1,Persona,CO,Premium,0.1238,0
CLI00001577,51,1660,68295,686,182,4,Persona,CO,Premium,3.4283,0
CLI00001578,67,1430,12567,639,5,5,Persona,CO,Mass,0.7323,0
CLI00001579,25,2416,25620,769,19,2,Persona,CO,Mass,0.8837,0
CLI00001580,55,2271,2775,569,150,1,Persona,CO,Mass,0.1018,0
CLI00001581,36,2936,13700,900,210,2,Empresa,CO,Premium,0.3888,0
CLI00001582,31,8166,3932,741,37,5,Persona,CO,Private,0.0401,0
CLI00001583,49,4293,12033,514,129,3,Persona,CO,Mass,0.2336,0
CLI00001584,43,5750,16131,672,195,1,Persona,PE,Mass,0.2338,0
CLI00001585,57,1845,8517,742,206,3,Persona,CO,Mass,0.3847,0
CLI00001586,37,3397,89978,608,153,5,Persona,CO,Mass,2.2072,0
CLI00001587,69,7862,33792,470,239,1,Persona,CO,Mass,0.3582,0
CLI00001588,22,7910,26297,525,224,3,Persona,CO,Mass,0.277,0
CLI00001589,71,2752,17401,715,200,2,Persona,CO,Mass,0.5269,0
CLI00001590,19,5593,47257,439,160,1,Persona,CO,Premium,0.7041,0
CLI00001591,63,28540,1925,476,236,3,Persona,CO,Premium,0.0056,0
CLI00001592,39,4846,31897,714,4,4,Persona,CO,Premium,0.5485,0
CLI00001593,41,2822,3007,623,21,4,Persona,CO,Mass,0.0888,0
CLI00001594,19,4276,4608,566,122,1,Empresa,CO,Mass,0.0898,0
CLI00001595,61,5290,14205,590,161,1,Persona,CL,Mass,0.2238,0
CLI00001596,28,4354,27811,473,216,3,Persona,CO,Mass,0.5323,0
CLI00001597,58,4793,2556,708,162,2,Persona,CO,Private,0.0444,0
CLI00001598,62,1548,4853,553,55,2,Persona,US,Mass,0.2612,0
CLI00001599,70,2275,8933,585,218,3,Persona,CO,Mass,0.3272,0
CLI00001600,61,4361,6725,691,19,4,Persona,CO,Mass,0.1285,0
CLI00001601,36,4306,19034,619,22,3,Persona,MX,Mass,0.3684,0
CLI00001602,63,3124,251683,565,172,5,Empresa,CO,Mass,6.7135,0
CLI00001603,69,4265,12324,411,231,1,Persona,CO,Mass,0.2408,0
CLI00001604,37,5160,3884,694,120,3,Persona,CO,Mass,0.0627,0
CLI00001605,25,10011,2216,659,32,3,Persona,CO,Mass,0.0184,0
CLI00001606,73,4539,5853,587,11,4,Persona,CO,Mass,0.1075,0
CLI00001607,27,6763,3164,525,235,3,Persona,CL,Mass,0.039,0
CLI00001608,54,3186,12933,651,67,5,Persona,CO,Premium,0.3383,0
CLI00001609,32,7767,12733,707,153,5,Persona,CO,Mass,0.1366,0
CLI00001610,25,6638,5099,661,78,4,Persona,CO,Mass,0.064,0
CLI00001611,66,9824,58980,846,51,2,Persona,CO,Mass,0.5003,0
CLI00001612,26,8697,3883,734,160,2,Persona,CO,Mass,0.0372,0
CLI00001613,59,7871,7190,637,177,3,Persona,CO,Mass,0.0761,0
CLI00001614,60,4542,15354,738,113,3,Persona,CO,Mass,0.2817,0
CLI00001615,21,5978,19772,655,121,1,Persona,CO,Premium,0.2756,0
CLI00001616,28,11508,29073,655,116,2,Persona,CO,Mass,0.2105,0
CLI00001617,67,2917,12437,805,141,5,Empresa,CO,Mass,0.3553,0
CLI00001618,49,2972,23176,542,193,3,Persona,CO,Premium,0.6498,0
CLI00001619,25,5682,4166,652,170,5,Empresa,CO,Mass,0.0611,0
CLI00001620,79,6851,20294,792,66,2,Persona,CO,Mass,0.2468,0
CLI00001621,34,2542,20024,687,59,5,Persona,CO,Mass,0.6564,0
CLI00001622,18,4629,36786,605,161,5,Persona,CO,Mass,0.6622,0
CLI00001623,75,4558,1527,445,154,2,Persona,CO,Mass,0.0279,0
CLI00001624,19,835,3270,377,88,4,Persona,CO,Private,0.3263,0
CLI00001625,52,4122,18455,899,201,5,Persona,CO,Mass,0.3731,0
CLI00001626,79,4333,571,687,100,4,Persona,CO,Mass,0.011,0
CLI00001627,53,4323,13253,579,80,5,Persona,CO,Premium,0.2555,0
CLI00001628,54,15256,23383,691,133,1,Persona,CO,Mass,0.1277,0
CLI00001629,42,1858,4553,536,46,1,Persona,US,Mass,0.2042,0
CLI00001630,25,2540,5270,610,166,1,Empresa,CO,Private,0.1729,0
CLI00001631,53,608,2767,537,215,2,Persona,CO,Mass,0.3792,0
CLI00001632,73,3345,4810,480,226,4,Persona,CO,Premium,0.1198,0
CLI00001633,23,3581,4951,397,107,5,Persona,MX,Mass,0.1152,0
CLI00001634,72,3268,4093,458,64,3,Persona,CO,Mass,0.1044,0
CLI00001635,43,11922,3875,772,114,3,Persona,CO,Premium,0.0271,0
CLI00001636,51,9783,6179,531,24,5,Persona,US,Mass,0.0526,0
CLI00001637,28,5230,6105,714,160,3,Empresa,CO,Premium,0.0973,0
CLI00001638,56,3653,52792,764,102,3,Persona,CO,Premium,1.2043,0
CLI00001639,29,11169,5463,651,29,1,Persona,CO,Mass,0.0408,0
CLI00001640,34,4837,11431,614,131,2,Persona,CO,Premium,0.1969,0
CLI00001641,62,2553,4551,665,172,4,Persona,CO,Premium,0.1485,0
CLI00001642,21,1245,4493,600,54,4,Persona,PE,Premium,0.3007,0
CLI00001643,45,3452,1473,794,97,3,Persona,CO,Mass,0.0356,0
CLI00001644,54,8988,1683,875,213,4,Persona,US,Mass,0.0156,0
CLI00001645,26,30370,2423,823,170,4,Persona,CO,Mass,0.0066,0
CLI00001646,36,5163,9737,391,191,1,Persona,CO,Mass,0.1572,0
CLI00001647,39,2664,23769,597,107,5,Empresa,CO,Premium,0.7435,0
CLI00001648,59,1904,1357,650,118,4,Persona,MX,Private,0.0594,0
CLI00001649,78,7643,4679,705,119,2,Persona,CO,Mass,0.051,0
CLI00001650,69,1197,2065,442,108,2,Persona,CO,Mass,0.1438,0
CLI00001651,29,7633,6221,440,34,5,Persona,CO,Premium,0.0679,0
CLI00001652,19,9453,23760,806,9,2,Persona,CO,Mass,0.2095,0
CLI00001653,21,6967,5182,582,199,1,Persona,CO,Mass,0.062,0
CLI00001654,54,4122,7727,471,128,1,Persona,CO,Mass,0.1562,0
CLI00001655,27,7722,34725,517,127,2,Persona,CO,Mass,0.3747,1
CLI00001656,32,5634,12808,696,142,4,Persona,CO,Premium,0.1894,0
CLI00001657,70,2637,3789,551,98,3,Persona,CO,Mass,0.1197,0
CLI00001658,72,21597,9498,678,213,4,Persona,CL,Mass,0.0366,0
CLI00001659,70,3709,3542,532,112,2,Persona,CO,Premium,0.0796,0
CLI00001660,33,9141,12338,440,120,2,Persona,CO,Premium,0.1125,0
CLI00001661,56,709,13566,820,127,3,Persona,CO,Premium,1.5943,0
CLI00001662,55,13645,2064,697,37,4,Persona,CO,Premium,0.0126,0
CLI00001663,29,15914,9654,609,41,3,Empresa,CO,Mass,0.0506,0
CLI00001664,52,5033,7204,587,43,4,Persona,US,Premium,0.1193,0
CLI00001665,50,7684,13970,825,60,1,Persona,CO,Mass,0.1515,0
CLI00001666,42,7683,18608,720,38,3,Empresa,CO,Mass,0.2018,0
CLI00001667,64,2938,13061,787,53,3,Persona,CO,Mass,0.3705,0
CLI00001668,60,7613,5983,579,225,1,Empresa,CO,Mass,0.0655,0
CLI00001669,51,2573,20605,656,86,2,Persona,CO,Mass,0.6673,0
CLI00001670,62,3019,3384,698,190,2,Persona,US,Premium,0.0934,0
CLI00001671,65,12107,2163,583,94,3,Persona,CO,Mass,0.0149,0
CLI00001672,53,10718,331,638,197,1,Empresa,CO,Mass,0.0026,0
CLI00001673,34,2793,7554,579,180,2,Persona,PE,Private,0.2254,0
CLI00001674,65,2732,3563,697,201,5,Persona,CO,Premium,0.1087,0
CLI00001675,62,2932,12061,491,69,1,Persona,CO,Premium,0.3428,0
CLI00001676,78,8831,1128,718,22,5,Persona,MX,Premium,0.0106,0
CLI00001677,27,2208,4242,687,73,3,Persona,CO,Mass,0.1601,0
CLI00001678,43,6537,12968,625,168,1,Persona,CO,Mass,0.1653,0
CLI00001679,75,8932,2893,703,157,3,Persona,PE,Premium,0.027,0
CLI00001680,49,4579,12200,606,169,3,Persona,CO,Premium,0.222,0
CLI00001681,76,11026,4642,569,238,2,Persona,PE,Mass,0.0351,0
CLI00001682,18,3852,7841,715,53,2,Persona,US,Mass,0.1696,0
CLI00001683,20,4141,14693,720,106,4,Persona,CO,Mass,0.2957,0
CLI00001684,67,2248,21010,589,117,1,Persona,CO,Mass,0.7788,0
CLI00001685,40,11089,8888,578,35,5,Persona,CO,Mass,0.0668,0
CLI00001686,50,2661,3590,628,158,2,Empresa,CO,Mass,0.1124,0
CLI00001687,44,6501,5125,583,11,2,Persona,CO,Mass,0.0657,0
CLI00001688,43,4642,15320,833,215,1,Persona,CO,Mass,0.275,0
CLI00001689,76,2117,2918,687,21,5,Persona,CL,Mass,0.1149,0
CLI00001690,23,3019,6781,651,26,2,Persona,PE,Mass,0.1872,0
CLI00001691,65,14858,5508,538,41,5,Persona,PE,Mass,0.0309,0
CLI00001692,73,5775,7307,738,214,2,Persona,CO,Mass,0.1054,0
CLI00001693,58,2192,2953,576,206,1,Persona,CO,Mass,0.1123,0
CLI00001694,42,6274,1271,571,221,3,Persona,CO,Mass,0.0169,0
CLI00001695,27,4372,13639,742,199,3,Persona,CO,Premium,0.26,0
CLI00001696,60,77904,21250,696,221,3,Persona,MX,Mass,0.0227,0
CLI00001697,47,6173,1349,349,113,5,Persona,US,Premium,0.0182,0
CLI00001698,27,3624,11718,631,1,3,Persona,US,Mass,0.2694,0
CLI00001699,40,15306,23937,665,105,4,Empresa,CO,Mass,0.1303,0
CLI00001700,77,1126,14704,609,53,2,Persona,CO,Mass,1.0881,0
CLI00001701,34,5299,5341,669,58,1,Persona,CO,Mass,0.084,0
CLI00001702,29,24234,3154,432,165,3,Persona,CO,Mass,0.0108,0
CLI00001703,60,4478,8786,310,40,3,Persona,CO,Mass,0.1635,0
CLI00001704,30,1228,10381,532,77,3,Persona,CO,Mass,0.7044,0
CLI00001705,75,3580,8917,683,94,4,Persona,CO,Premium,0.2076,0
CLI00001706,71,15734,6767,300,14,5,Persona,CO,Mass,0.0358,1
CLI00001707,78,6639,2744,548,168,1,Empresa,US,Premium,0.0344,0
CLI00001708,74,2512,12365,419,183,1,Persona,CO,Mass,0.4102,0
CLI00001709,33,2840,12975,620,134,2,Persona,CO,Mass,0.3807,0
CLI00001710,31,3140,9905,884,6,3,Persona,CO,Premium,0.2629,0
CLI00001711,39,6561,9054,623,188,1,Persona,PE,Mass,0.115,0
CLI00001712,47,14336,43444,637,107,1,Persona,CO,Mass,0.2525,0
CLI00001713,72,11406,4339,750,63,3,Persona,CO,Mass,0.0317,0
CLI00001714,63,7078,29185,652,227,2,Persona,CO,Mass,0.3436,0
CLI00001715,57,1693,3889,624,206,5,Persona,CO,Private,0.1914,0
CLI00001716,72,1698,24561,761,105,3,Persona,CO,Mass,1.2053,0
CLI00001717,58,7529,27816,706,106,5,Persona,CO,Mass,0.3079,0
CLI00001718,41,1675,6044,684,218,4,Persona,CO,Mass,0.3007,0
CLI00001719,43,4103,42657,633,45,3,Persona,CO,Mass,0.8664,0
CLI00001720,50,6268,12952,608,98,5,Persona,CO,Mass,0.1722,0
CLI00001721,23,1978,3370,760,136,5,Persona,CO,Mass,0.142,0
CLI00001722,63,2165,5573,609,83,3,Persona,CO,Mass,0.2145,0
CLI00001723,58,4558,25153,797,75,5,Persona,CO,Mass,0.4599,0
CLI00001724,63,7353,20395,524,25,2,Persona,CO,Premium,0.2311,0
CLI00001725,51,11489,2812,822,64,2,Persona,CO,Mass,0.0204,0
CLI00001726,66,7987,7049,706,85,4,Persona,CO,Premium,0.0735,0
CLI00001727,76,5213,9932,533,200,4,Persona,CO,Mass,0.1588,0
CLI00001728,53,2705,4877,711,80,2,Empresa,CO,Mass,0.1502,0
CLI00001729,45,2086,85630,571,38,4,Persona,CO,Private,3.4207,1
CLI00001730,24,3265,10235,654,203,3,Persona,CO,Mass,0.2612,0
CLI00001731,66,6822,7617,591,84,3,Persona,CO,Mass,0.093,0
CLI00001732,74,6433,26658,634,220,5,Persona,CO,Mass,0.3453,0
CLI00001733,61,916,5623,762,26,1,Persona,CO,Mass,0.5115,0
CLI00001734,71,2621,22190,712,5,3,Persona,CO,Mass,0.7055,0
CLI00001735,71,12882,1528,514,221,2,Persona,CO,Mass,0.0099,0
CLI00001736,67,5236,5147,521,23,3,Persona,CO,Mass,0.0819,0
CLI00001737,49,1581,23134,682,2,1,Persona,CO,Mass,1.2193,0
CLI00001738,24,32359,38956,691,154,1,Persona,CO,Mass,0.1003,0
CLI00001739,18,4802,3739,569,76,4,Persona,CO,Mass,0.0649,0
CLI00001740,30,6683,3328,840,116,1,Persona,CO,Premium,0.0415,0
CLI00001741,44,6765,14291,747,98,3,Persona,CO,Premium,0.176,0
CLI00001742,64,3662,4345,574,71,5,Persona,CO,Mass,0.0989,0
CLI00001743,46,2746,6194,563,115,5,Persona,CO,Mass,0.188,0
CLI00001744,19,26831,19465,622,62,1,Persona,CO,Premium,0.0605,0
CLI00001745,31,10966,4702,610,53,5,Persona,CO,Mass,0.0357,0
CLI00001746,78,9485,1135,800,53,2,Persona,CO,Premium,0.01,0
CLI00001747,79,7793,2205,768,28,1,Persona,CO,Premium,0.0236,0
CLI00001748,41,2202,8184,654,126,3,Persona,CO,Mass,0.3097,0
CLI00001749,67,13657,1257,731,131,3,Persona,CO,Premium,0.0077,0
CLI00001750,62,2503,6019,748,4,2,Persona,CO,Mass,0.2004,0
CLI00001751,75,6164,2014,656,110,3,Persona,CO,Mass,0.0272,0
CLI00001752,73,1324,41770,698,177,1,Persona,CO,Private,2.6289,0
CLI00001753,56,960,70625,721,0,2,Persona,CO,Premium,6.1301,0
CLI00001754,42,6339,2812,708,72,1,Persona,CO,Mass,0.037,0
CLI00001755,56,2572,10475,556,230,5,Persona,CO,Premium,0.3394,0
CLI00001756,37,1000,3101,568,102,3,Persona,CO,Mass,0.2584,0
CLI00001757,39,7574,5947,615,3,3,Persona,CO,Premium,0.0654,0
CLI00001758,55,26797,49191,565,126,3,Persona,CO,Private,0.153,0
CLI00001759,53,14937,5081,473,98,5,Empresa,CL,Premium,0.0283,0
CLI00001760,54,4000,6087,731,50,4,Persona,CO,Mass,0.1268,0
CLI00001761,41,4949,3157,691,17,4,Persona,CO,Mass,0.0532,0
CLI00001762,43,9998,25493,489,212,2,Persona,CO,Premium,0.2125,0
CLI00001763,18,12060,310,621,195,2,Empresa,CO,Mass,0.0021,0
CLI00001764,55,3733,5204,627,163,5,Empresa,CO,Premium,0.1162,0
CLI00001765,53,5051,7739,671,4,5,Persona,US,Mass,0.1277,0
CLI00001766,75,6250,4183,520,208,2,Persona,PE,Mass,0.0558,0
CLI00001767,49,7654,19216,487,113,2,Persona,CO,Mass,0.2092,0
CLI00001768,46,4418,26957,712,114,2,Persona,MX,Mass,0.5085,0
CLI00001769,22,4464,1974,465,210,4,Persona,CO,Mass,0.0368,0
CLI00001770,30,14821,65741,622,103,5,Persona,CO,Mass,0.3696,0
CLI00001771,38,12934,1952,610,56,5,Persona,CO,Premium,0.0126,0
CLI00001772,41,7200,29396,635,56,5,Persona,CO,Mass,0.3402,0
CLI00001773,40,19443,9412,680,222,2,Persona,CO,Mass,0.0403,0
CLI00001774,42,3607,4896,841,130,2,Persona,CO,Mass,0.1131,0
CLI00001775,65,18004,5381,458,138,5,Persona,CO,Mass,0.0249,0
CLI00001776,26,7585,7836,755,142,2,Persona,CO,Mass,0.0861,0
CLI00001777,38,67293,9980,348,52,2,Persona,CO,Premium,0.0124,1
CLI00001778,28,1893,3228,817,100,5,Persona,CO,Mass,0.1421,0
CLI00001779,37,2831,6412,404,228,3,Persona,CO,Mass,0.1887,0
CLI00001780,60,6870,3749,900,34,1,Persona,US,Mass,0.0455,0
CLI00001781,20,6753,2404,603,228,5,Persona,CO,Mass,0.0297,0
CLI00001782,39,23391,3578,804,65,2,Persona,CO,Mass,0.0127,0
CLI00001783,19,2879,2565,780,70,2,Persona,MX,Mass,0.0742,0
CLI00001784,77,10136,5323,597,3,3,Persona,CO,Mass,0.0438,0
CLI00001785,63,12456,12487,606,159,2,Persona,CO,Premium,0.0835,0
CLI00001786,33,8636,9142,549,76,5,Persona,US,Mass,0.0882,0
CLI00001787,30,2278,58357,744,110,4,Empresa,CO,Mass,2.1347,0
CLI00001788,24,15156,888,599,139,3,Persona,CO,Mass,0.0049,0
CLI00001789,47,13140,12956,551,152,2,Persona,CO,Premium,0.0822,0
CLI00001790,64,7939,8155,714,229,3,Persona,CO,Private,0.0856,0
CLI00001791,54,5787,18318,542,133,2,Persona,CO,Mass,0.2638,0
CLI00001792,72,5889,16588,610,42,5,Persona,CO,Mass,0.2347,0
CLI00001793,39,4614,6870,662,168,4,Empresa,CO,Mass,0.1241,0
CLI00001794,35,8206,9630,572,13,1,Persona,CO,Mass,0.0978,0
CLI00001795,47,5038,3850,591,202,3,Persona,CO,Mass,0.0637,0
CLI00001796,30,2492,14968,834,71,4,Persona,CO,Mass,0.5005,0
CLI00001797,78,2124,1237,625,173,3,Persona,CO,Mass,0.0485,0
CLI00001798,29,2692,17620,606,37,1,Persona,CO,Premium,0.5454,0
CLI00001799,47,5870,7917,628,97,1,Persona,CO,Mass,0.1124,0
CLI00001800,50,4809,4978,704,166,4,Persona,CO,Mass,0.0863,0
CLI00001801,21,5838,6421,525,149,3,Persona,CO,Mass,0.0917,0
CLI00001802,47,7336,6910,701,1,3,Persona,CO,Mass,0.0785,0
CLI00001803,46,2975,29652,680,8,2,Persona,CO,Mass,0.8306,0
CLI00001804,34,15875,205560,435,235,2,Persona,CO,Premium,1.079,0
CLI00001805,25,3967,27443,865,126,3,Persona,CO,Premium,0.5765,0
CLI00001806,20,3474,4603,825,205,3,Persona,CO,Mass,0.1104,0
CLI00001807,18,7229,15211,553,17,3,Persona,CO,Mass,0.1753,0
CLI00001808,47,1130,15888,515,117,5,Persona,CO,Mass,1.1716,0
CLI00001809,23,2611,3212,677,138,1,Persona,CO,Mass,0.1025,0
CLI00001810,77,10773,2296,478,221,3,Empresa,CO,Premium,0.0178,0
CLI00001811,33,1224,7606,813,170,2,Empresa,CO,Premium,0.5178,0
CLI00001812,58,12016,18173,593,150,1,Persona,CO,Premium,0.126,0
CLI00001813,59,16463,1616,844,70,3,Persona,CO,Mass,0.0082,0
CLI00001814,48,3657,3940,551,238,1,Persona,CO,Private,0.0898,0
CLI00001815,72,6207,14366,636,78,2,Persona,CO,Private,0.1929,0
CLI00001816,24,12031,8448,802,66,4,Persona,CO,Mass,0.0585,0
CLI00001817,32,3383,33398,611,173,2,Persona,CO,Mass,0.8227,0
CLI00001818,33,9840,1975,682,239,4,Persona,CO,Premium,0.0167,0
CLI00001819,26,2872,85149,781,205,2,Persona,CO,Mass,2.4706,0
CLI00001820,36,3354,1740,583,43,3,Persona,MX,Mass,0.0432,0
CLI00001821,37,2592,1065,498,195,5,Persona,CO,Mass,0.0342,0
CLI00001822,65,6464,7639,474,84,2,Persona,CO,Mass,0.0985,0
CLI00001823,36,12411,2605,720,53,3,Persona,US,Premium,0.0175,0
CLI00001824,72,4241,7795,696,224,4,Persona,CO,Premium,0.1532,0
CLI00001825,65,1777,7527,777,227,2,Empresa,PE,Premium,0.353,0
CLI00001826,73,2066,6662,617,88,2,Persona,CO,Mass,0.2687,0
CLI00001827,24,6739,3489,478,6,4,Persona,CO,Premium,0.0431,0
CLI00001828,79,21488,12489,367,50,1,Persona,CO,Mass,0.0484,0
CLI00001829,56,6734,5899,900,129,2,Persona,CO,Mass,0.073,0
CLI00001830,78,3606,24432,713,14,3,Persona,CO,Premium,0.5646,0
CLI00001831,40,9071,6765,666,54,2,Persona,CO,Premium,0.0621,0
CLI00001832,77,4057,3088,683,35,3,Persona,CO,Mass,0.0634,0
CLI00001833,54,3631,1498,478,228,4,Persona,CO,Mass,0.0344,0
CLI00001834,22,2282,6821,554,85,5,Persona,CO,Mass,0.2491,0
CLI00001835,43,15165,2277,859,91,4,Persona,MX,Mass,0.0125,0
CLI00001836,26,644,2100,729,101,3,Persona,CO,Mass,0.2717,0
CLI00001837,76,9304,13731,558,3,4,Persona,CO,Mass,0.123,0
CLI00001838,36,3391,1369,502,130,2,Persona,CO,Premium,0.0336,0
CLI00001839,31,3539,33262,588,218,3,Persona,CO,Mass,0.7832,0
CLI00001840,52,19031,9506,612,195,5,Persona,CO,Mass,0.0416,0
CLI00001841,44,2775,7755,895,60,1,Persona,CO,Mass,0.2329,0
CLI00001842,24,2852,2879,627,3,2,Persona,CO,Mass,0.0841,0
CLI00001843,68,4427,17402,507,185,2,Persona,CO,Mass,0.3276,0
CLI00001844,70,6843,8079,642,201,5,Persona,CO,Mass,0.0984,0
CLI00001845,64,3451,4080,681,221,2,Persona,CO,Mass,0.0985,0
CLI00001846,56,1395,9895,496,138,2,Persona,CO,Mass,0.5911,0
CLI00001847,42,2458,1506,698,113,5,Persona,MX,Mass,0.0511,0
CLI00001848,51,13698,1579,795,181,5,Persona,CO,Premium,0.0096,0
CLI00001849,50,5217,2643,666,165,1,Persona,CO,Mass,0.0422,0
CLI00001850,28,7050,11493,554,181,5,Persona,MX,Mass,0.1358,0
CLI00001851,23,3987,8076,586,68,4,Persona,CO,Mass,0.1688,0
CLI00001852,33,2899,23132,450,216,5,Persona,CO,Mass,0.6649,0
CLI00001853,46,18808,3229,633,8,1,Persona,CO,Mass,0.0143,0
CLI00001854,27,4227,14395,687,22,1,Persona,CO,Premium,0.2838,0
CLI00001855,24,3447,7230,542,157,2,Persona,CO,Mass,0.1748,0
CLI00001856,70,11812,3155,882,137,5,Persona,CO,Mass,0.0223,0
CLI00001857,41,2757,11912,745,132,3,Persona,MX,Mass,0.36,0
CLI00001858,54,3054,7585,434,218,4,Persona,CO,Premium,0.207,0
CLI00001859,50,4955,4319,437,209,2,Persona,CO,Mass,0.0726,0
CLI00001860,63,4915,8450,531,172,2,Persona,PE,Mass,0.1433,0
CLI00001861,63,6049,7118,838,39,5,Persona,CO,Mass,0.0981,0
CLI00001862,36,26195,6948,756,23,3,Persona,MX,Premium,0.0221,0
CLI00001863,70,6431,5363,844,33,4,Persona,MX,Mass,0.0695,0
CLI00001864,41,733,2197,651,147,4,Persona,PE,Premium,0.2497,0
CLI00001865,69,6380,8732,624,171,1,Persona,CO,Premium,0.1141,0
CLI00001866,43,5065,3631,500,191,5,Persona,CO,Mass,0.0597,0
CLI00001867,24,5088,2920,691,24,5,Persona,CO,Mass,0.0478,0
CLI00001868,65,5983,6369,626,65,4,Persona,CO,Premium,0.0887,0
CLI00001869,19,4803,16882,621,81,3,Persona,CO,Mass,0.2929,0
CLI00001870,65,4712,9755,844,151,3,Persona,CO,Mass,0.1725,0
CLI00001871,20,8025,4764,634,11,2,Persona,CO,Mass,0.0495,0
CLI00001872,30,3185,4576,809,201,4,Persona,US,Mass,0.1197,0
CLI00001873,55,2302,15303,459,19,2,Persona,CL,Mass,0.554,1
CLI00001874,76,55216,737,900,125,1,Persona,CO,Premium,0.0011,0
CLI00001875,43,2771,17986,605,223,1,Empresa,CO,Mass,0.5409,0
CLI00001876,25,5324,1243,734,46,3,Persona,CO,Mass,0.0195,0
CLI00001877,32,1485,1967,753,164,5,Persona,CO,Mass,0.1104,0
CLI00001878,73,5394,4845,590,131,4,Persona,CO,Mass,0.0749,0
CLI00001879,63,2329,70977,748,196,5,Persona,CO,Mass,2.5395,0
CLI00001880,24,3449,43365,754,141,4,Persona,CO,Mass,1.0477,0
CLI00001881,41,11339,16423,564,203,5,Empresa,CO,Private,0.1207,0
CLI00001882,34,7169,11574,565,96,4,Persona,CO,Premium,0.1345,0
CLI00001883,29,7744,1258,655,39,5,Persona,CO,Premium,0.0135,0
CLI00001884,70,1191,9478,636,163,3,Empresa,CO,Mass,0.6631,0
CLI00001885,56,21365,4678,817,232,1,Persona,CO,Mass,0.0182,0
CLI00001886,29,1894,3580,734,103,2,Persona,CO,Mass,0.1575,0
CLI00001887,58,16694,9459,641,196,5,Persona,CO,Premium,0.0472,0
CLI00001888,43,11128,5058,722,210,4,Persona,CO,Premium,0.0379,0
CLI00001889,21,7799,19327,404,154,1,Persona,CO,Private,0.2065,1
CLI00001890,45,2479,1169,576,189,1,Persona,CO,Mass,0.0393,0
CLI00001891,29,5548,8734,684,135,4,Empresa,CO,Mass,0.1312,0
CLI00001892,33,3372,3364,783,193,5,Persona,CO,Mass,0.0831,0
CLI00001893,72,5030,5379,673,80,4,Persona,CO,Mass,0.0891,0
CLI00001894,62,4024,10988,824,126,5,Persona,CO,Premium,0.2275,0
CLI00001895,26,962,2650,754,18,1,Persona,CO,Premium,0.2295,0
CLI00001896,70,12057,9549,591,47,5,Persona,US,Premium,0.066,0
CLI00001897,53,4605,6552,633,138,1,Persona,CO,Premium,0.1186,0
CLI00001898,72,3334,4185,699,173,5,Persona,CO,Mass,0.1046,0
CLI00001899,64,3139,5061,596,7,5,Persona,CO,Premium,0.1344,0
CLI00001900,39,6547,6942,833,16,3,Persona,CO,Mass,0.0884,0
CLI00001901,51,2404,3759,516,1,3,Persona,CO,Mass,0.1303,0
CLI00001902,50,809,8160,687,124,3,Persona,CO,Mass,0.8405,0
CLI00001903,62,6806,6135,738,80,3,Persona,CO,Mass,0.0751,0
CLI00001904,33,7444,4397,612,12,5,Persona,CO,Mass,0.0492,0
CLI00001905,38,4189,39729,585,190,2,Persona,CO,Premium,0.7903,0
CLI00001906,33,1961,12274,640,126,2,Empresa,CO,Premium,0.5216,0
CLI00001907,36,5277,5526,747,2,5,Persona,CO,Premium,0.0873,0
CLI00001908,27,1522,9375,590,164,5,Empresa,CO,Mass,0.5133,0
CLI00001909,20,2160,2902,521,218,3,Persona,PE,Mass,0.112,0
CLI00001910,76,2695,5235,788,100,2,Persona,CO,Mass,0.1619,0
CLI00001911,22,9654,5883,697,227,5,Persona,CO,Premium,0.0508,0
CLI00001912,73,3677,2329,770,100,5,Persona,CO,Mass,0.0528,0
CLI00001913,18,3434,11936,741,18,2,Persona,CO,Mass,0.2896,0
CLI00001914,66,23476,4887,900,29,3,Persona,CO,Premium,0.0173,0
CLI00001915,38,6515,5679,783,16,3,Persona,CO,Mass,0.0726,0
CLI00001916,50,6445,4588,563,72,5,Persona,CO,Premium,0.0593,0
CLI00001917,35,3656,156230,706,92,4,Persona,CO,Premium,3.561,0
CLI00001918,48,3050,4177,583,106,3,Persona,CO,Premium,0.1141,0
CLI00001919,45,854,1023,595,115,5,Empresa,CO,Premium,0.0998,0
CLI00001920,50,10667,1636,480,207,4,Persona,CO,Premium,0.0128,0
CLI00001921,42,7034,17314,615,2,3,Persona,CO,Mass,0.2051,0
CLI00001922,51,4258,30836,715,215,5,Persona,CO,Mass,0.6035,0
CLI00001923,69,4403,4097,642,57,3,Persona,CO,Mass,0.0775,0
CLI00001924,44,8856,29113,518,228,3,Empresa,CO,Mass,0.2739,0
CLI00001925,40,1416,17010,467,32,2,Persona,CO,Mass,1.001,0
CLI00001926,26,3065,6704,900,24,2,Empresa,CL,Mass,0.1823,0
CLI00001927,40,1980,6245,689,29,2,Persona,CO,Mass,0.2628,0
CLI00001928,25,20276,9709,551,71,1,Persona,CO,Premium,0.0399,0
CLI00001929,29,9902,19486,705,225,4,Persona,CO,Mass,0.164,0
CLI00001930,77,843,12055,900,111,3,Persona,CO,Mass,1.1916,0
CLI00001931,23,1464,4118,724,39,5,Persona,CO,Mass,0.2344,0
CLI00001932,47,4421,6807,315,154,4,Persona,CO,Mass,0.1283,0
CLI00001933,69,3367,58762,900,121,1,Empresa,CO,Mass,1.4543,0
CLI00001934,77,1703,10417,428,168,4,Persona,CO,Mass,0.5097,1
CLI00001935,27,23290,19328,625,177,1,Persona,CO,Premium,0.0692,0
CLI00001936,28,6310,13903,513,188,1,Persona,CO,Mass,0.1836,0
CLI00001937,41,7185,10650,561,36,4,Persona,CO,Mass,0.1235,0
CLI00001938,52,2825,9033,684,119,1,Empresa,CO,Mass,0.2665,0
CLI00001939,77,8758,19878,401,151,3,Persona,CO,Premium,0.1891,0
CLI00001940,30,3625,16624,639,133,5,Persona,CO,Mass,0.3822,0
CLI00001941,28,3917,10550,787,233,2,Persona,US,Mass,0.2244,0
CLI00001942,33,8012,4049,548,230,4,Persona,CO,Mass,0.0421,0
CLI00001943,72,1335,11915,483,194,2,Empresa,CO,Mass,0.7437,0
CLI00001944,19,17634,7577,633,57,1,Persona,CO,Mass,0.0358,0
CLI00001945,41,5686,5953,609,126,1,Persona,MX,Mass,0.0872,0
CLI00001946,25,13694,118039,578,192,1,Persona,CO,Mass,0.7183,0
CLI00001947,27,2079,1738,507,64,1,Persona,CO,Mass,0.0697,0
CLI00001948,74,2348,21131,712,170,1,Persona,CO,Premium,0.7499,0
CLI00001949,18,1940,3419,721,59,5,Persona,CO,Mass,0.1469,0
CLI00001950,37,6004,9239,522,33,5,Persona,CO,Mass,0.1282,0
CLI00001951,74,5181,105724,538,57,2,Persona,CO,Mass,1.7005,1
CLI00001952,55,3389,3095,666,222,4,Persona,US,Mass,0.0761,0
CLI00001953,22,2183,3928,534,238,2,Persona,CO,Private,0.1499,0
CLI00001954,46,1784,7962,671,205,4,Persona,CO,Mass,0.3719,0
CLI00001955,78,4727,3473,826,65,2,Persona,CO,Premium,0.0612,0
CLI00001956,42,3386,19615,642,187,4,Persona,CO,Mass,0.4827,0
CLI00001957,50,2839,4747,504,52,2,Persona,MX,Mass,0.1393,0
CLI00001958,50,16944,15584,697,30,5,Persona,CO,Premium,0.0766,0
CLI00001959,58,4601,2144,628,62,5,Persona,CO,Premium,0.0388,0
CLI00001960,29,13575,1330,631,33,2,Persona,CO,Premium,0.0082,0
CLI00001961,70,3207,6444,707,153,1,Persona,CO,Mass,0.1674,0
CLI00001962,79,5977,1688,732,163,2,Empresa,CO,Mass,0.0235,0
CLI00001963,26,4701,36985,654,8,2,Persona,CO,Mass,0.6556,0
CLI00001964,68,1263,1754,642,25,3,Persona,CO,Mass,0.1157,0
CLI00001965,68,15408,2870,897,114,3,Persona,CO,Mass,0.0155,0
CLI00001966,63,4411,12254,794,27,5,Persona,CO,Mass,0.2315,0
CLI00001967,40,8929,4508,750,198,1,Persona,US,Mass,0.0421,0
CLI00001968,47,2692,1775,665,96,3,Empresa,CO,Premium,0.0549,0
CLI00001969,70,4307,62315,529,99,1,Persona,CO,Private,1.2057,0
CLI00001970,27,2456,2976,785,1,3,Persona,US,Mass,0.101,0
CLI00001971,69,13210,6659,667,168,4,Persona,CO,Mass,0.042,0
CLI00001972,75,6305,6573,580,173,5,Persona,CO,Mass,0.0869,0
CLI00001973,60,6592,16486,620,181,3,Persona,CO,Mass,0.2084,0
CLI00001974,39,14567,12866,534,129,1,Persona,CO,Mass,0.0736,0
CLI00001975,52,12395,3544,776,64,5,Persona,CO,Premium,0.0238,0
CLI00001976,21,9065,5849,731,18,3,Persona,CO,Mass,0.0538,0
CLI00001977,75,1575,6458,671,75,3,Persona,CO,Mass,0.3417,0
CLI00001978,39,2817,17136,644,130,4,Persona,US,Mass,0.5069,0
CLI00001979,21,2201,2519,568,27,2,Persona,CO,Mass,0.0954,0
CLI00001980,67,8795,60968,394,12,5,Persona,CO,Premium,0.5777,0
CLI00001981,58,5633,3792,480,52,1,Persona,CO,Premium,0.0561,0
CLI00001982,56,1615,8032,560,16,1,Persona,US,Mass,0.4144,0
CLI00001983,21,4225,2540,542,3,5,Persona,CL,Mass,0.0501,0
CLI00001984,64,1487,2212,684,116,3,Persona,CO,Premium,0.124,0
CLI00001985,57,4710,3379,747,178,5,Persona,CO,Mass,0.0598,0
CLI00001986,67,1307,3070,634,119,5,Persona,CO,Mass,0.1957,0
CLI00001987,69,7503,5354,819,21,5,Persona,CO,Mass,0.0595,0
CLI00001988,31,6649,3044,556,81,4,Empresa,MX,Mass,0.0382,0
CLI00001989,31,22614,16245,633,8,4,Persona,CO,Mass,0.0599,0
CLI00001990,75,9684,3703,643,149,4,Persona,CO,Mass,0.0319,0
CLI00001991,50,3504,3314,781,55,4,Persona,CO,Mass,0.0788,0
CLI00001992,45,9456,5469,662,92,2,Empresa,CO,Mass,0.0482,0
CLI00001993,35,1606,21869,666,216,5,Persona,CO,Mass,1.1347,0
CLI00001994,57,2275,10045,451,140,1,Persona,CO,Premium,0.3679,0
CLI00001995,64,6415,7334,542,183,3,Empresa,CO,Premium,0.0953,0
CLI00001996,18,874,1933,781,83,2,Persona,CO,Mass,0.1843,0
CLI00001997,52,4770,2584,400,223,4,Persona,CO,Mass,0.0451,0
CLI00001998,79,2172,2256,811,171,2,Persona,CO,Premium,0.0866,0
CLI00001999,35,5329,29937,709,123,2,Persona,MX,Premium,0.4681,0
CLI00002000,35,2075,13774,560,139,5,Persona,CO,Mass,0.5532,0
CLI00002001,72,6900,3423,550,149,3,Persona,CO,Premium,0.0413,0
CLI00002002,21,4991,4608,877,38,4,Persona,CO,Premium,0.0769,0
CLI00002003,42,15067,3550,819,60,5,Persona,US,Mass,0.0196,0
CLI00002004,46,4941,3341,635,164,5,Persona,CO,Mass,0.0563,0
CLI00002005,67,2657,12839,666,105,2,Persona,PE,Mass,0.4027,0
CLI00002006,25,4033,6078,572,188,1,Persona,CO,Mass,0.1256,0
CLI00002007,44,1676,64936,666,126,5,Persona,CO,Mass,3.2286,0
CLI00002008,27,6801,28292,569,15,2,Persona,CO,Mass,0.3467,0
CLI00002009,66,7878,30015,640,159,4,Persona,CO,Premium,0.3175,0
CLI00002010,57,35431,15856,867,146,4,Persona,CO,Mass,0.0373,0
CLI00002011,48,2988,5309,638,87,3,Empresa,CO,Mass,0.1481,0
CLI00002012,42,3966,14732,524,189,1,Persona,CO,Mass,0.3095,0
CLI00002013,27,3100,5716,486,84,3,Persona,CO,Mass,0.1537,0
CLI00002014,75,5823,41368,665,27,1,Persona,CO,Mass,0.592,0
CLI00002015,58,6669,12140,558,29,2,Persona,CO,Mass,0.1517,0
CLI00002016,37,4709,10533,679,216,2,Persona,CO,Mass,0.1864,0
CLI00002017,43,11720,9201,455,90,3,Persona,CO,Mass,0.0654,0
CLI00002018,63,3000,46178,732,99,1,Persona,CO,Mass,1.2827,0
CLI00002019,62,10817,1931,522,73,5,Persona,CO,Premium,0.0149,0
CLI00002020,46,7561,50934,655,177,1,Persona,MX,Mass,0.5614,0
CLI00002021,36,4867,6726,609,145,5,Persona,CO,Premium,0.1152,0
CLI00002022,58,3820,1985,856,215,2,Persona,CO,Mass,0.0433,0
CLI00002023,58,34246,3819,670,214,3,Persona,CO,Mass,0.0093,0
CLI00002024,55,2556,1554,883,237,5,Persona,CO,Mass,0.0507,0
CLI00002025,22,6237,15578,717,78,4,Persona,CO,Mass,0.2081,0
CLI00002026,47,2696,2868,821,140,1,Persona,CO,Mass,0.0886,0
CLI00002027,56,20506,9591,624,83,4,Persona,CO,Premium,0.039,0
CLI00002028,76,9991,25190,691,169,3,Persona,CO,Mass,0.2101,0
CLI00002029,50,2856,4138,796,179,5,Persona,CO,Mass,0.1207,0
CLI00002030,39,7406,6197,758,60,3,Persona,CO,Mass,0.0697,0
CLI00002031,52,6039,2200,713,206,5,Persona,CO,Mass,0.0304,0
CLI00002032,28,3250,5495,610,69,3,Persona,CO,Mass,0.1409,0
CLI00002033,23,9013,106300,630,235,1,Persona,CO,Mass,0.9828,0
CLI00002034,60,6710,17640,786,204,3,Persona,CO,Mass,0.2191,0
CLI00002035,79,5840,6218,811,4,5,Persona,CO,Premium,0.0887,0
CLI00002036,70,4752,4395,578,95,1,Persona,CO,Mass,0.0771,0
CLI00002037,54,6938,7764,560,93,2,Persona,MX,Mass,0.0933,0
CLI00002038,20,5904,9228,541,197,1,Persona,CO,Mass,0.1302,0
CLI00002039,79,5152,5329,749,173,5,Persona,CO,Mass,0.0862,0
CLI00002040,45,2943,13767,538,12,3,Persona,CO,Premium,0.3898,0
CLI00002041,35,19053,3123,748,201,4,Persona,CO,Premium,0.0137,0
CLI00002042,73,2121,3107,715,52,5,Persona,CO,Mass,0.1221,0
CLI00002043,64,6919,11733,584,88,5,Persona,CO,Mass,0.1413,0
CLI00002044,64,3803,2518,837,40,3,Empresa,CO,Mass,0.0552,0
CLI00002045,35,20083,16798,474,37,5,Persona,CO,Premium,0.0697,0
CLI00002046,79,2385,7988,849,126,3,Persona,CO,Mass,0.2791,0
CLI00002047,46,2729,1302,688,20,5,Persona,CO,Mass,0.0398,0
CLI00002048,50,2262,9040,401,19,5,Empresa,CO,Mass,0.333,0
CLI00002049,64,6366,1502,841,188,2,Persona,CO,Premium,0.0197,0
CLI00002050,58,1638,16209,766,82,4,Persona,CO,Private,0.8246,0
CLI00002051,28,3351,6318,598,155,4,Persona,CO,Mass,0.1571,0
CLI00002052,36,878,51590,534,236,4,Persona,US,Mass,4.8961,1
CLI00002053,40,5957,23654,461,12,1,Persona,CO,Mass,0.3309,1
CLI00002054,76,3293,2805,900,190,3,Persona,CO,Mass,0.071,0
CLI00002055,62,1494,1074,539,26,1,Persona,CO,Mass,0.0599,0
CLI00002056,40,11713,3808,498,182,5,Persona,MX,Mass,0.0271,0
CLI00002057,63,1726,2389,682,73,5,Persona,CO,Premium,0.1153,0
CLI00002058,63,9298,50298,453,32,3,Persona,CO,Premium,0.4508,1
CLI00002059,42,2805,8019,532,54,1,Persona,CO,Premium,0.2382,0
CLI00002060,42,17698,20607,769,87,4,Persona,CO,Mass,0.097,0
CLI00002061,73,8952,6093,705,175,3,Persona,CO,Mass,0.0567,0
CLI00002062,52,2194,6770,603,163,4,Empresa,CO,Mass,0.2571,0
CLI00002063,27,2359,7842,652,174,1,Persona,CL,Mass,0.277,0
CLI00002064,62,7977,24502,596,5,3,Persona,CO,Mass,0.256,0
CLI00002065,54,3984,11065,642,234,2,Persona,CO,Premium,0.2314,0
CLI00002066,49,4292,2814,558,104,5,Persona,CO,Mass,0.0546,0
CLI00002067,62,13599,41048,580,26,2,Persona,CO,Mass,0.2515,0
CLI00002068,74,2700,6046,576,222,5,Persona,MX,Mass,0.1866,0
CLI00002069,38,5287,5138,562,190,5,Persona,CO,Mass,0.081,0
CLI00002070,43,10548,478,775,19,3,Persona,CO,Mass,0.0038,0
CLI00002071,29,9388,15281,742,104,1,Persona,CO,Mass,0.1356,0
CLI00002072,58,4325,8964,538,217,2,Persona,CO,Mass,0.1727,0
CLI00002073,42,3900,8954,506,163,1,Persona,US,Mass,0.1913,0
CLI00002074,39,1222,5416,631,46,4,Persona,CO,Mass,0.3693,0
CLI00002075,61,2111,4558,900,168,4,Persona,CO,Private,0.1799,0
CLI00002076,43,6340,5599,526,45,2,Persona,CO,Premium,0.0736,0
CLI00002077,46,4401,12876,630,84,4,Persona,CO,Mass,0.2438,0
CLI00002078,45,5218,15353,660,46,3,Persona,CO,Premium,0.2452,0
CLI00002079,34,11286,6431,636,166,5,Persona,CO,Mass,0.0475,0
CLI00002080,25,1901,20929,595,223,1,Persona,CO,Premium,0.9174,0
CLI00002081,69,4068,7487,788,10,1,Empresa,CO,Mass,0.1534,0
CLI00002082,23,5715,4894,704,144,5,Persona,CO,Mass,0.0714,0
CLI00002083,38,2798,9881,751,59,2,Persona,CO,Mass,0.2943,0
CLI00002084,59,15447,2081,720,180,5,Persona,CO,Private,0.0112,0
CLI00002085,26,10166,10226,757,33,5,Persona,CO,Premium,0.0838,0
CLI00002086,58,6198,1733,840,87,1,Empresa,CO,Mass,0.0233,0
CLI00002087,63,20648,2899,809,49,3,Persona,CO,Mass,0.0117,0
CLI00002088,59,1481,1076,900,209,4,Persona,CO,Mass,0.0605,0
CLI00002089,36,4884,6801,796,19,1,Empresa,CO,Premium,0.116,0
CLI00002090,19,6588,40523,569,139,5,Persona,CO,Mass,0.5126,0
CLI00002091,73,2364,7207,751,28,1,Persona,CO,Mass,0.254,0
CLI00002092,38,6251,15422,735,143,1,Persona,CO,Mass,0.2056,0
CLI00002093,67,2027,85162,880,184,3,Persona,CO,Mass,3.501,0
CLI00002094,30,8539,12137,533,180,2,Persona,CO,Mass,0.1184,0
CLI00002095,28,11455,3769,716,8,4,Persona,CO,Premium,0.0274,0
CLI00002096,66,6111,4326,568,185,2,Persona,CO,Premium,0.059,0
CLI00002097,76,1116,8108,711,71,2,Persona,CO,Mass,0.6054,0
CLI00002098,71,2267,4303,624,163,5,Empresa,CO,Premium,0.1582,0
CLI00002099,64,7721,4637,707,231,1,Persona,CO,Premium,0.05,0
CLI00002100,33,4998,21704,480,28,3,Persona,CO,Mass,0.3619,0
CLI00002101,74,569,22610,745,87,1,Persona,CO,Mass,3.3109,0
CLI00002102,59,13283,1561,674,208,1,Persona,CL,Mass,0.0098,0
CLI00002103,28,5482,3575,668,33,2,Persona,CO,Private,0.0543,0
CLI00002104,26,2552,5094,884,62,2,Empresa,CO,Mass,0.1663,0
CLI00002105,72,10893,14751,604,131,3,Persona,PE,Mass,0.1128,0
CLI00002106,35,2858,25414,691,239,3,Persona,CO,Mass,0.741,0
CLI00002107,65,2833,120809,662,70,1,Persona,CO,Mass,3.5535,0
CLI00002108,26,6546,5086,673,92,1,Persona,MX,Mass,0.0647,0
CLI00002109,35,20431,5346,900,190,1,Persona,CO,Mass,0.0218,0
CLI00002110,35,18013,14596,657,28,4,Persona,CO,Premium,0.0675,0
CLI00002111,35,6553,4096,581,78,5,Persona,CO,Mass,0.0521,0
CLI00002112,59,7114,7037,874,75,1,Persona,PE,Mass,0.0824,0
CLI00002113,74,9257,5350,613,96,1,Persona,CO,Mass,0.0482,0
CLI00002114,74,1797,588,457,137,4,Empresa,CO,Mass,0.0273,0
CLI00002115,63,8228,9165,561,53,4,Empresa,CO,Mass,0.0928,0
CLI00002116,30,2731,6752,500,93,4,Persona,CL,Mass,0.206,0
CLI00002117,77,6340,28889,434,220,1,Persona,CO,Premium,0.3797,1
CLI00002118,51,4097,8147,606,198,5,Persona,CO,Mass,0.1657,0
CLI00002119,51,7339,2310,641,229,4,Persona,CO,Premium,0.0262,0
CLI00002120,61,5401,6259,791,163,1,Persona,CO,Premium,0.0966,0
CLI00002121,65,420,1001,725,139,1,Persona,CO,Mass,0.1986,0
CLI00002122,77,5670,2414,720,51,4,Persona,CO,Premium,0.0355,0
CLI00002123,54,8215,15298,542,38,4,Persona,CO,Mass,0.1552,0
CLI00002124,55,7021,6327,756,129,4,Persona,CO,Mass,0.0751,0
CLI00002125,64,4527,20384,816,97,3,Persona,CO,Mass,0.3752,0
CLI00002126,33,18283,1133,697,189,3,Persona,CO,Mass,0.0052,0
CLI00002127,37,6305,6358,700,2,4,Persona,CO,Mass,0.084,0
CLI00002128,56,6975,5036,498,213,1,Persona,CO,Premium,0.0602,0
CLI00002129,21,11334,21075,776,40,2,Persona,CO,Mass,0.155,0
CLI00002130,37,6568,15879,863,94,1,Persona,CO,Mass,0.2015,0
CLI00002131,62,2396,15401,688,85,5,Persona,CO,Premium,0.5356,0
CLI00002132,78,698,37850,578,221,4,Persona,CO,Premium,4.5183,0
CLI00002133,50,3355,5607,630,172,4,Persona,CO,Premium,0.1393,0
CLI00002134,42,9034,30794,599,8,3,Empresa,CO,Mass,0.2841,0
CLI00002135,45,3705,2852,606,204,5,Persona,CO,Mass,0.0641,0
CLI00002136,60,9329,2749,727,162,5,Persona,CO,Mass,0.0246,0
CLI00002137,51,5535,17201,683,16,4,Persona,PE,Mass,0.259,0
CLI00002138,19,13772,1799,770,187,5,Persona,CO,Mass,0.0109,0
CLI00002139,51,3880,14368,694,8,4,Persona,CL,Premium,0.3086,0
CLI00002140,42,7144,8967,546,102,4,Persona,CO,Premium,0.1046,0
CLI00002141,61,7366,23667,589,38,2,Persona,CO,Private,0.2677,0
CLI00002142,72,16338,7635,582,2,5,Persona,CO,Mass,0.0389,0
CLI00002143,77,1254,8570,627,134,1,Persona,US,Mass,0.5695,0
CLI00002144,55,3405,13484,865,164,4,Persona,MX,Mass,0.33,0
CLI00002145,40,9689,4177,884,115,4,Persona,CO,Premium,0.0359,0
CLI00002146,45,16927,3998,750,82,1,Persona,CO,Mass,0.0197,0
CLI00002147,28,5955,13022,664,123,4,Persona,CO,Premium,0.1822,0
CLI00002148,76,3888,7869,486,36,1,Persona,CO,Premium,0.1687,0
CLI00002149,70,9006,5392,676,11,3,Persona,CL,Mass,0.0499,0
CLI00002150,70,9847,7459,555,37,5,Persona,CO,Mass,0.0631,0
CLI00002151,38,3685,39917,845,13,1,Persona,CO,Premium,0.9027,0
CLI00002152,37,6401,5202,457,184,2,Persona,CO,Mass,0.0677,0
CLI00002153,71,12637,5054,696,146,3,Persona,CO,Mass,0.0333,0
CLI00002154,51,22300,1469,545,44,5,Persona,CO,Mass,0.0055,0
CLI00002155,61,8902,7767,648,136,2,Persona,CO,Mass,0.0727,0
CLI00002156,48,5091,15629,729,116,1,Persona,CO,Private,0.2558,0
CLI00002157,45,4706,18698,772,26,1,Persona,CO,Mass,0.3311,0
CLI00002158,57,7676,9029,642,232,1,Persona,CO,Mass,0.098,0
CLI00002159,68,4480,21074,741,225,5,Empresa,PE,Private,0.392,0
CLI00002160,38,5719,16835,570,182,4,Persona,CO,Mass,0.2453,0
CLI00002161,68,2108,24660,679,194,3,Persona,PE,Premium,0.9748,0
CLI00002162,33,13872,21683,770,131,5,Persona,CO,Premium,0.1303,0
CLI00002163,42,1974,38947,689,192,5,Persona,US,Mass,1.6441,0
CLI00002164,74,3478,6838,586,126,5,Persona,CO,Mass,0.1638,0
CLI00002165,77,5313,2149,616,39,1,Empresa,CO,Mass,0.0337,0
CLI00002166,75,24168,15736,771,40,1,Persona,CO,Mass,0.0543,0
CLI00002167,37,3504,17686,518,204,4,Persona,CO,Mass,0.4206,0
CLI00002168,70,2884,38948,536,107,2,Persona,CO,Mass,1.1254,0
CLI00002169,76,3163,29181,722,175,1,Empresa,CO,Mass,0.7688,0
CLI00002170,78,18529,56696,597,34,4,Persona,MX,Premium,0.255,0
CLI00002171,19,518,15060,475,107,2,Persona,CO,Mass,2.4224,1
CLI00002172,64,2203,10186,812,20,5,Persona,CO,Mass,0.3853,0
CLI00002173,79,43696,2028,518,52,3,Persona,CO,Mass,0.0039,0
CLI00002174,65,7884,11026,626,26,2,Persona,CO,Mass,0.1165,0
CLI00002175,32,2028,4663,575,49,5,Empresa,US,Mass,0.1916,0
CLI00002176,65,4752,10011,614,145,4,Persona,CO,Mass,0.1756,0
CLI00002177,24,5187,8557,543,1,2,Persona,CO,Private,0.1375,0
CLI00002178,47,9671,12987,735,46,1,Persona,CO,Premium,0.1119,0
CLI00002179,56,21409,7351,663,165,3,Persona,CO,Mass,0.0286,0
CLI00002180,46,6706,20640,768,35,4,Persona,CO,Premium,0.2565,0
CLI00002181,61,3191,532,576,133,5,Persona,CO,Mass,0.0139,0
CLI00002182,32,9224,9798,900,208,1,Empresa,CO,Mass,0.0885,0
CLI00002183,55,2811,26970,421,187,3,Persona,CO,Mass,0.7995,1
CLI00002184,57,2150,52577,459,29,5,Persona,CO,Premium,2.0378,0
CLI00002185,57,1202,16847,860,35,4,Persona,CO,Private,1.1679,0
CLI00002186,35,1405,43690,706,169,1,Persona,CO,Mass,2.5912,0
CLI00002187,36,2399,9594,690,83,5,Persona,CO,Mass,0.3333,0
CLI00002188,33,1915,8126,701,100,4,Persona,CO,Premium,0.3536,0
CLI00002189,46,6314,13758,718,114,3,Persona,MX,Mass,0.1816,0
CLI00002190,54,1882,8077,685,138,4,Persona,CO,Mass,0.3576,0
CLI00002191,40,397,3705,534,107,4,Persona,US,Mass,0.7775,0
CLI00002192,43,2132,4840,748,5,2,Persona,CO,Mass,0.1892,0
CLI00002193,35,3369,2664,729,22,4,Persona,CO,Mass,0.0659,0
CLI00002194,31,3027,13744,821,0,2,Persona,CO,Premium,0.3784,0
CLI00002195,58,16574,8195,861,63,2,Persona,CO,Mass,0.0412,0
CLI00002196,68,3008,5651,689,196,3,Persona,CO,Mass,0.1566,0
CLI00002197,36,9944,4597,502,233,1,Persona,CO,Mass,0.0385,0
CLI00002198,71,4840,13427,862,114,4,Persona,CO,Mass,0.2312,0
CLI00002199,53,4751,17684,527,6,3,Persona,CO,Premium,0.3102,0
CLI00002200,28,2519,2616,690,17,4,Persona,CO,Mass,0.0865,0
CLI00002201,40,4688,2235,619,195,1,Empresa,CO,Premium,0.0397,0
CLI00002202,18,2664,21046,598,82,3,Persona,CO,Mass,0.6583,0
CLI00002203,20,5630,2048,741,211,3,Persona,CO,Premium,0.0303,0
CLI00002204,38,4068,14009,679,121,1,Persona,CO,Mass,0.287,0
CLI00002205,46,2308,40819,711,211,3,Persona,CO,Mass,1.4738,0
CLI00002206,67,10867,40914,552,32,5,Persona,CO,Mass,0.3137,0
CLI00002207,26,6915,16947,629,205,5,Persona,CO,Premium,0.2042,0
CLI00002208,70,3434,16461,557,131,1,Persona,CO,Mass,0.3995,0
CLI00002209,32,5521,77026,626,105,5,Persona,CO,Mass,1.1626,0
CLI00002210,26,4596,784,635,126,3,Persona,CO,Mass,0.0142,0
CLI00002211,61,2455,5093,871,78,1,Persona,CO,Premium,0.1729,0
CLI00002212,66,5199,18929,618,144,5,Persona,CO,Mass,0.3034,0
CLI00002213,55,2990,5783,394,184,3,Persona,CO,Mass,0.1612,0
CLI00002214,25,2307,27994,817,194,5,Persona,CO,Premium,1.0112,0
CLI00002215,25,1341,7790,703,234,1,Persona,CO,Mass,0.4841,0
CLI00002216,42,3689,9244,634,99,1,Persona,CO,Mass,0.2088,0
CLI00002217,45,7735,6156,597,184,5,Persona,US,Premium,0.0663,0
CLI00002218,79,2819,4805,536,213,2,Persona,US,Mass,0.142,0
CLI00002219,35,36922,4688,882,4,3,Persona,CO,Mass,0.0106,0
CLI00002220,29,9982,10627,656,113,4,Persona,CO,Mass,0.0887,0
CLI00002221,76,13953,3734,441,168,5,Empresa,MX,Mass,0.0223,0
CLI00002222,27,9285,21019,689,109,2,Persona,CO,Premium,0.1886,0
CLI00002223,19,21639,15571,794,24,4,Persona,PE,Mass,0.06,0
CLI00002224,44,2618,24328,668,157,4,Persona,CO,Mass,0.7744,0
CLI00002225,42,633,2620,541,97,4,Persona,PE,Mass,0.3449,0
CLI00002226,56,3439,1481,531,148,3,Persona,CO,Mass,0.0359,0
CLI00002227,72,7681,8069,539,0,1,Persona,CO,Mass,0.0875,0
CLI00002228,75,5548,147090,832,2,2,Persona,CO,Mass,2.2093,0
CLI00002229,35,6126,28744,641,144,3,Persona,CO,Private,0.391,0
CLI00002230,78,14139,4654,448,235,3,Persona,CO,Mass,0.0274,0
CLI00002231,57,6671,12388,696,153,1,Persona,CO,Mass,0.1547,0
CLI00002232,22,9312,16774,666,226,4,Persona,CO,Premium,0.1501,0
CLI00002233,76,2317,2062,596,203,3,Persona,MX,Mass,0.0742,0
CLI00002234,26,2046,31876,527,67,4,Persona,PE,Mass,1.2983,0
CLI00002235,54,17877,6853,522,24,3,Persona,US,Premium,0.0319,0
CLI00002236,67,5327,7400,780,134,2,Persona,CL,Premium,0.1158,0
CLI00002237,33,2985,8298,679,148,1,Empresa,CO,Mass,0.2317,0
CLI00002238,34,2989,25451,707,184,1,Persona,MX,Mass,0.7096,0
CLI00002239,47,2923,3807,679,125,3,Persona,CO,Mass,0.1085,0
CLI00002240,72,2787,1470,689,220,2,Persona,CO,Mass,0.044,0
CLI00002241,31,1760,11192,593,202,4,Persona,US,Mass,0.5299,0
CLI00002242,59,1479,1049,625,140,4,Persona,CO,Mass,0.0591,0
CLI00002243,46,4204,5996,789,132,2,Persona,CO,Premium,0.1189,0
CLI00002244,24,3058,26552,819,4,4,Persona,CO,Mass,0.7235,0
CLI00002245,62,11917,14459,503,187,3,Empresa,CO,Premium,0.1011,0
CLI00002246,69,6213,22979,625,163,5,Persona,CO,Mass,0.3082,0
CLI00002247,53,6076,15068,750,215,5,Persona,CO,Mass,0.2067,0
CLI00002248,28,2712,90249,875,22,5,Persona,CO,Mass,2.7731,0
CLI00002249,27,4461,4499,863,35,1,Persona,CO,Mass,0.084,0
CLI00002250,44,6560,12065,554,161,3,Persona,CO,Mass,0.1533,0
CLI00002251,49,8716,5228,803,117,1,Persona,CO,Mass,0.05,0
CLI00002252,52,4559,21095,657,140,5,Persona,CO,Premium,0.3856,0
CLI00002253,33,11652,7619,775,104,4,Persona,CO,Premium,0.0545,0
CLI00002254,49,4946,45199,744,153,2,Persona,CO,Mass,0.7615,0
CLI00002255,36,9267,4765,498,158,4,Persona,MX,Mass,0.0428,0
CLI00002256,60,3321,33094,715,45,3,Persona,CO,Premium,0.8304,0
CLI00002257,67,1152,14663,770,182,3,Persona,PE,Mass,1.0606,0
CLI00002258,58,6091,7844,647,118,3,Persona,CO,Mass,0.1073,0
CLI00002259,18,8780,13938,620,138,5,Persona,US,Premium,0.1323,0
CLI00002260,79,7787,10522,461,148,4,Persona,CO,Mass,0.1126,0
CLI00002261,19,6889,11567,732,178,3,Persona,CO,Mass,0.1399,0
CLI00002262,79,3718,6588,675,72,4,Empresa,CO,Mass,0.1477,0
CLI00002263,19,2577,4017,539,1,1,Persona,CO,Mass,0.1299,0
CLI00002264,50,7641,5796,610,43,2,Persona,CO,Mass,0.0632,0
CLI00002265,24,6912,1505,668,231,1,Persona,CO,Mass,0.0181,0
CLI00002266,23,3137,18806,582,53,5,Persona,CO,Premium,0.4996,0
CLI00002267,60,11938,2356,650,59,1,Persona,CO,Mass,0.0164,0
CLI00002268,63,2425,6518,440,205,5,Persona,CO,Mass,0.224,0
CLI00002269,25,3081,15491,811,56,5,Persona,CO,Premium,0.419,0
CLI00002270,78,18199,18758,651,111,5,Persona,CO,Mass,0.0859,0
CLI00002271,37,9846,1373,518,88,4,Persona,CO,Mass,0.0116,0
CLI00002272,37,3690,7391,354,158,3,Persona,CO,Mass,0.1669,0
CLI00002273,36,6185,12832,773,142,5,Persona,US,Private,0.1729,0
CLI00002274,46,5562,8535,716,123,5,Empresa,CO,Mass,0.1279,0
CLI00002275,29,546,31072,675,120,5,Persona,MX,Premium,4.7416,0
CLI00002276,44,2379,3562,753,200,4,Persona,CO,Mass,0.1248,0
CLI00002277,31,4718,1044,753,139,4,Persona,CO,Mass,0.0184,0
CLI00002278,21,3694,18220,673,122,4,Persona,CO,Premium,0.411,0
CLI00002279,40,5989,4735,619,212,5,Persona,CO,Mass,0.0659,0
CLI00002280,59,12131,1396,599,22,3,Persona,CO,Premium,0.0096,0
CLI00002281,65,3800,6915,700,200,3,Persona,CO,Mass,0.1516,0
CLI00002282,39,2108,27737,817,47,5,Persona,CO,Mass,1.0965,0
CLI00002283,38,6373,2291,637,79,2,Persona,CO,Mass,0.03,0
CLI00002284,66,3784,83783,827,3,4,Persona,CO,Mass,1.8451,0
CLI00002285,60,4337,3505,694,137,1,Persona,MX,Mass,0.0673,0
CLI00002286,69,3891,8839,695,199,3,Persona,CO,Premium,0.1893,0
CLI00002287,74,29539,2394,900,91,1,Empresa,CO,Premium,0.0068,0
CLI00002288,68,818,8447,848,159,5,Persona,CO,Premium,0.8604,0
CLI00002289,76,3602,7088,851,94,5,Persona,CO,Mass,0.164,0
CLI00002290,43,4900,1827,554,182,2,Persona,CO,Mass,0.0311,0
CLI00002291,42,2630,136738,900,239,1,Persona,CO,Premium,4.3325,0
CLI00002292,37,10095,4937,640,171,4,Persona,CO,Mass,0.0408,0
CLI00002293,32,9420,4942,622,81,5,Persona,CO,Mass,0.0437,0
CLI00002294,64,4730,21354,390,197,2,Persona,CO,Mass,0.3762,0
CLI00002295,62,3957,49724,689,9,5,Persona,CO,Premium,1.0472,0
CLI00002296,67,4493,24995,519,236,3,Persona,CO,Premium,0.4636,0
CLI00002297,28,4519,2437,698,201,3,Persona,PE,Mass,0.0449,0
CLI00002298,48,4616,10035,510,156,2,Persona,CO,Premium,0.1812,0
CLI00002299,31,4228,1234,865,148,2,Persona,CO,Premium,0.0243,0
CLI00002300,73,6014,19964,716,60,2,Persona,CO,Mass,0.2766,0
CLI00002301,34,8978,1579,900,103,1,Persona,CO,Mass,0.0147,0
CLI00002302,26,1836,3629,527,24,2,Empresa,CO,Mass,0.1647,0
CLI00002303,53,2120,8077,835,81,2,Persona,PE,Mass,0.3175,0
CLI00002304,72,1213,12644,433,141,1,Persona,CO,Mass,0.8686,0
CLI00002305,74,9829,6242,674,86,2,Persona,CO,Mass,0.0529,0
CLI00002306,23,6004,37015,574,184,1,Persona,US,Mass,0.5137,0
CLI00002307,38,7362,16701,596,204,1,Persona,CO,Mass,0.189,0
CLI00002308,27,1566,15440,588,134,4,Persona,CO,Mass,0.8216,0
CLI00002309,37,20495,2369,540,81,1,Persona,MX,Premium,0.0096,0
CLI00002310,51,3019,44327,498,72,2,Persona,CO,Mass,1.2235,1
CLI00002311,35,5622,3629,596,131,4,Persona,CO,Premium,0.0538,0
CLI00002312,22,9735,46052,663,172,1,Persona,CO,Private,0.3942,0
CLI00002313,49,2231,61217,789,30,4,Persona,CO,Premium,2.2865,0
CLI00002314,21,3174,13529,685,107,1,Persona,CO,Mass,0.3552,0
CLI00002315,32,5672,22743,789,105,1,Persona,CO,Premium,0.3341,0
CLI00002316,18,48338,371,472,68,1,Persona,PE,Premium,0.0006,1
CLI00002317,23,6253,6667,598,57,5,Persona,CO,Premium,0.0888,0
CLI00002318,45,17766,24395,735,201,1,Persona,CO,Mass,0.1144,0
CLI00002319,70,12894,20424,691,103,1,Persona,CO,Mass,0.132,0
CLI00002320,66,6597,2392,546,138,5,Persona,CO,Mass,0.0302,0
CLI00002321,24,2227,6040,762,9,4,Persona,CO,Mass,0.226,0
CLI00002322,20,11473,641,586,68,3,Empresa,CO,Premium,0.0047,0
CLI00002323,38,1482,12246,556,53,1,Persona,CO,Mass,0.6886,0
CLI00002324,58,17689,1232,708,78,2,Persona,CO,Premium,0.0058,0
CLI00002325,64,5767,25096,650,201,3,Empresa,CO,Mass,0.3626,0
CLI00002326,69,589,26442,587,137,3,Persona,CO,Mass,3.7406,1
CLI00002327,39,3742,5042,583,216,3,Persona,CO,Mass,0.1123,0
CLI00002328,28,8292,13647,521,101,1,Persona,CO,Mass,0.1371,0
CLI00002329,19,4065,6521,602,184,5,Persona,CO,Mass,0.1337,0
CLI00002330,27,8708,10320,782,38,4,Persona,CO,Premium,0.0988,0
CLI00002331,22,2489,2572,679,195,2,Persona,CO,Mass,0.0861,0
CLI00002332,71,1728,15100,765,146,5,Persona,CO,Mass,0.7282,0
CLI00002333,34,4641,1569,711,9,2,Persona,CO,Mass,0.0282,0
CLI00002334,69,5040,1299,576,165,1,Persona,CO,Mass,0.0215,0
CLI00002335,52,3719,7172,452,115,5,Persona,CO,Mass,0.1607,0
CLI00002336,51,13119,6560,538,0,1,Persona,PE,Private,0.0417,0
CLI00002337,46,2489,10639,569,203,1,Persona,CO,Mass,0.3562,0
CLI00002338,68,6314,4232,560,128,4,Persona,CO,Mass,0.0559,0
CLI00002339,20,5189,53406,767,145,2,Empresa,CO,Premium,0.8577,0
CLI00002340,23,1414,9514,766,138,1,Persona,CO,Mass,0.5607,0
CLI00002341,44,1710,10227,900,21,1,Persona,CO,Mass,0.4984,0
CLI00002342,42,4961,9869,558,79,1,Persona,CO,Premium,0.1658,0
CLI00002343,51,23979,22090,841,168,5,Persona,CO,Mass,0.0768,0
CLI00002344,63,7811,14414,840,81,4,Empresa,MX,Mass,0.1538,0
CLI00002345,54,1235,12607,622,213,5,Persona,CO,Private,0.8506,0
CLI00002346,33,408,16915,706,76,4,Persona,CO,Mass,3.4542,0
CLI00002347,38,8834,1306,798,110,3,Persona,CO,Mass,0.0123,0
CLI00002348,64,4550,1357,642,106,2,Persona,PE,Mass,0.0249,0
CLI00002349,30,12246,7509,633,4,5,Persona,CO,Mass,0.0511,0
CLI00002350,49,2429,6649,574,194,5,Persona,PE,Mass,0.2281,0
CLI00002351,51,6503,14469,366,32,3,Persona,CL,Premium,0.1854,0
CLI00002352,64,9671,8266,658,112,1,Persona,CO,Private,0.0712,0
CLI00002353,62,3435,14499,564,217,4,Empresa,CO,Premium,0.3517,0
CLI00002354,46,3495,2331,520,238,2,Persona,CO,Premium,0.0556,0
CLI00002355,37,5015,8016,700,55,2,Persona,CO,Mass,0.1332,0
CLI00002356,40,7586,2119,475,90,4,Persona,CO,Mass,0.0233,0
CLI00002357,43,4858,11930,746,135,5,Persona,CO,Mass,0.2046,0
CLI00002358,31,10712,1238,708,167,4,Persona,MX,Mass,0.0096,0
CLI00002359,56,3396,11479,601,60,1,Persona,CO,Mass,0.2817,0
CLI00002360,30,1698,1864,642,131,4,Persona,CO,Mass,0.0915,0
CLI00002361,58,23898,5521,507,200,5,Empresa,CO,Premium,0.0193,0
CLI00002362,64,3029,19829,740,182,4,Persona,CO,Mass,0.5455,0
CLI00002363,77,3118,10171,672,197,2,Empresa,CO,Premium,0.2718,0
CLI00002364,25,4662,1562,681,213,4,Empresa,MX,Mass,0.0279,0
CLI00002365,65,5186,4136,710,206,2,Persona,CO,Mass,0.0665,0
CLI00002366,23,3607,1805,572,122,5,Persona,CO,Mass,0.0417,0
CLI00002367,38,4846,1488,467,233,5,Persona,CO,Mass,0.0256,0
CLI00002368,28,4760,9114,764,118,3,Persona,CO,Mass,0.1596,0
CLI00002369,28,5652,14190,732,170,1,Persona,MX,Mass,0.2092,0
CLI00002370,28,745,12589,585,226,3,Persona,MX,Mass,1.408,0
CLI00002371,20,22130,14803,699,10,1,Persona,CO,Mass,0.0557,0
CLI00002372,69,4368,8007,800,224,4,Persona,CO,Mass,0.1528,0
CLI00002373,21,7820,6164,786,197,4,Persona,CO,Mass,0.0657,0
CLI00002374,42,1631,2770,582,239,2,Persona,CO,Mass,0.1415,0
CLI00002375,61,3371,5218,471,185,5,Persona,CO,Premium,0.129,0
CLI00002376,79,2870,2161,491,37,4,Persona,PE,Mass,0.0627,0
CLI00002377,70,15927,3480,612,72,5,Empresa,CO,Mass,0.0182,0
CLI00002378,26,3075,8856,825,0,2,Persona,CO,Mass,0.24,0
CLI00002379,79,9013,7202,562,145,1,Persona,CO,Premium,0.0666,0
CLI00002380,58,2920,173638,578,104,3,Empresa,CO,Mass,4.9553,0
CLI00002381,29,3421,2109,575,113,2,Persona,US,Mass,0.0514,0
CLI00002382,45,4038,7150,586,176,4,Persona,CO,Mass,0.1476,0
CLI00002383,74,13726,1951,648,196,3,Persona,CO,Mass,0.0118,0
CLI00002384,42,1083,5498,496,17,4,Empresa,CO,Mass,0.423,1
CLI00002385,29,1715,5726,780,220,1,Persona,US,Premium,0.2782,0
CLI00002386,72,1034,18861,632,89,1,Persona,CO,Mass,1.5199,0
CLI00002387,77,2059,5168,900,180,5,Persona,CO,Mass,0.2092,0
CLI00002388,78,2567,6692,509,139,3,Persona,CO,Mass,0.2172,0
CLI00002389,77,1350,5269,840,106,1,Persona,CO,Mass,0.3252,0
CLI00002390,72,2731,1996,816,51,5,Persona,CO,Mass,0.0609,0
CLI00002391,46,980,4221,600,45,1,Persona,CO,Mass,0.3589,0
CLI00002392,29,2176,5530,602,175,5,Empresa,CO,Mass,0.2118,0
CLI00002393,56,12840,8723,539,77,2,Persona,CO,Mass,0.0566,0
CLI00002394,31,6787,14170,540,55,3,Persona,CO,Mass,0.174,0
CLI00002395,47,5709,6408,649,1,2,Empresa,CO,Mass,0.0935,0
CLI00002396,58,2203,6296,652,201,1,Persona,US,Mass,0.2382,0
CLI00002397,76,1438,1449,457,94,3,Persona,CO,Premium,0.084,0
CLI00002398,35,1975,13901,900,83,2,Persona,CO,Mass,0.5865,0
CLI00002399,33,4747,4040,618,89,3,Persona,CO,Mass,0.0709,0
CLI00002400,63,9843,17104,657,143,3,Persona,CO,Mass,0.1448,0
CLI00002401,18,10116,30225,574,115,4,Persona,CO,Premium,0.249,0
CLI00002402,53,8139,6714,617,130,1,Persona,CO,Mass,0.0687,0
CLI00002403,64,2724,2912,607,66,2,Persona,CO,Mass,0.0891,0
CLI00002404,52,5012,7968,649,71,5,Persona,CO,Mass,0.1325,0
CLI00002405,41,3800,11483,648,207,5,Empresa,CO,Premium,0.2518,0
CLI00002406,69,4184,5910,746,105,3,Persona,CO,Premium,0.1177,0
CLI00002407,41,25076,4609,677,233,2,Persona,CO,Mass,0.0153,0
CLI00002408,62,1200,14236,734,203,3,Persona,PE,Private,0.9885,0
CLI00002409,46,4073,13327,648,170,4,Persona,CO,Mass,0.2727,0
CLI00002410,19,12957,5731,677,131,2,Persona,CO,Premium,0.0369,0
CLI00002411,50,1521,1549,621,200,5,Persona,CO,Mass,0.0849,0
CLI00002412,21,2936,12789,770,13,1,Persona,CO,Premium,0.363,0
CLI00002413,75,3218,3761,688,119,4,Persona,CO,Premium,0.0974,0
CLI00002414,55,4110,10040,631,171,3,Persona,PE,Premium,0.2036,0
CLI00002415,41,1370,9425,627,25,3,Persona,CO,Mass,0.5733,0
CLI00002416,48,7912,1225,636,43,3,Persona,CO,Mass,0.0129,0
CLI00002417,56,8375,8787,653,15,1,Persona,CO,Mass,0.0874,0
CLI00002418,34,7381,13555,643,116,2,Persona,CO,Mass,0.153,0
CLI00002419,35,2449,15323,582,129,2,Persona,CO,Premium,0.5214,0
CLI00002420,43,5266,9112,741,112,4,Persona,MX,Mass,0.1442,0
CLI00002421,34,2393,1121,749,13,3,Persona,CO,Mass,0.039,0
CLI00002422,64,3766,29058,864,116,3,Persona,CO,Mass,0.643,0
CLI00002423,24,27522,12222,577,213,3,Empresa,CO,Premium,0.037,0
CLI00002424,69,5305,2432,729,7,3,Empresa,CO,Mass,0.0382,0
CLI00002425,39,1900,3685,420,186,1,Persona,CO,Mass,0.1616,1
CLI00002426,52,5677,10211,749,65,5,Persona,CO,Mass,0.1499,0
CLI00002427,27,1666,15991,475,17,5,Persona,CO,Mass,0.7998,0
CLI00002428,41,1883,4974,531,12,2,Persona,CO,Mass,0.2201,0
CLI00002429,64,2136,18499,689,3,4,Persona,MX,Mass,0.7217,0
CLI00002430,34,3444,1349,575,99,2,Persona,CO,Mass,0.0326,0
CLI00002431,26,10400,2857,558,119,1,Persona,CO,Mass,0.0229,0
CLI00002432,50,7806,1028,591,149,5,Empresa,MX,Private,0.011,0
CLI00002433,28,7468,3303,737,19,2,Persona,CO,Mass,0.0369,0
CLI00002434,37,2040,36610,538,156,2,Persona,CO,Mass,1.4954,1
CLI00002435,45,3187,63436,643,177,3,Empresa,US,Premium,1.6587,0
CLI00002436,52,6109,10245,604,15,3,Persona,CO,Premium,0.1398,0
CLI00002437,57,2973,4279,748,162,2,Persona,CO,Mass,0.1199,0
CLI00002438,59,3933,6492,751,28,5,Persona,CO,Mass,0.1376,0
CLI00002439,70,6995,13008,429,105,2,Persona,CO,Mass,0.155,1
CLI00002440,22,3718,1697,775,158,3,Persona,CO,Mass,0.038,0
CLI00002441,40,5889,4571,576,209,4,Persona,CO,Mass,0.0647,0
CLI00002442,18,17574,34026,678,127,5,Persona,CO,Mass,0.1613,0
CLI00002443,18,4283,2847,537,104,3,Persona,CO,Mass,0.0554,0
CLI00002444,31,12625,3831,694,200,3,Empresa,CO,Mass,0.0253,0
CLI00002445,55,7688,8210,900,51,5,Persona,CO,Premium,0.089,0
CLI00002446,73,1519,10755,665,49,3,Empresa,CO,Mass,0.59,0
CLI00002447,65,2035,4337,594,111,2,Persona,CO,Private,0.1776,0
CLI00002448,58,2522,8751,622,28,1,Persona,CO,Mass,0.2891,0
CLI00002449,66,2480,14882,473,5,2,Persona,PE,Private,0.5001,0
CLI00002450,28,4572,57610,823,86,1,Persona,US,Premium,1.05,0
CLI00002451,70,8036,7142,687,36,2,Empresa,CO,Mass,0.0741,0
CLI00002452,73,13414,7775,524,152,3,Empresa,CO,Mass,0.0483,0
CLI00002453,23,6288,37326,528,131,3,Persona,CO,Mass,0.4947,0
CLI00002454,47,3440,4678,651,116,1,Persona,MX,Premium,0.1133,0
CLI00002455,69,929,2155,761,119,3,Persona,CO,Mass,0.1933,0
CLI00002456,47,5200,10407,511,23,3,Persona,CO,Premium,0.1668,1
CLI00002457,70,5017,23769,783,96,1,Persona,CO,Premium,0.3948,0
CLI00002458,76,5689,11626,639,17,2,Persona,CO,Mass,0.1703,0
CLI00002459,47,26502,7353,538,85,4,Persona,CO,Mass,0.0231,0
CLI00002460,21,13259,1903,593,162,1,Persona,CO,Premium,0.012,0
CLI00002461,39,9210,7643,859,236,2,Empresa,CL,Premium,0.0692,0
CLI00002462,31,2276,27810,483,71,3,Persona,CO,Mass,1.0182,0
CLI00002463,47,3260,2358,562,63,1,Persona,CO,Mass,0.0603,0
CLI00002464,54,4555,6343,764,160,4,Persona,CO,Mass,0.116,0
CLI00002465,46,2643,5500,675,220,4,Persona,CO,Mass,0.1734,0
CLI00002466,30,7334,4033,555,70,2,Persona,CO,Mass,0.0458,0
CLI00002467,36,6538,10382,765,201,2,Persona,CO,Private,0.1323,0
CLI00002468,60,2057,12623,771,75,4,Persona,CO,Mass,0.5114,0
CLI00002469,19,12803,12491,689,153,2,Empresa,CO,Mass,0.0813,0
CLI00002470,31,5333,3050,576,50,1,Persona,CO,Mass,0.0477,0
CLI00002471,73,1232,1562,595,62,1,Persona,CO,Premium,0.1056,0
CLI00002472,24,4716,10534,684,236,1,Persona,CO,Mass,0.1861,0
CLI00002473,43,6154,4885,492,93,5,Persona,CO,Mass,0.0661,0
CLI00002474,30,10702,50935,809,3,5,Persona,CO,Mass,0.3966,0
CLI00002475,24,3751,53343,854,185,3,Persona,CO,Mass,1.1851,0
CLI00002476,44,9531,59319,621,30,5,Persona,CO,Mass,0.5186,0
CLI00002477,50,5708,3164,692,26,4,Persona,CO,Mass,0.0462,0
CLI00002478,28,1716,14319,792,200,3,Persona,CO,Mass,0.6953,0
CLI00002479,22,1584,19359,884,83,4,Persona,CO,Mass,1.0184,0
CLI00002480,26,12064,17298,836,33,3,Empresa,CO,Mass,0.1195,0
CLI00002481,58,12794,5685,441,234,5,Persona,CO,Premium,0.037,0
CLI00002482,71,6363,29119,612,67,5,Persona,US,Mass,0.3814,0
CLI00002483,29,16261,8106,710,151,5,Empresa,CO,Private,0.0415,0
CLI00002484,37,11444,9210,590,63,3,Persona,CO,Mass,0.0671,0
CLI00002485,39,8492,1740,863,139,3,Persona,CO,Mass,0.0171,0
CLI00002486,40,2370,15440,845,167,1,Persona,CO,Mass,0.5429,0
CLI00002487,33,19636,6245,552,181,4,Persona,US,Mass,0.0265,0
CLI00002488,21,7548,12897,630,98,1,Persona,CO,Mass,0.1424,0
CLI00002489,50,3609,10250,560,147,3,Persona,CO,Mass,0.2367,0
CLI00002490,40,2879,9710,626,201,1,Persona,CO,Private,0.2811,0
CLI00002491,39,6035,7741,622,201,3,Empresa,MX,Mass,0.1069,0
CLI00002492,34,1290,17793,764,179,4,Persona,CO,Mass,1.1493,0
CLI00002493,75,8601,6641,543,95,2,Persona,US,Mass,0.0643,0
CLI00002494,55,2291,1890,335,127,4,Empresa,CO,Mass,0.0687,0
CLI00002495,43,6610,14313,457,232,2,Persona,US,Mass,0.1804,0
CLI00002496,30,3237,3608,526,59,2,Persona,US,Premium,0.0929,0
CLI00002497,67,3977,2155,571,166,1,Persona,CO,Private,0.0452,0
CLI00002498,73,2682,2915,672,190,1,Persona,MX,Premium,0.0906,0
CLI00002499,20,4320,10757,520,115,2,Persona,PE,Mass,0.2075,0
CLI00002500,75,22281,7357,504,207,1,Persona,MX,Mass,0.0275,0
CLI00002501,61,14884,960,538,102,5,Persona,CO,Mass,0.0054,0
CLI00002502,24,6526,5521,516,200,4,Persona,CO,Mass,0.0705,0
CLI00002503,64,4816,26088,583,154,2,Persona,CO,Mass,0.4514,0
CLI00002504,24,9656,5160,578,12,5,Persona,CO,Mass,0.0445,0
CLI00002505,21,12136,6867,732,197,2,Persona,CO,Mass,0.0472,0
CLI00002506,25,2530,22994,531,167,3,Persona,CO,Premium,0.7574,0
CLI00002507,46,4619,17952,607,53,4,Persona,MX,Premium,0.3239,0
CLI00002508,56,1144,22510,584,168,4,Persona,CO,Premium,1.6396,0
CLI00002509,43,12070,506,747,122,1,Persona,CO,Mass,0.0035,0
CLI00002510,25,25642,45868,631,226,2,Persona,CO,Premium,0.1491,0
CLI00002511,30,5239,15312,776,73,2,Persona,CO,Mass,0.2436,0
CLI00002512,70,897,94985,511,63,3,Persona,CO,Mass,8.8235,1
CLI00002513,77,7999,3705,644,14,5,Persona,CO,Mass,0.0386,0
CLI00002514,64,2384,1389,580,188,3,Persona,CO,Mass,0.0486,0
CLI00002515,24,2890,8161,502,236,3,Empresa,CO,Mass,0.2353,0
CLI00002516,68,8113,6152,641,165,1,Persona,CO,Premium,0.0632,0
CLI00002517,60,6024,15578,857,88,3,Persona,CO,Mass,0.2155,0
CLI00002518,50,3325,23740,547,210,3,Persona,CO,Premium,0.595,0
CLI00002519,26,2922,7425,634,60,4,Persona,CO,Mass,0.2117,0
CLI00002520,79,5435,6369,492,166,5,Persona,CO,Premium,0.0977,0
CLI00002521,45,3541,13666,474,143,3,Empresa,CO,Premium,0.3216,0
CLI00002522,20,2023,6270,555,204,1,Persona,CO,Mass,0.2583,0
CLI00002523,31,3766,5767,596,233,5,Empresa,CO,Premium,0.1276,0
CLI00002524,42,6448,22859,601,86,3,Persona,CO,Mass,0.2954,0
CLI00002525,21,4262,28560,622,22,3,Empresa,CO,Mass,0.5584,0
CLI00002526,38,1586,23955,452,37,5,Persona,CO,Mass,1.2586,0
CLI00002527,47,10842,6848,574,177,3,Persona,CO,Mass,0.0526,0
CLI00002528,76,549,953,710,87,4,Persona,CO,Mass,0.1446,0
CLI00002529,23,3438,6986,487,33,5,Persona,CO,Mass,0.1693,0
CLI00002530,53,2992,3797,607,195,3,Persona,CO,Mass,0.1058,0
CLI00002531,74,5533,7117,685,155,5,Persona,CO,Mass,0.1072,0
CLI00002532,67,7702,4141,556,31,1,Persona,CO,Private,0.0448,0
CLI00002533,75,12105,7936,690,171,5,Persona,CO,Premium,0.0546,0
CLI00002534,28,2779,2866,467,153,5,Persona,CO,Mass,0.0859,0
CLI00002535,67,7857,2251,756,236,1,Persona,CO,Mass,0.0239,0
CLI00002536,78,5748,27520,693,237,1,Persona,CO,Mass,0.399,0
CLI00002537,38,1249,3072,656,234,1,Persona,CO,Mass,0.205,0
CLI00002538,48,22481,8105,784,214,2,Persona,CO,Mass,0.03,0
CLI00002539,50,1554,21047,610,190,5,Persona,CO,Premium,1.1286,0
CLI00002540,48,6874,20217,575,161,1,Persona,US,Mass,0.2451,0
CLI00002541,35,6714,17941,814,130,1,Persona,CO,Mass,0.2227,0
CLI00002542,78,6127,10969,870,190,3,Persona,CO,Mass,0.1492,0
CLI00002543,77,3308,16714,566,231,2,Persona,CO,Premium,0.421,0
CLI00002544,41,9526,31987,636,27,4,Persona,CO,Mass,0.2798,0
CLI00002545,67,1410,12394,775,32,4,Persona,CO,Mass,0.7325,0
CLI00002546,42,4662,1290,640,119,5,Persona,CO,Mass,0.0231,0
CLI00002547,67,3130,4776,721,70,3,Persona,CO,Mass,0.1272,0
CLI00002548,54,2858,16258,743,127,3,Persona,CO,Mass,0.474,0
CLI00002549,47,6925,4328,582,74,1,Empresa,CO,Mass,0.0521,0
CLI00002550,25,11637,40949,700,187,5,Persona,PE,Mass,0.2932,0
CLI00002551,58,3734,7606,649,215,2,Persona,CO,Mass,0.1697,0
CLI00002552,37,9177,8824,503,67,3,Persona,CO,Private,0.0801,0
CLI00002553,31,5114,24952,531,185,5,Persona,MX,Premium,0.4066,0
CLI00002554,29,2406,6749,571,25,4,Persona,CO,Premium,0.2337,0
CLI00002555,78,3998,9665,761,191,4,Persona,CO,Mass,0.2015,0
CLI00002556,24,3867,19912,765,167,1,Persona,CO,Premium,0.4291,0
CLI00002557,67,2814,1858,739,170,4,Persona,CO,Premium,0.055,0
CLI00002558,71,6924,6091,702,118,1,Persona,MX,Mass,0.0733,0
CLI00002559,19,5929,18567,699,25,4,Persona,CL,Mass,0.261,0
CLI00002560,54,1376,8652,683,202,3,Persona,CO,Mass,0.524,0
CLI00002561,53,1311,35148,698,26,3,Persona,MX,Premium,2.234,0
CLI00002562,40,6903,1675,707,115,4,Persona,CO,Mass,0.0202,0
CLI00002563,59,2560,1495,481,41,4,Persona,CO,Mass,0.0487,0
CLI00002564,43,6258,17495,555,203,2,Persona,CO,Premium,0.233,0
CLI00002565,45,9179,19260,526,137,2,Persona,CO,Premium,0.1749,0
CLI00002566,44,1777,6679,782,121,3,Persona,CO,Mass,0.3132,0
CLI00002567,67,1588,12093,848,76,1,Persona,CO,Premium,0.6346,0
CLI00002568,57,18761,17072,389,187,2,Persona,PE,Mass,0.0758,0
CLI00002569,41,6511,3590,837,50,1,Persona,CO,Premium,0.0459,0
CLI00002570,75,3514,3996,660,172,3,Persona,US,Mass,0.0948,0
CLI00002571,67,2328,9795,771,232,2,Persona,CO,Mass,0.3506,0
CLI00002572,75,3267,20012,710,63,2,Persona,CO,Mass,0.5104,0
CLI00002573,63,1896,2525,822,164,5,Empresa,CO,Premium,0.111,0
CLI00002574,42,9963,6647,675,74,1,Persona,CO,Mass,0.0556,0
CLI00002575,65,2640,6347,486,223,1,Persona,CO,Mass,0.2003,0
CLI00002576,38,11787,12307,637,215,2,Persona,CO,Mass,0.087,0
CLI00002577,34,3567,8032,711,75,1,Empresa,CO,Mass,0.1876,0
CLI00002578,45,2133,4694,624,55,5,Persona,CO,Mass,0.1834,0
CLI00002579,78,3494,28242,728,19,5,Persona,CO,Mass,0.6736,0
CLI00002580,53,602,4725,642,167,5,Empresa,CO,Premium,0.654,0
CLI00002581,41,4462,6050,578,220,4,Persona,CO,Mass,0.113,0
CLI00002582,46,4289,1649,519,34,1,Persona,CO,Mass,0.032,1
CLI00002583,36,9507,3969,602,195,3,Persona,CO,Mass,0.0348,0
CLI00002584,58,1086,13576,674,181,1,Persona,CO,Mass,1.0417,0
CLI00002585,39,12450,11165,414,113,2,Persona,MX,Mass,0.0747,0
CLI00002586,52,9475,14757,556,53,3,Persona,CO,Mass,0.1298,0
CLI00002587,40,13381,14058,410,156,4,Persona,CO,Mass,0.0875,1
CLI00002588,37,4711,65363,575,142,2,Empresa,CO,Mass,1.1562,0
CLI00002589,78,11060,3835,793,194,2,Persona,CO,Mass,0.0289,0
CLI00002590,39,1514,1604,507,135,5,Persona,CO,Mass,0.0883,0
CLI00002591,22,8694,2834,734,11,2,Persona,CO,Mass,0.0272,0
CLI00002592,41,2652,4009,900,48,3,Persona,CO,Mass,0.126,0
CLI00002593,50,1311,3058,824,91,2,Persona,CO,Mass,0.1944,0
CLI00002594,23,1999,8898,666,117,5,Persona,CO,Private,0.3709,0
CLI00002595,36,4936,28357,753,83,3,Persona,CO,Private,0.4787,0
CLI00002596,28,2541,37784,485,211,1,Persona,CO,Mass,1.2391,0
CLI00002597,49,6639,13417,461,67,1,Persona,CO,Mass,0.1684,0
CLI00002598,62,1156,68959,653,163,5,Persona,CO,Mass,4.9707,0
CLI00002599,78,896,5673,697,86,5,Persona,CO,Mass,0.5276,0
CLI00002600,42,14733,1583,781,238,4,Persona,CO,Mass,0.009,0
CLI00002601,71,10127,23229,581,219,1,Persona,CL,Private,0.1911,0
CLI00002602,31,2122,1288,673,188,4,Persona,CO,Mass,0.0506,0
CLI00002603,66,4902,3808,669,183,4,Persona,CO,Mass,0.0647,0
CLI00002604,52,11110,13631,634,154,5,Persona,CO,Mass,0.1022,0
CLI00002605,65,6873,7314,641,140,3,Persona,CO,Mass,0.0887,0
CLI00002606,64,5533,6694,547,135,3,Empresa,US,Mass,0.1008,0
CLI00002607,51,11803,2487,683,6,4,Persona,CL,Premium,0.0176,0
CLI00002608,33,2739,8016,673,224,1,Persona,CO,Mass,0.2439,0
CLI00002609,50,5038,22107,597,235,4,Persona,CO,Mass,0.3657,0
CLI00002610,69,4845,8266,729,126,3,Persona,CO,Mass,0.1422,0
CLI00002611,78,3951,3532,773,208,1,Empresa,CO,Premium,0.0745,0
CLI00002612,75,3598,2327,731,96,5,Persona,CO,Mass,0.0539,0
CLI00002613,29,5209,3606,524,26,2,Persona,CO,Mass,0.0577,0
CLI00002614,55,5051,11996,661,200,5,Empresa,CO,Premium,0.1979,0
CLI00002615,24,2124,11425,540,122,2,Persona,CO,Private,0.4482,0
CLI00002616,59,9334,3639,661,225,3,Persona,CO,Mass,0.0325,0
CLI00002617,79,2250,888,541,51,3,Persona,CO,Premium,0.0329,0
CLI00002618,21,4127,12332,803,114,4,Persona,CO,Mass,0.249,0
CLI00002619,58,3880,3302,743,160,1,Persona,CO,Mass,0.0709,0
CLI00002620,76,6545,16140,788,32,2,Persona,CO,Mass,0.2055,0
CLI00002621,70,902,3804,776,239,1,Empresa,CO,Mass,0.3514,0
CLI00002622,42,10023,3017,617,146,2,Persona,CO,Premium,0.0251,0
CLI00002623,24,2859,9444,598,41,3,Persona,CO,Mass,0.2753,0
CLI00002624,75,13042,85622,859,177,3,Persona,CO,Mass,0.5471,0
CLI00002625,75,3352,17137,630,210,5,Persona,CO,Mass,0.426,0
CLI00002626,53,4726,9285,487,89,3,Persona,US,Mass,0.1637,0
CLI00002627,78,22720,11601,770,146,3,Persona,US,Premium,0.0426,0
CLI00002628,18,3936,1406,667,179,1,Persona,CO,Premium,0.0298,0
CLI00002629,56,13241,2637,830,34,1,Persona,CO,Mass,0.0166,0
CLI00002630,20,5070,657,679,127,4,Persona,CO,Mass,0.0108,0
CLI00002631,76,6852,45700,647,134,4,Empresa,CO,Mass,0.5558,0
CLI00002632,60,5197,37323,833,72,3,Persona,CO,Private,0.5985,0
CLI00002633,74,9684,12001,465,71,3,Persona,CO,Mass,0.1033,0
CLI00002634,52,2840,9275,579,151,3,Persona,CO,Mass,0.2721,0
CLI00002635,23,2236,1717,543,180,5,Persona,CO,Mass,0.064,0
CLI00002636,19,2948,6507,386,93,1,Persona,CO,Premium,0.1839,0
CLI00002637,38,5322,48649,754,35,3,Persona,PE,Mass,0.7617,0
CLI00002638,64,4118,9241,583,188,2,Persona,CO,Premium,0.187,0
CLI00002639,27,8675,4607,758,41,1,Persona,CO,Mass,0.0443,0
CLI00002640,70,13957,1396,696,0,4,Empresa,CO,Mass,0.0083,0
CLI00002641,32,2251,32218,722,77,4,Persona,US,Mass,1.1927,0
CLI00002642,48,2732,7554,595,196,5,Persona,US,Premium,0.2304,0
CLI00002643,30,1557,1398,558,181,1,Persona,CO,Premium,0.0748,0
CLI00002644,46,24941,3215,660,73,1,Persona,CL,Private,0.0107,0
CLI00002645,46,6271,2258,760,124,3,Persona,CL,Mass,0.03,0
CLI00002646,18,7214,7102,643,230,5,Persona,PE,Premium,0.082,0
CLI00002647,53,1682,9970,565,172,5,Persona,CO,Mass,0.4939,0
CLI00002648,66,4910,4898,506,182,4,Persona,CO,Mass,0.0831,0
CLI00002649,76,7386,17624,674,21,5,Persona,CO,Mass,0.1988,0
CLI00002650,38,4015,8767,583,57,5,Persona,CO,Premium,0.182,0
CLI00002651,72,11620,23442,641,24,2,Persona,CO,Mass,0.1681,0
CLI00002652,72,31240,5669,621,234,3,Persona,CO,Mass,0.0151,0
CLI00002653,79,2303,170301,596,82,4,Persona,PE,Mass,6.1621,0
CLI00002654,41,2169,4607,685,119,2,Persona,CO,Premium,0.177,0
CLI00002655,70,2435,3283,716,132,5,Persona,CO,Mass,0.1124,0
CLI00002656,53,17764,2903,885,125,4,Persona,CO,Mass,0.0136,0
CLI00002657,21,11314,6562,740,12,3,Persona,CO,Mass,0.0483,0
CLI00002658,34,4409,1451,841,218,3,Persona,CO,Mass,0.0274,0
CLI00002659,59,5060,10878,551,91,4,Persona,CO,Mass,0.1791,0
CLI00002660,27,2557,1205,457,220,2,Persona,CO,Premium,0.0393,0
CLI00002661,44,10016,9524,648,183,2,Persona,CO,Premium,0.0792,0
CLI00002662,66,3626,2098,752,167,3,Persona,CO,Mass,0.0482,0
CLI00002663,27,3991,5534,734,168,1,Persona,CO,Mass,0.1155,0
CLI00002664,48,7998,14831,795,234,3,Persona,CO,Mass,0.1545,0
CLI00002665,31,4228,81148,345,72,3,Persona,CO,Premium,1.5994,1
CLI00002666,51,4072,2757,800,78,3,Persona,MX,Premium,0.0564,0
CLI00002667,32,4956,6972,690,160,3,Persona,CO,Mass,0.1172,0
CLI00002668,77,9286,3929,464,55,5,Persona,CO,Premium,0.0353,0
CLI00002669,22,18346,3395,736,192,2,Persona,CO,Mass,0.0154,0
CLI00002670,77,7850,3964,670,7,3,Persona,CO,Premium,0.0421,0
CLI00002671,67,9345,18473,695,215,4,Persona,CO,Premium,0.1647,0
CLI00002672,71,4188,4973,769,83,2,Persona,CO,Mass,0.099,0
CLI00002673,70,2789,76827,701,1,4,Persona,CO,Private,2.2955,0
CLI00002674,29,8293,12283,473,144,5,Persona,CO,Mass,0.1234,0
CLI00002675,75,5636,2951,632,66,2,Persona,CO,Mass,0.0436,0
CLI00002676,54,1574,5615,455,73,2,Persona,CO,Premium,0.2973,1
CLI00002677,77,3780,3634,727,115,1,Persona,CO,Mass,0.0801,0
CLI00002678,72,4599,18034,817,139,1,Persona,CO,Mass,0.3268,0
CLI00002679,53,3267,1573,501,32,2,Persona,CO,Mass,0.0401,0
CLI00002680,41,16080,2119,569,11,5,Persona,US,Mass,0.011,0
CLI00002681,25,7214,4484,544,110,2,Persona,MX,Premium,0.0518,0
CLI00002682,24,14743,16041,595,84,5,Persona,CO,Premium,0.0907,0
CLI00002683,42,6067,27807,699,139,5,Persona,CO,Premium,0.3819,0
CLI00002684,68,5245,32226,596,179,4,Persona,MX,Premium,0.512,0
CLI00002685,49,2323,13763,728,147,5,Persona,CO,Mass,0.4937,0
CLI00002686,47,4961,7458,777,25,3,Persona,CO,Premium,0.1253,0
CLI00002687,33,4966,17937,782,239,5,Persona,CO,Mass,0.301,0
CLI00002688,52,1646,2579,515,171,3,Persona,CO,Premium,0.1306,0
CLI00002689,57,3191,1280,816,11,1,Persona,CO,Mass,0.0334,0
CLI00002690,78,3794,12539,825,183,5,Persona,CO,Mass,0.2754,0
CLI00002691,63,6841,2964,836,211,5,Persona,CO,Mass,0.0361,0
CLI00002692,55,7108,7590,631,136,5,Empresa,CO,Mass,0.089,0
CLI00002693,74,3086,9132,559,199,3,Persona,CO,Private,0.2466,0
CLI00002694,44,7151,10385,531,212,1,Persona,CO,Mass,0.121,0
CLI00002695,75,4248,20697,517,231,3,Persona,CO,Premium,0.406,0
CLI00002696,40,494,18621,651,229,5,Persona,CO,Mass,3.1407,0
CLI00002697,25,3335,9847,751,46,5,Persona,CO,Mass,0.246,0
CLI00002698,43,11651,5208,806,8,4,Persona,CL,Mass,0.0372,0
CLI00002699,25,1279,9025,591,156,4,Empresa,CO,Private,0.588,0
CLI00002700,25,5378,4463,645,162,1,Persona,CO,Mass,0.0692,0
CLI00002701,72,17469,6657,637,136,4,Persona,CO,Mass,0.0318,0
CLI00002702,67,2674,111098,573,56,1,Persona,CO,Private,3.4622,1
CLI00002703,31,4923,9722,738,227,4,Persona,US,Premium,0.1646,0
CLI00002704,69,1731,12711,693,97,1,Persona,PE,Premium,0.6119,0
CLI00002705,22,18065,4001,667,177,3,Persona,CO,Mass,0.0185,0
CLI00002706,35,4597,22473,692,149,5,Persona,CO,Mass,0.4074,0
CLI00002707,61,5101,17331,723,214,1,Persona,CO,Mass,0.2831,0
CLI00002708,36,14522,17454,722,170,3,Persona,CO,Mass,0.1002,0
CLI00002709,63,8343,10045,549,152,1,Persona,CO,Mass,0.1003,0
CLI00002710,72,2439,22792,757,201,4,Persona,CO,Premium,0.7787,0
CLI00002711,22,2928,28902,680,13,5,Persona,CO,Private,0.8226,0
CLI00002712,19,7302,10754,597,169,1,Persona,CO,Premium,0.1227,0
CLI00002713,76,2983,7225,678,140,3,Persona,MX,Premium,0.2018,0
CLI00002714,50,903,19822,691,186,4,Persona,CO,Mass,1.8291,0
CLI00002715,49,4709,3280,779,53,1,Persona,CO,Mass,0.058,0
CLI00002716,46,1503,3952,524,143,3,Persona,CO,Premium,0.2191,0
CLI00002717,44,17908,7682,808,68,1,Persona,CO,Mass,0.0357,0
CLI00002718,60,5661,1420,652,28,5,Persona,MX,Mass,0.0209,0
CLI00002719,53,2382,18538,589,138,3,Persona,CO,Premium,0.6485,0
CLI00002720,28,2810,3093,585,5,3,Persona,CO,Mass,0.0917,0
CLI00002721,56,1084,5056,529,22,5,Empresa,CO,Mass,0.3887,0
CLI00002722,59,2039,6546,441,127,4,Empresa,CO,Mass,0.2675,0
CLI00002723,25,11081,8427,731,215,2,Persona,CO,Premium,0.0634,0
CLI00002724,41,29302,5746,887,171,4,Persona,CO,Mass,0.0163,0
CLI00002725,67,8787,7575,455,3,2,Persona,CO,Mass,0.0718,0
CLI00002726,56,4565,7634,535,26,3,Persona,MX,Mass,0.1394,0
CLI00002727,26,3478,5182,740,103,5,Persona,CO,Premium,0.1242,0
CLI00002728,20,2286,3739,644,103,5,Empresa,CO,Premium,0.1363,0
CLI00002729,54,25535,23896,750,9,5,Empresa,CO,Mass,0.078,0
CLI00002730,46,4225,987,637,61,3,Persona,MX,Premium,0.0195,0
CLI00002731,77,26702,6596,580,30,5,Empresa,CO,Mass,0.0206,0
CLI00002732,50,14985,5070,622,136,5,Persona,MX,Mass,0.0282,0
CLI00002733,75,1220,12317,364,157,3,Persona,CO,Mass,0.8413,1
CLI00002734,31,2884,1892,512,93,1,Persona,CO,Mass,0.0547,0
CLI00002735,45,2877,4915,763,137,1,Persona,CO,Private,0.1424,0
CLI00002736,26,4610,7314,793,48,4,Persona,CO,Premium,0.1322,0
CLI00002737,53,4683,23625,818,204,5,Persona,CO,Premium,0.4204,0
CLI00002738,29,54013,11295,702,1,5,Persona,MX,Mass,0.0174,0
CLI00002739,48,2076,2481,379,121,2,Persona,CO,Premium,0.0996,1
CLI00002740,39,5902,4976,573,77,5,Persona,CO,Mass,0.0703,0
CLI00002741,29,8048,19654,808,108,5,Persona,CO,Mass,0.2035,0
CLI00002742,24,4908,2438,844,123,3,Persona,CO,Premium,0.0414,0
CLI00002743,49,5367,7490,813,155,2,Persona,CO,Premium,0.1163,0
CLI00002744,76,2130,8029,621,223,3,Persona,CO,Premium,0.3141,0
CLI00002745,30,5351,5509,493,134,4,Persona,CL,Premium,0.0858,0
CLI00002746,43,7399,120060,645,54,5,Persona,CO,Mass,1.3522,0
CLI00002747,31,6387,5362,651,125,1,Persona,CO,Premium,0.07,0
CLI00002748,68,7755,12705,837,122,2,Persona,CO,Premium,0.1365,0
CLI00002749,43,15215,3765,677,207,1,Persona,CO,Mass,0.0206,0
CLI00002750,78,10400,13735,652,135,5,Persona,CO,Mass,0.1101,0
CLI00002751,33,5203,19356,658,208,3,Persona,CO,Mass,0.31,0
CLI00002752,23,1924,4500,697,155,2,Persona,CO,Mass,0.1949,0
CLI00002753,54,3041,7671,725,137,2,Persona,CL,Mass,0.2102,0
CLI00002754,58,4122,3310,563,78,1,Persona,MX,Premium,0.0669,0
CLI00002755,79,6014,2580,523,61,3,Persona,CO,Private,0.0357,0
CLI00002756,72,3352,22852,814,23,4,Persona,PE,Premium,0.5681,0
CLI00002757,72,2324,4656,453,131,2,Persona,CO,Mass,0.1669,0
CLI00002758,57,1899,725,846,221,3,Persona,CO,Mass,0.0318,0
CLI00002759,40,1311,47351,420,3,4,Persona,MX,Mass,3.0097,1
CLI00002760,44,4072,3633,579,228,2,Persona,PE,Mass,0.0743,0
CLI00002761,26,1516,6333,766,206,4,Persona,CO,Mass,0.3481,0
CLI00002762,44,2207,41810,650,105,2,Persona,CO,Premium,1.5786,0
CLI00002763,40,3586,7032,492,75,3,Persona,CO,Premium,0.1634,0
CLI00002764,20,1687,6881,701,139,5,Persona,CO,Premium,0.3399,0
CLI00002765,30,6659,2372,658,205,5,Persona,CO,Mass,0.0297,0
CLI00002766,51,8885,1579,624,6,3,Persona,CO,Mass,0.0148,0
CLI00002767,40,3166,6861,575,107,2,Persona,CO,Mass,0.1806,0
CLI00002768,79,3464,11647,645,11,5,Persona,CO,Mass,0.2802,0
CLI00002769,47,7554,10998,580,154,3,Persona,CO,Premium,0.1213,0
CLI00002770,77,2776,5007,900,18,2,Persona,CO,Mass,0.1503,0
CLI00002771,58,2627,8268,621,75,3,Persona,CO,Mass,0.2623,0
CLI00002772,20,12799,1290,605,177,3,Persona,CO,Premium,0.0084,0
CLI00002773,30,9970,12838,585,180,5,Persona,CO,Mass,0.1073,0
CLI00002774,61,7952,9522,863,54,2,Persona,CO,Mass,0.0998,0
CLI00002775,51,10306,58317,453,123,1,Persona,CO,Premium,0.4715,1
CLI00002776,36,1010,8163,693,44,3,Persona,MX,Premium,0.6735,0
CLI00002777,50,14516,3156,621,141,5,Persona,CO,Premium,0.0181,0
CLI00002778,73,6725,7702,479,2,1,Empresa,CO,Mass,0.0954,0
CLI00002779,42,11032,5838,551,195,5,Persona,CO,Mass,0.0441,0
CLI00002780,20,6699,12515,688,5,1,Persona,CO,Mass,0.1557,0
CLI00002781,37,5110,8323,546,146,3,Persona,CO,Mass,0.1357,0
CLI00002782,76,3943,2298,681,97,3,Persona,CO,Mass,0.0486,0
CLI00002783,65,6592,1578,857,53,1,Persona,CO,Mass,0.0199,0
CLI00002784,69,3829,10539,670,130,4,Persona,US,Mass,0.2294,0
CLI00002785,74,9840,32309,475,34,1,Empresa,CO,Mass,0.2736,0
CLI00002786,25,1381,8772,548,138,3,Persona,CO,Mass,0.5293,0
CLI00002787,35,3186,18275,615,154,3,Empresa,CO,Mass,0.478,0
CLI00002788,21,25231,22310,607,109,3,Persona,CO,Premium,0.0737,0
CLI00002789,18,2978,10580,668,86,1,Persona,CO,Mass,0.2961,0
CLI00002790,69,4060,3588,687,110,3,Empresa,CO,Mass,0.0736,0
CLI00002791,76,2425,9850,857,229,4,Persona,MX,Mass,0.3385,0
CLI00002792,27,6429,27094,649,180,3,Persona,CO,Premium,0.3512,0
CLI00002793,62,2727,13765,511,1,4,Persona,CO,Mass,0.4206,0
CLI00002794,51,4236,17124,788,69,4,Persona,CO,Mass,0.3369,0
CLI00002795,22,9692,5102,801,5,1,Persona,CO,Mass,0.0439,0
CLI00002796,74,2810,6618,677,57,5,Persona,MX,Mass,0.1963,0
CLI00002797,72,9236,7195,620,186,5,Persona,CO,Mass,0.0649,0
CLI00002798,53,9488,7697,724,205,5,Persona,CO,Mass,0.0676,0
CLI00002799,61,11429,26054,624,109,5,Persona,CO,Mass,0.19,0
CLI00002800,42,5499,774,403,165,2,Empresa,CO,Mass,0.0117,1
CLI00002801,67,65710,8354,717,88,4,Persona,CO,Mass,0.0106,0
CLI00002802,45,11425,7483,757,114,3,Persona,CO,Mass,0.0546,0
CLI00002803,79,6373,2055,822,198,5,Empresa,MX,Premium,0.0269,0
CLI00002804,21,2438,15863,562,66,5,Persona,CO,Mass,0.5422,0
CLI00002805,28,4547,3926,677,76,1,Persona,CO,Mass,0.072,0
CLI00002806,78,15383,5670,679,32,5,Persona,CO,Mass,0.0307,0
CLI00002807,35,19295,51471,660,52,4,Persona,CO,Mass,0.2223,0
CLI00002808,37,16037,22247,663,8,3,Persona,CO,Mass,0.1156,0
CLI00002809,67,9211,14392,654,195,3,Persona,CO,Private,0.1302,0
CLI00002810,29,1799,11858,675,204,3,Empresa,PE,Mass,0.5493,0
CLI00002811,49,7257,6872,738,101,4,Persona,CO,Mass,0.0789,0
CLI00002812,35,1820,59836,796,142,4,Persona,CO,Premium,2.7396,0
CLI00002813,30,1495,18072,559,59,3,Persona,CO,Mass,1.0073,0
CLI00002814,77,5951,3829,629,10,5,Persona,CO,Mass,0.0536,0
CLI00002815,30,7469,1997,599,123,2,Persona,CO,Premium,0.0223,0
CLI00002816,23,10124,14283,582,38,3,Persona,CO,Mass,0.1176,0
CLI00002817,59,7315,7662,456,203,3,Persona,CO,Mass,0.0873,0
CLI00002818,71,7519,1941,652,67,1,Persona,CO,Premium,0.0215,0
CLI00002819,25,2235,12438,707,177,3,Empresa,MX,Mass,0.4637,0
CLI00002820,61,4518,6191,631,63,5,Persona,CO,Premium,0.1142,0
CLI00002821,51,1471,13775,648,30,4,Persona,CO,Mass,0.7803,0
CLI00002822,69,989,12603,700,131,4,Persona,MX,Mass,1.0618,0
CLI00002823,25,8888,4410,819,43,1,Persona,CO,Mass,0.0413,0
CLI00002824,78,2690,15257,599,95,1,Empresa,CO,Premium,0.4726,0
CLI00002825,56,9877,4925,509,70,3,Persona,CO,Mass,0.0416,0
CLI00002826,70,11928,5255,639,211,2,Persona,CO,Mass,0.0367,0
CLI00002827,40,2994,4758,876,120,1,Persona,CO,Mass,0.1324,0
CLI00002828,76,7881,25108,510,172,3,Persona,CO,Mass,0.2655,0
CLI00002829,56,2895,6120,728,141,4,Persona,CO,Mass,0.1762,0
CLI00002830,25,1122,31966,788,218,4,Persona,CO,Premium,2.374,0
CLI00002831,75,5424,48217,366,105,1,Persona,CO,Mass,0.7408,0
CLI00002832,67,3372,3871,699,207,4,Persona,CO,Mass,0.0957,0
CLI00002833,36,3456,436,722,215,2,Persona,CO,Mass,0.0105,0
CLI00002834,51,23867,23028,617,221,1,Persona,CO,Mass,0.0804,0
CLI00002835,42,1449,5756,572,166,3,Persona,CO,Mass,0.331,0
CLI00002836,51,6676,3407,579,235,2,Persona,CO,Mass,0.0425,0
CLI00002837,77,2217,4497,610,178,4,Persona,CO,Premium,0.169,0
CLI00002838,73,10164,5351,613,74,4,Persona,CO,Mass,0.0439,0
CLI00002839,31,6240,29649,591,37,4,Persona,CO,Mass,0.3959,0
CLI00002840,78,6657,9508,608,50,1,Persona,CO,Mass,0.119,0
CLI00002841,45,2307,29248,792,137,2,Persona,CO,Mass,1.0565,0
CLI00002842,61,2663,13282,504,39,3,Persona,CO,Premium,0.4156,0
CLI00002843,65,10319,5947,440,57,5,Persona,CO,Premium,0.048,0
CLI00002844,47,20264,5484,794,150,3,Persona,CO,Mass,0.0226,0
CLI00002845,46,7217,14208,626,79,4,Persona,CO,Premium,0.1641,0
CLI00002846,46,2397,18405,603,163,2,Persona,CO,Mass,0.6398,0
CLI00002847,71,6445,21955,636,239,2,Persona,CO,Mass,0.2839,0
CLI00002848,41,34268,6238,675,21,4,Persona,CO,Mass,0.0152,0
CLI00002849,35,5334,9654,587,153,5,Empresa,CO,Premium,0.1508,0
CLI00002850,40,15827,14531,710,197,1,Persona,CO,Mass,0.0765,0
CLI00002851,30,2718,5519,534,33,3,Persona,CO,Mass,0.1692,0
CLI00002852,42,4752,2604,613,187,4,Persona,CO,Premium,0.0457,0
CLI00002853,25,8067,3618,384,121,1,Persona,CO,Mass,0.0374,0
CLI00002854,23,6753,6367,790,150,4,Persona,CO,Mass,0.0786,0
CLI00002855,62,2662,15712,628,12,3,Persona,CO,Mass,0.4918,0
CLI00002856,22,2571,28537,730,104,3,Persona,CO,Mass,0.9249,0
CLI00002857,53,10835,2087,707,88,3,Persona,CO,Mass,0.0161,0
CLI00002858,66,12749,4458,715,36,5,Persona,CO,Mass,0.0291,0
CLI00002859,62,16476,5665,649,183,1,Persona,CO,Mass,0.0287,0
CLI00002860,45,20809,17938,696,121,2,Persona,CO,Mass,0.0718,0
CLI00002861,30,5473,4778,534,210,2,Empresa,MX,Premium,0.0727,0
CLI00002862,75,3831,5272,509,38,5,Persona,CL,Premium,0.1147,0
CLI00002863,69,14483,1974,637,175,3,Persona,CO,Mass,0.0114,0
CLI00002864,55,8694,13139,568,145,1,Persona,CO,Mass,0.1259,0
CLI00002865,23,2239,6895,821,156,1,Persona,CO,Mass,0.2566,0
CLI00002866,20,2149,4213,695,74,5,Persona,CO,Premium,0.1634,0
CLI00002867,37,7284,6250,564,165,1,Persona,CO,Premium,0.0715,0
CLI00002868,27,4264,25009,617,59,1,Persona,CO,Premium,0.4888,0
CLI00002869,71,4811,2966,665,182,3,Persona,CO,Premium,0.0514,0
CLI00002870,30,11591,3492,641,105,3,Persona,CO,Premium,0.0251,0
CLI00002871,35,9020,28346,682,115,2,Empresa,CO,Mass,0.2619,0
CLI00002872,78,14241,8740,658,139,1,Persona,CO,Mass,0.0511,0
CLI00002873,68,1048,15831,483,20,1,Empresa,US,Mass,1.2587,0
CLI00002874,31,6019,12109,391,88,3,Persona,CO,Mass,0.1676,0
CLI00002875,41,8567,7821,605,48,5,Persona,CO,Premium,0.0761,0
CLI00002876,49,1449,5719,717,231,1,Persona,CO,Mass,0.3289,0
CLI00002877,59,2910,18611,606,101,3,Persona,CO,Mass,0.5329,0
CLI00002878,76,2508,25908,798,1,1,Persona,CO,Mass,0.8608,0
CLI00002879,72,5000,23961,644,6,4,Persona,CO,Mass,0.3993,0
CLI00002880,78,18074,2476,812,219,1,Persona,MX,Mass,0.0114,0
CLI00002881,20,24786,29878,788,37,2,Persona,MX,Mass,0.1005,0
CLI00002882,32,2562,5665,776,0,1,Empresa,CO,Mass,0.1843,0
CLI00002883,52,7489,3808,505,50,4,Persona,CO,Mass,0.0424,0
CLI00002884,21,7685,6840,652,52,4,Persona,CO,Mass,0.0742,0
CLI00002885,40,6701,18603,796,19,1,Persona,MX,Mass,0.2313,0
CLI00002886,27,6762,13911,682,239,3,Persona,CO,Mass,0.1714,0
CLI00002887,75,6266,6276,716,14,2,Persona,CO,Private,0.0835,0
CLI00002888,21,18959,18725,483,174,1,Persona,CO,Mass,0.0823,0
CLI00002889,27,11872,9319,880,200,1,Persona,CO,Mass,0.0654,0
CLI00002890,30,2104,4568,555,154,5,Persona,CO,Premium,0.1809,0
CLI00002891,27,9288,3991,410,31,4,Persona,CO,Premium,0.0358,0
CLI00002892,53,10035,12212,607,174,4,Persona,CO,Mass,0.1014,0
CLI00002893,40,6323,7461,356,79,2,Empresa,CO,Mass,0.0983,0
CLI00002894,74,12150,2047,519,97,2,Persona,CO,Premium,0.014,0
CLI00002895,34,5712,18904,900,60,4,Persona,CO,Mass,0.2758,0
CLI00002896,51,5769,5012,604,188,3,Persona,CO,Premium,0.0724,0
CLI00002897,58,5415,39819,478,139,1,Empresa,CO,Mass,0.6128,0
CLI00002898,56,977,1992,653,37,3,Persona,CO,Premium,0.1699,0
CLI00002899,67,4608,6763,542,97,3,Persona,MX,Premium,0.1223,0
CLI00002900,30,2879,4023,753,190,3,Empresa,CO,Premium,0.1164,0
CLI00002901,49,1902,3055,543,225,3,Persona,US,Premium,0.1338,0
CLI00002902,67,15478,4980,682,225,5,Persona,MX,Mass,0.0268,0
CLI00002903,71,7356,47599,512,32,2,Persona,CO,Mass,0.5392,0
CLI00002904,56,4798,9352,900,205,3,Persona,PE,Mass,0.1624,0
CLI00002905,58,3128,3671,710,135,5,Persona,CO,Mass,0.0978,0
CLI00002906,71,6228,1301,632,177,5,Persona,CO,Mass,0.0174,0
CLI00002907,56,10863,1449,614,92,5,Persona,CO,Mass,0.0111,0
CLI00002908,76,2536,4738,583,156,4,Empresa,CO,Mass,0.1557,0
CLI00002909,25,4895,4299,558,61,1,Persona,CO,Mass,0.0732,0
CLI00002910,39,9842,6476,555,125,5,Persona,US,Premium,0.0548,0
CLI00002911,24,1044,835,851,54,1,Empresa,PE,Premium,0.0666,0
CLI00002912,23,4693,7393,583,94,3,Persona,CO,Mass,0.1313,0
CLI00002913,47,3486,22645,394,97,3,Persona,US,Premium,0.5413,1
CLI00002914,32,4415,41062,510,207,4,Empresa,CO,Mass,0.775,0
CLI00002915,43,3290,1218,761,150,4,Persona,CO,Mass,0.0309,0
CLI00002916,45,5486,3635,619,155,4,Persona,CO,Premium,0.0552,0
CLI00002917,56,22900,3448,633,68,2,Persona,CO,Mass,0.0125,0
CLI00002918,76,3792,9374,790,104,4,Persona,CO,Mass,0.206,0
CLI00002919,70,6206,2392,556,113,4,Persona,CO,Private,0.0321,0
CLI00002920,41,24240,43576,725,188,1,Persona,CO,Mass,0.1498,0
CLI00002921,38,3165,8463,569,44,4,Persona,CO,Mass,0.2228,0
CLI00002922,65,20988,7164,719,12,1,Persona,PE,Mass,0.0284,0
CLI00002923,25,4935,39843,603,121,3,Persona,CO,Mass,0.6728,0
CLI00002924,51,20445,7974,621,195,2,Persona,CO,Mass,0.0325,0
CLI00002925,44,8956,12092,748,176,2,Persona,CO,Premium,0.1125,0
CLI00002926,29,6283,3824,739,194,2,Persona,CO,Mass,0.0507,0
CLI00002927,56,4663,2058,630,94,5,Persona,CO,Mass,0.0368,0
CLI00002928,37,2983,4401,593,54,5,Persona,PE,Mass,0.1229,0
CLI00002929,29,5221,72184,841,158,4,Persona,CO,Mass,1.1521,0
CLI00002930,58,10075,15260,720,9,4,Persona,CO,Mass,0.1262,0
CLI00002931,28,4863,10662,603,214,2,Persona,CO,Private,0.1827,0
CLI00002932,59,3815,3052,571,171,1,Persona,CO,Premium,0.0667,0
CLI00002933,28,4021,20155,772,120,3,Persona,US,Mass,0.4177,0
CLI00002934,44,10872,2084,663,47,3,Persona,MX,Mass,0.016,0
CLI00002935,68,13096,1690,630,60,2,Persona,CL,Premium,0.0108,0
CLI00002936,32,2882,4633,663,239,2,Persona,CO,Mass,0.134,0
CLI00002937,65,2878,57210,690,3,1,Persona,CO,Mass,1.6565,1
CLI00002938,62,6657,54062,643,2,5,Persona,CO,Mass,0.6767,0
CLI00002939,73,16681,5160,794,83,2,Persona,CO,Mass,0.0258,0
CLI00002940,28,12293,4129,801,55,5,Persona,CO,Private,0.028,0
CLI00002941,62,1805,1571,713,162,4,Persona,US,Mass,0.0725,0
CLI00002942,76,3978,8760,814,10,1,Empresa,CO,Mass,0.1835,0
CLI00002943,65,2334,9528,651,188,1,Persona,MX,Mass,0.3402,0
CLI00002944,29,3967,17846,732,187,3,Empresa,CO,Premium,0.3749,0
CLI00002945,68,17739,20144,770,55,1,Persona,CO,Mass,0.0946,0
CLI00002946,24,1574,6651,772,138,5,Persona,CO,Premium,0.3521,0
CLI00002947,54,1346,14129,759,161,5,Persona,CO,Premium,0.8747,0
CLI00002948,48,2532,4021,725,203,4,Persona,CO,Premium,0.1323,0
CLI00002949,50,6184,13863,884,175,2,Persona,CO,Mass,0.1868,0
CLI00002950,50,8075,4879,585,231,5,Persona,CO,Premium,0.0504,0
CLI00002951,19,6974,12828,631,27,4,Persona,CO,Mass,0.1533,0
CLI00002952,49,12588,11831,624,146,2,Persona,US,Premium,0.0783,0
CLI00002953,76,1199,8680,605,185,5,Persona,CL,Mass,0.6032,0
CLI00002954,45,12716,17935,411,55,2,Persona,CO,Mass,0.1175,0
CLI00002955,35,3828,1685,814,52,3,Persona,CO,Mass,0.0367,0
CLI00002956,79,8823,2793,526,22,4,Persona,CO,Premium,0.0264,0
CLI00002957,24,1704,6185,670,236,5,Persona,CO,Mass,0.3025,0
CLI00002958,48,4934,1913,479,207,1,Persona,PE,Mass,0.0323,0
CLI00002959,49,5937,5394,724,29,2,Persona,CO,Premium,0.0757,0
CLI00002960,47,12389,5571,555,58,5,Persona,CO,Mass,0.0375,0
CLI00002961,75,1382,30021,513,109,3,Persona,CO,Mass,1.8101,0
CLI00002962,44,5037,9344,673,214,4,Empresa,CO,Mass,0.1546,0
CLI00002963,78,2062,22684,565,198,4,Empresa,CO,Premium,0.9167,0
CLI00002964,22,7364,10956,581,210,2,Persona,CO,Mass,0.124,0
CLI00002965,63,9152,4742,670,198,2,Persona,CO,Mass,0.0432,0
CLI00002966,54,13762,9262,745,150,3,Persona,US,Premium,0.0561,0
CLI00002967,32,3203,16804,551,69,1,Persona,CO,Premium,0.4372,0
CLI00002968,32,10319,26726,531,144,4,Persona,CO,Mass,0.2158,0
CLI00002969,62,14599,7098,652,118,1,Persona,CO,Mass,0.0405,0
CLI00002970,57,1320,1560,714,228,5,Persona,CO,Mass,0.0985,0
CLI00002971,55,8021,1454,825,107,4,Persona,CO,Mass,0.0151,0
CLI00002972,21,10580,5846,521,181,2,Persona,CO,Mass,0.046,0
CLI00002973,55,3995,782,611,41,1,Persona,CO,Premium,0.0163,0
CLI00002974,78,1865,48781,791,163,4,Persona,CO,Mass,2.1796,0
CLI00002975,19,10450,14719,886,108,3,Persona,CO,Mass,0.1174,0
CLI00002976,47,1882,4291,530,104,1,Persona,CO,Mass,0.19,0
CLI00002977,48,4261,2671,561,181,3,Persona,CO,Premium,0.0522,0
CLI00002978,73,4759,22654,695,116,5,Persona,CO,Mass,0.3967,0
CLI00002979,35,8711,2660,580,14,4,Empresa,CO,Mass,0.0254,0
CLI00002980,47,2977,2927,558,93,4,Persona,CO,Mass,0.0819,0
CLI00002981,62,2842,3767,679,231,3,Persona,CO,Private,0.1105,0
CLI00002982,21,5319,9082,835,227,1,Persona,CO,Mass,0.1423,0
CLI00002983,67,10994,15075,492,147,5,Persona,CO,Mass,0.1143,0
CLI00002984,68,30636,26706,829,153,4,Empresa,CO,Premium,0.0726,0
CLI00002985,62,1471,23039,581,63,3,Persona,CO,Mass,1.3051,0
CLI00002986,58,6325,8109,691,187,4,Persona,CO,Mass,0.1068,0
CLI00002987,64,2060,22483,840,143,2,Empresa,CO,Mass,0.9095,0
CLI00002988,66,11103,4142,689,8,4,Persona,CO,Mass,0.0311,0
CLI00002989,74,2319,1311,614,227,5,Persona,CO,Mass,0.0471,0
CLI00002990,44,2864,4141,736,204,2,Empresa,CO,Mass,0.1205,0
CLI00002991,46,3067,3618,629,19,1,Persona,CO,Mass,0.0983,0
CLI00002992,57,4624,4307,712,100,4,Persona,CO,Premium,0.0776,0
CLI00002993,29,6364,3104,625,178,5,Persona,CO,Premium,0.0406,0
CLI00002994,71,7236,5109,753,176,5,Persona,CO,Mass,0.0588,0
CLI00002995,65,4892,15063,482,40,5,Persona,US,Mass,0.2566,0
CLI00002996,57,1696,45037,528,9,2,Persona,CO,Mass,2.2128,1
CLI00002997,36,8797,1443,480,236,5,Persona,CO,Private,0.0137,0
CLI00002998,39,4710,2235,643,214,2,Persona,CO,Mass,0.0395,0
CLI00002999,44,12448,3672,466,177,3,Persona,CO,Mass,0.0246,0
CLI00003000,59,2790,17426,566,158,5,Persona,MX,Premium,0.5205,0
CLI00003001,66,1364,6601,517,164,5,Persona,CO,Mass,0.4033,0
CLI00003002,59,4782,3928,827,109,4,Persona,US,Mass,0.0684,0
CLI00003003,75,13859,16592,531,164,3,Persona,CO,Mass,0.0998,0
CLI00003004,77,5590,21086,495,72,3,Empresa,CO,Premium,0.3143,0
CLI00003005,61,4189,7952,679,20,5,Persona,CO,Premium,0.1582,0
CLI00003006,40,2449,3582,852,74,5,Empresa,CO,Mass,0.1219,0
CLI00003007,55,20054,10617,636,70,2,Persona,CO,Mass,0.0441,0
CLI00003008,44,2156,6417,645,72,1,Persona,CO,Premium,0.248,0
CLI00003009,57,2750,6367,804,113,5,Empresa,CO,Mass,0.1929,0
CLI00003010,68,7754,4854,755,31,5,Persona,CO,Mass,0.0522,0
CLI00003011,40,1113,20434,701,97,1,Empresa,CO,Premium,1.5298,0
CLI00003012,49,13625,10403,580,111,3,Persona,US,Premium,0.0636,0
CLI00003013,20,8097,22827,704,45,3,Persona,CO,Mass,0.2349,0
CLI00003014,63,10090,30832,486,108,1,Persona,CO,Mass,0.2546,0
CLI00003015,48,7680,12822,575,161,4,Persona,CO,Premium,0.1391,0
CLI00003016,46,4320,4883,821,98,5,Persona,US,Mass,0.0942,0
CLI00003017,51,2099,22932,806,0,2,Persona,CO,Mass,0.9104,0
CLI00003018,31,4393,12908,702,168,4,Persona,CO,Premium,0.2449,0
CLI00003019,55,2252,109465,418,138,1,Persona,CO,Mass,4.0505,1
CLI00003020,64,7251,11049,505,100,2,Persona,CO,Mass,0.127,0
CLI00003021,39,9371,16279,568,5,3,Persona,CO,Premium,0.1448,0
CLI00003022,26,16017,10833,629,21,5,Persona,CO,Premium,0.0564,0
CLI00003023,41,6617,7338,499,19,5,Empresa,CO,Premium,0.0924,0
CLI00003024,30,10297,6255,620,204,5,Persona,CO,Mass,0.0506,0
CLI00003025,41,3874,10875,862,74,5,Persona,CO,Private,0.2339,0
CLI00003026,56,3352,13645,698,102,5,Persona,CO,Mass,0.3392,0
CLI00003027,25,7179,25703,676,167,2,Persona,CO,Mass,0.2984,0
CLI00003028,64,3607,11035,527,157,1,Persona,CL,Mass,0.2549,0
CLI00003029,31,6095,5100,453,15,5,Persona,CO,Mass,0.0697,0
CLI00003030,73,2102,5843,502,223,1,Persona,CO,Mass,0.2316,0
CLI00003031,63,2427,2158,448,63,3,Persona,CO,Premium,0.0741,0
CLI00003032,34,8170,42668,659,184,4,Persona,PE,Mass,0.4352,0
CLI00003033,52,9990,4716,696,199,1,Persona,MX,Mass,0.0393,0
CLI00003034,24,2233,21320,534,129,5,Persona,CO,Premium,0.7956,0
CLI00003035,24,8404,10684,667,38,2,Persona,CO,Mass,0.1059,0
CLI00003036,77,3209,10978,826,130,2,Persona,CL,Mass,0.2851,0
CLI00003037,67,4980,7205,884,58,2,Empresa,CO,Premium,0.1206,0
CLI00003038,27,15268,3685,742,203,3,Persona,CO,Mass,0.0201,0
CLI00003039,35,9376,3076,629,181,3,Persona,CO,Mass,0.0273,0
CLI00003040,30,9290,45636,738,197,1,Persona,CO,Mass,0.4094,0
CLI00003041,42,22630,9081,812,198,1,Persona,CO,Mass,0.0334,0
CLI00003042,36,2798,24965,409,42,3,Persona,CO,Mass,0.7435,0
CLI00003043,38,2233,32367,827,7,2,Persona,CO,Premium,1.2079,0
CLI00003044,50,2758,5373,584,150,4,Persona,CO,Mass,0.1623,0
CLI00003045,29,4009,12375,585,147,5,Persona,CO,Mass,0.2572,0
CLI00003046,72,747,8476,607,207,1,Persona,CO,Premium,0.9455,0
CLI00003047,63,4163,2547,688,153,1,Persona,CO,Mass,0.051,0
CLI00003048,65,3179,6731,516,192,4,Empresa,PE,Premium,0.1764,0
CLI00003049,28,9200,14581,615,83,1,Persona,CO,Premium,0.1321,0
CLI00003050,61,6515,4919,713,29,4,Persona,CO,Mass,0.0629,0
CLI00003051,69,3039,5855,676,9,3,Persona,CO,Mass,0.1605,0
CLI00003052,28,7879,6813,695,104,3,Persona,CO,Mass,0.0721,0
CLI00003053,64,8765,66938,611,0,4,Persona,CO,Premium,0.6364,0
CLI00003054,40,2657,1294,733,124,5,Persona,CO,Mass,0.0406,0
CLI00003055,66,3312,13381,776,96,1,Persona,CO,Premium,0.3367,0
CLI00003056,47,828,6289,769,61,1,Persona,CO,Premium,0.6329,0
CLI00003057,67,2053,4269,701,141,4,Persona,CO,Mass,0.1733,0
CLI00003058,27,2713,6137,762,163,1,Persona,CO,Private,0.1885,0
CLI00003059,42,5215,15793,754,9,3,Persona,CO,Mass,0.2524,0
CLI00003060,34,2306,16722,900,114,3,Persona,CO,Mass,0.6043,0
CLI00003061,33,3259,9759,796,225,2,Persona,CO,Mass,0.2495,0
CLI00003062,37,1844,24166,639,71,3,Persona,MX,Mass,1.0921,0
CLI00003063,41,5635,28820,540,187,1,Persona,CO,Mass,0.4262,0
CLI00003064,25,6908,18331,618,80,2,Persona,CO,Mass,0.2211,0
CLI00003065,61,6781,4692,610,65,1,Persona,US,Mass,0.0577,0
CLI00003066,52,4963,13285,711,205,5,Persona,US,Premium,0.2231,0
CLI00003067,69,1432,13349,565,85,5,Persona,US,Premium,0.7768,0
CLI00003068,61,2993,3584,793,207,2,Persona,CO,Mass,0.0998,0
CLI00003069,27,3548,1686,483,157,1,Empresa,CO,Private,0.0396,0
CLI00003070,22,3559,1071,454,194,2,Persona,CO,Premium,0.0251,0
CLI00003071,44,5218,8689,633,195,5,Persona,CO,Premium,0.1388,0
CLI00003072,47,15374,10916,548,219,5,Persona,CO,Mass,0.0592,0
CLI00003073,32,9411,2485,499,133,4,Persona,CO,Mass,0.022,0
CLI00003074,66,2230,23064,573,228,5,Persona,CO,Mass,0.8619,0
CLI00003075,54,8456,9435,558,14,1,Persona,CO,Mass,0.093,0
CLI00003076,64,8202,31239,651,118,3,Empresa,CO,Mass,0.3174,0
CLI00003077,24,2578,11737,575,95,4,Persona,CO,Premium,0.3794,0
CLI00003078,68,9692,2789,585,23,1,Persona,CO,Mass,0.024,0
CLI00003079,30,4322,12813,649,209,3,Persona,CO,Mass,0.247,0
CLI00003080,45,1590,15837,771,192,2,Persona,CO,Mass,0.83,0
CLI00003081,45,7073,4686,826,179,1,Persona,CO,Mass,0.0552,0
CLI00003082,68,5846,1915,667,152,2,Persona,CO,Mass,0.0273,0
CLI00003083,35,4096,8957,677,144,5,Empresa,CO,Premium,0.1822,0
CLI00003084,32,4769,2978,628,91,3,Persona,CO,Premium,0.052,0
CLI00003085,39,2764,24856,707,164,1,Persona,CO,Premium,0.7494,0
CLI00003086,40,8007,5392,696,234,4,Persona,US,Premium,0.0561,0
CLI00003087,29,4746,45460,809,60,3,Persona,CO,Mass,0.7982,0
CLI00003088,28,5614,968,423,81,2,Persona,CO,Mass,0.0144,0
CLI00003089,32,6540,9272,621,26,2,Persona,CO,Mass,0.1181,0
CLI00003090,46,1951,33839,690,217,3,Empresa,CO,Premium,1.4453,0
CLI00003091,39,2403,3326,646,127,5,Persona,CO,Mass,0.1153,0
CLI00003092,42,838,6910,537,142,4,Empresa,CO,Mass,0.6871,0
CLI00003093,62,7721,5415,494,63,3,Empresa,CO,Premium,0.0584,0
CLI00003094,32,1863,4089,746,8,2,Persona,CO,Mass,0.1829,0
CLI00003095,74,5464,10348,559,193,1,Persona,CO,Mass,0.1578,0
CLI00003096,64,6612,2218,439,206,1,Persona,CO,Premium,0.028,0
CLI00003097,28,7957,7251,752,81,1,Persona,CO,Mass,0.0759,0
CLI00003098,37,1875,13575,705,182,5,Persona,CO,Premium,0.6033,0
CLI00003099,29,4665,6534,636,137,3,Empresa,CO,Mass,0.1167,0
CLI00003100,34,18698,2980,540,154,1,Persona,CO,Mass,0.0133,0
CLI00003101,40,19369,22701,636,41,5,Empresa,CO,Mass,0.0977,0
CLI00003102,26,10827,16818,795,147,1,Persona,CO,Mass,0.1294,0
CLI00003103,18,6438,2860,456,38,4,Persona,CO,Mass,0.037,0
CLI00003104,45,2199,2221,462,52,1,Persona,CO,Mass,0.0842,0
CLI00003105,61,8733,3127,574,85,3,Persona,CO,Mass,0.0298,0
CLI00003106,36,4331,13978,646,51,3,Persona,CO,Mass,0.2689,0
CLI00003107,71,7695,10674,590,218,5,Persona,CO,Mass,0.1156,0
CLI00003108,40,2962,17855,727,7,4,Persona,CO,Mass,0.5023,0
CLI00003109,73,4279,5847,780,216,3,Persona,CO,Mass,0.1139,0
CLI00003110,32,5604,3213,683,36,3,Persona,CO,Mass,0.0478,0
CLI00003111,51,5985,20309,717,208,4,Persona,CO,Mass,0.2828,0
CLI00003112,65,7295,4658,682,80,3,Persona,CO,Private,0.0532,0
CLI00003113,21,3092,9764,651,221,4,Persona,CO,Mass,0.2631,0
CLI00003114,75,1678,1719,494,129,3,Persona,US,Premium,0.0854,0
CLI00003115,40,18030,4583,526,117,5,Empresa,CO,Mass,0.0212,0
CLI00003116,48,36004,22234,487,31,1,Persona,US,Mass,0.0515,0
CLI00003117,56,7029,3958,632,104,4,Persona,CO,Mass,0.0469,0
CLI00003118,57,1704,18297,677,133,5,Persona,CO,Mass,0.8948,0
CLI00003119,19,2647,787,476,236,4,Persona,CO,Premium,0.0248,0
CLI00003120,71,7385,4631,658,63,5,Empresa,CO,Premium,0.0523,0
CLI00003121,56,14369,6827,544,19,3,Persona,CO,Mass,0.0396,0
CLI00003122,79,1862,46283,521,60,3,Persona,MX,Mass,2.0713,1
CLI00003123,47,4449,2517,574,58,1,Persona,CO,Premium,0.0471,0
CLI00003124,56,5748,15851,515,227,2,Persona,PE,Mass,0.2298,0
CLI00003125,45,9814,23316,722,36,1,Persona,CO,Mass,0.198,0
CLI00003126,73,3733,3938,629,238,4,Persona,CO,Mass,0.0879,0
CLI00003127,69,1406,5577,747,27,4,Empresa,CO,Mass,0.3305,0
CLI00003128,74,8078,9335,596,194,1,Persona,CO,Mass,0.0963,0
CLI00003129,49,12086,1841,601,99,5,Persona,CO,Mass,0.0127,0
CLI00003130,67,4600,5140,874,13,2,Persona,CO,Mass,0.0931,0
CLI00003131,40,6796,29030,455,147,4,Persona,CO,Mass,0.356,0
CLI00003132,46,3362,13665,804,174,5,Persona,CO,Mass,0.3387,0
CLI00003133,65,2498,6927,848,201,5,Persona,CO,Mass,0.2311,0
CLI00003134,23,11171,9073,741,42,1,Persona,CO,Mass,0.0677,0
CLI00003135,62,6700,14485,610,148,1,Persona,CO,Mass,0.1802,0
CLI00003136,18,7275,17542,821,136,1,Persona,CO,Mass,0.2009,0
CLI00003137,54,16345,4645,611,106,5,Persona,CO,Mass,0.0237,0
CLI00003138,47,2113,37598,565,214,3,Persona,CO,Mass,1.4827,0
CLI00003139,47,3160,30222,603,101,1,Persona,CL,Mass,0.797,0
CLI00003140,48,5576,15950,581,91,3,Persona,US,Mass,0.2384,0
CLI00003141,48,3129,3487,536,126,3,Persona,CO,Mass,0.0929,0
CLI00003142,43,9195,2921,783,222,3,Persona,CO,Mass,0.0265,0
CLI00003143,45,4230,5845,557,208,4,Persona,CO,Mass,0.1151,0
CLI00003144,53,2221,8610,646,170,1,Persona,US,Mass,0.323,0
CLI00003145,65,5180,1382,476,19,2,Persona,CO,Mass,0.0222,0
CLI00003146,52,5632,13289,653,72,4,Persona,US,Mass,0.1966,0
CLI00003147,57,10381,29362,511,3,5,Persona,PE,Private,0.2357,0
CLI00003148,69,6731,14421,508,22,2,Persona,CO,Mass,0.1785,0
CLI00003149,79,7107,4121,636,199,3,Persona,CO,Mass,0.0483,0
CLI00003150,24,6350,3661,776,195,5,Persona,CO,Mass,0.048,0
CLI00003151,62,4227,10936,702,24,4,Persona,CO,Premium,0.2156,0
CLI00003152,31,2771,6951,711,109,2,Persona,CO,Mass,0.209,0
CLI00003153,30,6192,12620,634,67,3,Empresa,CO,Mass,0.1698,0
CLI00003154,67,3764,14790,609,17,1,Persona,CO,Premium,0.3274,0
CLI00003155,22,18993,24146,744,91,3,Persona,CO,Mass,0.1059,0
CLI00003156,70,14382,2612,582,24,3,Persona,CO,Premium,0.0151,0
CLI00003157,65,8154,10113,750,176,1,Empresa,CO,Mass,0.1034,0
CLI00003158,79,6652,5633,798,232,2,Persona,MX,Premium,0.0706,0
CLI00003159,59,4580,7341,549,101,5,Persona,CO,Private,0.1336,0
CLI00003160,72,1792,19233,566,58,4,Persona,CO,Mass,0.8944,0
CLI00003161,25,4134,21442,584,119,3,Persona,CO,Premium,0.4322,0
CLI00003162,73,5330,32808,473,231,2,Persona,US,Mass,0.5129,0
CLI00003163,27,5905,12401,593,38,1,Persona,CO,Mass,0.175,0
CLI00003164,37,7155,7258,806,163,3,Persona,CO,Mass,0.0845,0
CLI00003165,25,10270,6292,524,22,3,Persona,CO,Mass,0.0511,0
CLI00003166,42,2825,1429,809,72,1,Persona,CO,Mass,0.0422,0
CLI00003167,64,2845,30937,597,105,5,Persona,CO,Mass,0.9062,0
CLI00003168,34,15688,5872,900,92,3,Persona,CO,Mass,0.0312,0
CLI00003169,68,9106,13438,568,42,1,Persona,CO,Mass,0.123,0
CLI00003170,55,3595,15978,632,186,1,Persona,CO,Mass,0.3704,0
CLI00003171,56,4510,2332,540,161,5,Persona,MX,Mass,0.0431,0
CLI00003172,76,4527,3218,567,104,2,Empresa,CO,Mass,0.0592,0
CLI00003173,44,5040,38063,810,100,2,Persona,CO,Mass,0.6293,0
CLI00003174,39,7173,10833,706,17,1,Persona,CO,Mass,0.1259,0
CLI00003175,79,37346,4534,773,158,5,Persona,CO,Private,0.0101,0
CLI00003176,52,5720,7141,492,55,5,Persona,CO,Private,0.104,0
CLI00003177,56,8350,24010,728,72,2,Persona,CO,Mass,0.2396,0
CLI00003178,36,1275,20626,533,206,4,Persona,CO,Mass,1.348,0
CLI00003179,31,3334,1870,489,154,3,Persona,CO,Mass,0.0467,0
CLI00003180,28,13135,41534,678,167,1,Persona,US,Mass,0.2635,0
CLI00003181,31,6780,21293,677,63,4,Persona,MX,Mass,0.2617,0
CLI00003182,30,146,6957,656,120,1,Persona,CO,Private,3.9686,0
CLI00003183,64,8427,2460,736,3,5,Persona,CO,Mass,0.0243,0
CLI00003184,21,22800,23248,754,58,1,Persona,CL,Mass,0.085,0
CLI00003185,57,995,13048,826,192,2,Persona,CO,Mass,1.0927,0
CLI00003186,76,16572,1885,507,113,2,Persona,CO,Premium,0.0095,0
CLI00003187,65,535,6424,830,152,2,Persona,CO,Premium,1.0005,0
CLI00003188,42,10408,184641,875,189,3,Persona,CO,Mass,1.4783,0
CLI00003189,21,4880,8237,606,224,4,Persona,CO,Premium,0.1407,0
CLI00003190,69,749,3858,449,19,2,Persona,CO,Premium,0.4292,1
CLI00003191,18,7022,2955,483,139,3,Persona,CO,Premium,0.0351,0
CLI00003192,60,12340,47671,594,238,5,Persona,CO,Mass,0.3219,0
CLI00003193,59,6575,18915,891,47,3,Persona,CO,Mass,0.2397,0
CLI00003194,29,7846,33104,652,206,4,Persona,CO,Premium,0.3516,0
CLI00003195,63,3535,10385,575,139,2,Persona,CO,Mass,0.2448,0
CLI00003196,28,1108,28396,567,76,1,Persona,CO,Mass,2.1355,1
CLI00003197,31,8548,3469,491,187,2,Persona,CO,Mass,0.0338,0
CLI00003198,68,19926,9533,754,208,1,Empresa,CO,Mass,0.0399,0
CLI00003199,78,12132,10797,638,34,5,Persona,CO,Mass,0.0742,0
CLI00003200,34,1001,32287,900,163,1,Persona,CO,Mass,2.6877,0
CLI00003201,75,1462,11146,725,224,5,Persona,CO,Mass,0.6353,0
CLI00003202,74,2497,4335,749,159,1,Persona,CO,Mass,0.1447,0
CLI00003203,65,1374,8639,620,131,1,Persona,CO,Mass,0.5239,0
CLI00003204,26,5091,1515,519,33,3,Persona,CO,Mass,0.0248,0
CLI00003205,36,6732,795,545,108,1,Persona,CO,Mass,0.0098,0
CLI00003206,60,1565,18607,485,217,1,Persona,CO,Mass,0.9907,0
CLI00003207,79,9151,5570,759,191,4,Persona,CO,Private,0.0507,0
CLI00003208,68,7949,6239,603,108,1,Persona,US,Mass,0.0654,0
CLI00003209,44,3169,18600,764,74,3,Persona,CO,Mass,0.4891,0
CLI00003210,32,4281,32761,666,192,1,Persona,CO,Mass,0.6377,0
CLI00003211,77,1032,13828,614,232,1,Persona,CO,Mass,1.1165,0
CLI00003212,35,3767,55718,509,71,4,Persona,CO,Mass,1.2326,1
CLI00003213,39,4943,13395,686,194,2,Persona,CO,Premium,0.2258,0
CLI00003214,77,5625,10962,623,73,1,Persona,CL,Mass,0.1624,0
CLI00003215,52,6654,10305,758,198,4,Persona,CO,Mass,0.1291,0
CLI00003216,34,5975,2240,564,231,5,Persona,CO,Mass,0.0312,0
CLI00003217,18,3977,21078,723,159,3,Persona,CO,Mass,0.4417,0
CLI00003218,44,6179,702,846,119,2,Persona,CL,Mass,0.0095,0
CLI00003219,79,10955,4508,682,75,5,Persona,CO,Mass,0.0343,0
CLI00003220,44,4553,8291,744,14,2,Persona,CO,Mass,0.1517,0
CLI00003221,61,6336,3678,718,12,4,Persona,CO,Mass,0.0484,0
CLI00003222,33,4234,5157,877,200,3,Persona,CO,Mass,0.1015,0
CLI00003223,66,2929,50989,694,158,4,Persona,CO,Premium,1.4507,0
CLI00003224,66,7467,24441,733,54,3,Persona,CO,Mass,0.2728,0
CLI00003225,55,3152,4081,645,132,3,Persona,CO,Premium,0.1079,0
CLI00003226,65,6693,5066,557,210,3,Empresa,MX,Mass,0.0631,0
CLI00003227,53,5027,2259,505,155,2,Persona,CO,Premium,0.0374,0
CLI00003228,41,3853,16399,802,219,3,Persona,MX,Mass,0.3547,0
CLI00003229,63,3780,6312,528,28,1,Persona,CO,Premium,0.1392,0
CLI00003230,69,3273,1134,739,17,2,Persona,CO,Mass,0.0289,0
CLI00003231,70,1317,8962,699,159,1,Persona,CO,Mass,0.567,0
CLI00003232,31,6676,12568,760,139,2,Persona,CO,Mass,0.1569,0
CLI00003233,59,5914,21229,588,165,2,Persona,CO,Premium,0.2991,0
CLI00003234,18,9698,7529,555,235,1,Persona,CO,Mass,0.0647,0
CLI00003235,53,3212,5582,695,26,2,Persona,CL,Premium,0.1448,0
CLI00003236,53,22388,59057,614,223,4,Empresa,CO,Premium,0.2198,0
CLI00003237,40,3627,8156,502,14,5,Persona,CO,Mass,0.1874,0
CLI00003238,79,2440,16639,882,126,4,Persona,CO,Premium,0.5683,0
CLI00003239,72,2219,4724,555,199,4,Persona,CO,Mass,0.1774,0
CLI00003240,20,1227,16153,530,163,4,Persona,CO,Mass,1.097,0
CLI00003241,30,16749,1890,620,53,5,Persona,CL,Mass,0.0094,0
CLI00003242,30,14718,5104,800,145,5,Persona,CO,Premium,0.0289,0
CLI00003243,73,7947,2420,389,216,1,Persona,CO,Mass,0.0254,0
CLI00003244,50,2399,4425,790,48,3,Persona,CO,Mass,0.1537,0
CLI00003245,63,20931,28295,540,224,5,Empresa,CO,Mass,0.1127,0
CLI00003246,68,3709,4392,681,156,5,Persona,CO,Premium,0.0987,0
CLI00003247,65,3963,16618,568,20,3,Persona,CO,Mass,0.3494,0
CLI00003248,23,15518,36947,889,79,3,Persona,CO,Mass,0.1984,0
CLI00003249,26,8325,7882,664,206,1,Persona,CO,Mass,0.0789,0
CLI00003250,42,28592,21889,565,81,3,Persona,CO,Mass,0.0638,0
CLI00003251,38,5996,13781,613,227,3,Persona,MX,Mass,0.1915,0
CLI00003252,64,3577,9103,660,100,4,Persona,CO,Premium,0.2121,0
CLI00003253,27,3012,17159,671,82,3,Persona,CO,Mass,0.4747,0
CLI00003254,41,1121,51018,702,204,2,Persona,CO,Mass,3.7923,0
CLI00003255,32,3932,4284,649,188,5,Persona,CO,Premium,0.0908,0
CLI00003256,29,12279,3105,484,57,2,Persona,CO,Mass,0.0211,0
CLI00003257,28,7935,2928,609,187,2,Persona,CO,Premium,0.0307,0
CLI00003258,30,4995,21904,722,60,3,Persona,CO,Mass,0.3654,0
CLI00003259,52,2217,25068,569,214,2,Persona,CO,Mass,0.9422,0
CLI00003260,43,5892,4736,730,1,1,Persona,CO,Premium,0.067,0
CLI00003261,44,11050,957,653,158,4,Persona,CO,Premium,0.0072,0
CLI00003262,47,6936,4126,623,37,2,Persona,CO,Mass,0.0496,0
CLI00003263,63,5616,14014,793,162,5,Empresa,CO,Mass,0.2079,0
CLI00003264,71,2597,7580,441,234,4,Persona,CO,Mass,0.2432,0
CLI00003265,50,9835,9704,568,160,3,Persona,CO,Premium,0.0822,0
CLI00003266,57,401,4801,797,104,3,Persona,CO,Mass,0.9975,0
CLI00003267,63,6676,22338,869,197,5,Persona,CO,Mass,0.2788,0
CLI00003268,60,38417,11420,900,46,1,Persona,CO,Mass,0.0248,0
CLI00003269,26,1470,14566,656,130,2,Persona,CO,Mass,0.8257,0
CLI00003270,78,4051,9500,704,231,1,Persona,CO,Mass,0.1954,0
CLI00003271,28,4883,13689,748,85,1,Empresa,CO,Premium,0.2336,0
CLI00003272,43,3394,12817,803,6,5,Persona,CO,Mass,0.3147,0
CLI00003273,58,11260,3203,687,105,1,Persona,CO,Mass,0.0237,0
CLI00003274,43,7172,11767,761,116,5,Persona,CO,Premium,0.1367,0
CLI00003275,33,5551,17881,705,194,4,Persona,CO,Private,0.2684,0
CLI00003276,75,9300,25723,712,193,4,Persona,CL,Premium,0.2305,0
CLI00003277,22,4981,12284,539,81,4,Persona,CO,Premium,0.2055,0
CLI00003278,33,62560,3086,610,185,1,Persona,CO,Private,0.0041,0
CLI00003279,79,5547,3599,587,34,1,Empresa,CO,Mass,0.0541,0
CLI00003280,63,5745,5244,507,45,2,Empresa,CO,Premium,0.0761,0
CLI00003281,23,1250,9793,451,144,4,Persona,CO,Mass,0.6528,0
CLI00003282,64,3181,7170,599,169,2,Persona,US,Mass,0.1878,0
CLI00003283,78,12306,2634,618,193,1,Persona,CO,Mass,0.0178,0
CLI00003284,24,1688,2618,662,149,4,Persona,CO,Mass,0.1292,0
CLI00003285,43,874,993,716,30,4,Persona,CO,Premium,0.0947,0
CLI00003286,47,5043,357,672,162,3,Empresa,CO,Premium,0.0059,0
CLI00003287,26,14714,7102,619,103,3,Persona,CO,Mass,0.0402,0
CLI00003288,30,5084,82473,540,63,4,Persona,CO,Premium,1.3518,1
CLI00003289,28,3755,48863,755,81,4,Persona,CO,Premium,1.0844,0
CLI00003290,29,1111,3046,637,194,2,Persona,CO,Mass,0.2285,0
CLI00003291,43,7057,9413,597,42,1,Persona,MX,Premium,0.1112,0
CLI00003292,46,8341,1873,627,134,5,Persona,CL,Mass,0.0187,0
CLI00003293,32,1181,2181,562,19,1,Persona,CO,Mass,0.1539,0
CLI00003294,35,12180,2446,586,174,3,Persona,CO,Mass,0.0167,0
CLI00003295,29,9068,6467,582,35,5,Persona,CO,Premium,0.0594,0
CLI00003296,67,12159,6751,615,225,3,Persona,CO,Mass,0.0463,0
CLI00003297,31,7838,10432,728,211,5,Persona,MX,Mass,0.1109,0
CLI00003298,74,8291,15728,698,205,3,Persona,CO,Mass,0.1581,0
CLI00003299,51,7454,5785,835,83,4,Persona,CO,Premium,0.0647,0
CLI00003300,67,9845,8401,795,187,3,Persona,CO,Premium,0.0711,0
CLI00003301,57,1147,2714,884,32,2,Persona,CO,Mass,0.1972,0
CLI00003302,34,1479,2112,717,69,5,Persona,CO,Premium,0.119,0
CLI00003303,55,2727,1809,715,31,3,Persona,CO,Mass,0.0553,0
CLI00003304,34,4429,15510,591,12,3,Persona,CO,Mass,0.2918,0
CLI00003305,25,6704,5779,749,88,4,Persona,CO,Mass,0.0718,0
CLI00003306,33,6372,1247,571,137,5,Persona,CO,Mass,0.0163,0
CLI00003307,35,12012,7607,473,206,5,Persona,PE,Premium,0.0528,0
CLI00003308,26,12317,2324,833,8,2,Persona,CO,Mass,0.0157,0
CLI00003309,19,2445,42632,500,97,2,Persona,CO,Mass,1.453,1
CLI00003310,76,5948,4542,702,171,2,Empresa,CO,Premium,0.0636,0
CLI00003311,49,2494,16018,544,48,2,Persona,CO,Premium,0.5352,0
CLI00003312,42,4227,24075,785,176,2,Persona,CO,Mass,0.4746,0
CLI00003313,75,6357,3118,801,136,3,Persona,CO,Premium,0.0409,0
CLI00003314,31,321,8743,713,135,1,Persona,CO,Private,2.2691,0
CLI00003315,42,33826,14093,799,29,3,Persona,CO,Mass,0.0347,0
CLI00003316,70,7732,9095,650,40,5,Persona,MX,Mass,0.098,0
CLI00003317,57,3051,11627,900,210,3,Persona,CO,Mass,0.3176,0
CLI00003318,42,22968,2143,739,210,1,Persona,CO,Premium,0.0078,0
CLI00003319,33,3722,14101,541,108,2,Persona,CO,Mass,0.3157,0
CLI00003320,20,5464,4983,658,143,2,Persona,CO,Premium,0.076,0
CLI00003321,23,3328,11492,631,130,3,Persona,CO,Mass,0.2878,0
CLI00003322,28,18427,20332,619,123,2,Persona,CO,Mass,0.0919,0
CLI00003323,66,4518,15816,451,170,2,Persona,CO,Premium,0.2917,0
CLI00003324,57,5539,11484,696,136,4,Persona,PE,Mass,0.1728,0
CLI00003325,44,12874,15400,483,30,1,Persona,CO,Premium,0.0997,0
CLI00003326,66,7848,16129,346,19,5,Persona,CO,Mass,0.1713,0
CLI00003327,27,4705,36152,608,204,2,Persona,CO,Mass,0.6403,0
CLI00003328,31,11947,7831,559,177,5,Persona,CO,Premium,0.0546,0
CLI00003329,42,37450,9546,546,47,1,Persona,US,Mass,0.0212,0
CLI00003330,74,6335,20579,300,14,2,Persona,CO,Mass,0.2707,0
CLI00003331,56,5395,4962,547,52,2,Persona,CO,Mass,0.0766,0
CLI00003332,70,5633,2131,629,138,3,Empresa,US,Mass,0.0315,0
CLI00003333,33,14021,13269,573,140,1,Empresa,MX,Mass,0.0789,0
CLI00003334,70,3043,6594,696,40,2,Persona,CO,Mass,0.1806,0
CLI00003335,22,3933,2422,817,42,5,Persona,US,Mass,0.0513,0
CLI00003336,32,1436,13366,711,49,5,Persona,CO,Mass,0.7756,0
CLI00003337,50,1906,33898,773,106,3,Persona,CO,Premium,1.482,0
CLI00003338,21,3247,1588,783,55,1,Persona,CO,Mass,0.0408,0
CLI00003339,71,4699,22523,527,109,2,Persona,CO,Mass,0.3994,0
CLI00003340,71,20236,640,702,3,5,Empresa,CO,Mass,0.0026,0
CLI00003341,51,7546,5430,769,224,5,Persona,CO,Premium,0.06,0
CLI00003342,36,2369,51047,597,214,5,Persona,CO,Mass,1.7956,0
CLI00003343,24,2745,5835,555,81,5,Persona,CO,Mass,0.1771,0
CLI00003344,56,14761,8865,713,193,4,Persona,US,Premium,0.05,0
CLI00003345,51,12103,17376,472,128,4,Persona,US,Premium,0.1196,0
CLI00003346,65,5026,1456,519,7,4,Persona,CO,Premium,0.0241,0
CLI00003347,55,3449,8708,569,68,4,Empresa,MX,Mass,0.2104,0
CLI00003348,25,12087,8640,704,13,2,Persona,CO,Mass,0.0596,0
CLI00003349,25,2220,52173,676,169,4,Persona,CO,Mass,1.9584,0
CLI00003350,66,6725,2354,773,187,2,Persona,CO,Mass,0.0292,0
CLI00003351,27,30276,5532,539,148,4,Persona,CO,Mass,0.0152,0
CLI00003352,76,5792,3202,532,1,2,Persona,CO,Mass,0.0461,0
CLI00003353,24,2642,2880,712,56,3,Persona,CO,Mass,0.0908,0
CLI00003354,63,6824,25019,554,112,1,Persona,PE,Mass,0.3055,0
CLI00003355,78,3374,8321,577,34,5,Empresa,CO,Premium,0.2055,0
CLI00003356,45,1611,4649,427,25,4,Persona,CO,Mass,0.2405,0
CLI00003357,21,8611,4827,684,73,1,Persona,CO,Premium,0.0467,0
CLI00003358,72,12019,4613,834,141,3,Persona,CO,Mass,0.032,0
CLI00003359,29,3832,5045,526,21,3,Persona,CL,Mass,0.1097,0
CLI00003360,50,3634,2288,772,239,5,Persona,CO,Premium,0.0525,0
CLI00003361,79,2277,6255,642,110,4,Persona,CO,Mass,0.2289,0
CLI00003362,64,4359,5657,438,41,5,Persona,CO,Premium,0.1081,0
CLI00003363,20,3134,3797,542,4,3,Persona,CO,Premium,0.101,0
CLI00003364,68,2188,9462,535,229,1,Persona,CO,Private,0.3604,0
CLI00003365,27,22331,10299,612,142,4,Persona,CO,Mass,0.0384,0
CLI00003366,64,7138,4644,700,207,2,Persona,CO,Mass,0.0542,0
CLI00003367,56,7769,7015,871,186,4,Persona,CO,Mass,0.0752,0
CLI00003368,35,9963,70166,478,236,3,Persona,CO,Premium,0.5869,0
CLI00003369,44,9107,67537,591,213,2,Persona,CO,Mass,0.618,0
CLI00003370,25,3531,2824,542,183,1,Persona,CO,Mass,0.0666,0
CLI00003371,79,6112,3247,497,204,5,Persona,CO,Private,0.0443,0
CLI00003372,32,3963,2809,661,205,4,Empresa,CO,Mass,0.0591,0
CLI00003373,37,6979,23319,650,61,2,Persona,CO,Mass,0.2784,0
CLI00003374,49,6459,5439,432,142,4,Persona,CO,Premium,0.0702,0
CLI00003375,59,3618,10297,652,236,5,Persona,CO,Mass,0.2372,0
CLI00003376,49,1696,59692,505,208,4,Persona,CO,Mass,2.9328,0
CLI00003377,49,5524,8018,651,25,5,Persona,CO,Mass,0.121,0
CLI00003378,54,4173,16419,802,26,3,Persona,CO,Mass,0.3279,0
CLI00003379,71,1083,13635,705,48,2,Empresa,CO,Mass,1.0491,0
CLI00003380,42,7377,4499,671,177,5,Persona,CO,Premium,0.0508,0
CLI00003381,69,10638,23368,586,94,4,Persona,MX,Mass,0.1831,0
CLI00003382,66,37148,3464,658,150,4,Persona,CO,Mass,0.0078,0
CLI00003383,77,3594,30942,717,33,4,Persona,CO,Private,0.7174,0
CLI00003384,74,3194,4503,705,14,5,Persona,CO,Premium,0.1175,0
CLI00003385,67,2023,5024,638,185,4,Persona,CO,Mass,0.2069,0
CLI00003386,33,5807,2728,676,69,5,Persona,MX,Premium,0.0391,0
CLI00003387,66,5778,3215,492,10,1,Empresa,CO,Mass,0.0464,0
CLI00003388,63,2568,5288,561,51,4,Persona,CO,Mass,0.1716,0
CLI00003389,35,4272,712,734,77,2,Empresa,CO,Premium,0.0139,0
CLI00003390,60,1009,6416,751,97,1,Persona,CO,Mass,0.5299,0
CLI00003391,33,10312,4875,661,215,2,Persona,CO,Mass,0.0394,0
CLI00003392,50,2653,17854,827,47,5,Persona,CO,Premium,0.5608,0
CLI00003393,67,4780,12369,710,144,5,Persona,CO,Mass,0.2156,0
CLI00003394,29,1569,3993,622,65,2,Persona,CO,Mass,0.2121,0
CLI00003395,38,3084,5122,503,119,1,Persona,CO,Premium,0.1384,0
CLI00003396,67,3929,6408,822,71,3,Persona,CO,Mass,0.1359,0
CLI00003397,46,4870,35809,742,82,2,Persona,CO,Mass,0.6127,0
CLI00003398,77,7214,3560,865,143,3,Persona,MX,Mass,0.0411,0
CLI00003399,18,15541,3945,900,141,4,Persona,CO,Mass,0.0212,0
CLI00003400,62,8832,2621,495,32,2,Persona,CO,Mass,0.0247,0
CLI00003401,68,10611,1840,495,37,1,Persona,CO,Premium,0.0145,1
CLI00003402,74,15628,11014,306,57,1,Persona,CO,Mass,0.0587,0
CLI00003403,27,7752,9925,760,215,4,Persona,MX,Premium,0.1067,0
CLI00003404,79,4772,29224,728,76,1,Persona,CO,Mass,0.5103,0
CLI00003405,42,11018,22957,661,138,2,Persona,US,Mass,0.1736,0
CLI00003406,39,11595,89064,502,107,5,Persona,CO,Private,0.6401,0
CLI00003407,40,8257,7526,639,84,1,Persona,CO,Mass,0.076,0
CLI00003408,57,1535,6244,672,9,4,Persona,CO,Mass,0.339,0
CLI00003409,58,2506,2207,743,105,1,Persona,CO,Private,0.0734,0
CLI00003410,47,3944,16261,682,239,5,Empresa,CO,Mass,0.3436,0
CLI00003411,22,9170,9122,729,225,4,Persona,CO,Mass,0.0829,0
CLI00003412,79,4831,15541,635,72,5,Persona,CO,Mass,0.2681,0
CLI00003413,31,12203,2593,791,127,4,Persona,CO,Mass,0.0177,0
CLI00003414,23,14075,11517,725,68,3,Persona,CO,Mass,0.0682,0
CLI00003415,55,12827,9948,507,221,5,Persona,CO,Mass,0.0646,0
CLI00003416,43,12892,9311,816,133,4,Persona,CO,Premium,0.0602,0
CLI00003417,56,2143,4091,797,220,1,Persona,CO,Mass,0.1591,0
CLI00003418,72,7230,26617,705,204,3,Persona,MX,Mass,0.3068,0
CLI00003419,24,3022,62963,683,78,3,Persona,CO,Mass,1.7362,0
CLI00003420,35,1313,2669,849,109,2,Persona,CO,Premium,0.1694,0
CLI00003421,50,3905,16654,454,136,3,Persona,CO,Premium,0.3554,1
CLI00003422,66,14182,455,798,59,5,Persona,CO,Mass,0.0027,0
CLI00003423,55,7105,15813,592,199,1,Persona,US,Mass,0.1855,0
CLI00003424,41,24692,1248,781,135,5,Persona,CO,Mass,0.0042,0
CLI00003425,55,5663,4793,664,49,4,Persona,CO,Premium,0.0705,0
CLI00003426,78,34830,2179,500,115,1,Persona,CO,Premium,0.0052,0
CLI00003427,47,5664,6531,590,197,2,Persona,CO,Mass,0.0961,0
CLI00003428,72,5003,18747,772,101,5,Persona,CO,Mass,0.3123,0
CLI00003429,66,1766,1264,624,170,4,Persona,CO,Premium,0.0596,0
CLI00003430,36,11949,5656,575,236,1,Persona,CO,Premium,0.0394,0
CLI00003431,33,3288,4849,574,80,1,Persona,CO,Mass,0.1229,0
CLI00003432,65,2928,39381,727,239,5,Persona,CO,Mass,1.1208,0
CLI00003433,30,13697,12478,860,99,1,Persona,CO,Mass,0.0759,0
CLI00003434,38,12413,2496,393,134,4,Empresa,CO,Mass,0.0168,0
CLI00003435,32,12156,5057,900,185,5,Persona,CO,Premium,0.0347,0
CLI00003436,55,3678,38411,674,16,1,Persona,CO,Mass,0.8703,0
CLI00003437,36,4718,16553,719,168,1,Persona,PE,Premium,0.2924,0
CLI00003438,58,4684,3234,597,136,5,Persona,CO,Mass,0.0575,0
CLI00003439,75,9191,6203,649,157,5,Persona,US,Mass,0.0562,0
CLI00003440,69,17032,6405,673,228,3,Persona,CO,Mass,0.0313,0
CLI00003441,76,6597,4731,524,116,2,Persona,MX,Mass,0.0598,0
CLI00003442,19,23858,1465,553,222,1,Persona,CO,Mass,0.0051,0
CLI00003443,46,10074,4114,792,136,5,Persona,CO,Mass,0.034,0
CLI00003444,31,4073,32506,463,51,4,Empresa,CO,Premium,0.6651,0
CLI00003445,74,9537,5535,702,156,5,Persona,CO,Private,0.0484,0
CLI00003446,62,19240,7308,605,45,4,Persona,CO,Mass,0.0317,0
CLI00003447,37,24309,9325,534,215,3,Empresa,CO,Mass,0.032,0
CLI00003448,52,12701,74469,886,36,3,Persona,CO,Premium,0.4886,0
CLI00003449,55,5016,8175,535,119,2,Persona,CO,Mass,0.1358,0
CLI00003450,48,4132,24196,514,196,4,Persona,CO,Mass,0.488,0
CLI00003451,47,7792,4455,627,2,1,Persona,CO,Premium,0.0476,0
CLI00003452,21,18754,6251,557,117,1,Persona,CO,Mass,0.0278,0
CLI00003453,46,6953,8205,650,121,5,Persona,CO,Mass,0.0983,0
CLI00003454,39,7070,3736,668,81,2,Persona,CO,Mass,0.044,0
CLI00003455,68,5121,6609,678,161,1,Empresa,CO,Premium,0.1075,0
CLI00003456,71,3780,19693,635,77,4,Persona,CO,Mass,0.4341,0
CLI00003457,64,4316,3639,565,89,2,Persona,CO,Mass,0.0703,0
CLI00003458,19,5477,8103,727,66,2,Persona,CO,Mass,0.1233,0
CLI00003459,70,19428,16460,636,149,3,Persona,CO,Mass,0.0706,0
CLI00003460,42,4057,3552,590,211,3,Persona,CO,Mass,0.073,0
CLI00003461,43,5126,24231,827,42,4,Persona,CO,Premium,0.3939,0
CLI00003462,76,2459,8715,635,98,5,Persona,MX,Premium,0.2953,0
CLI00003463,71,8719,6869,781,54,5,Persona,CO,Premium,0.0657,0
CLI00003464,21,14666,1087,797,58,5,Persona,CO,Premium,0.0062,0
CLI00003465,40,18026,5576,804,233,3,Persona,CO,Mass,0.0258,0
CLI00003466,64,5783,11749,732,170,3,Persona,CO,Mass,0.1693,0
CLI00003467,51,7781,46413,649,226,1,Persona,CO,Mass,0.4971,0
CLI00003468,33,4346,14298,642,152,3,Persona,CL,Mass,0.2742,0
CLI00003469,50,7498,24989,620,159,4,Persona,CO,Mass,0.2777,0
CLI00003470,71,6318,2418,389,171,5,Persona,CO,Mass,0.0319,0
CLI00003471,31,5149,7137,736,156,1,Persona,CO,Mass,0.1155,0
CLI00003472,64,5487,27467,679,197,5,Persona,CO,Premium,0.4171,0
CLI00003473,63,7055,3335,749,78,3,Persona,CO,Mass,0.0394,0
CLI00003474,72,3884,21273,635,24,1,Persona,CO,Premium,0.4564,0
CLI00003475,36,4048,16870,729,117,5,Persona,CO,Private,0.3473,0
CLI00003476,31,19262,10665,484,0,3,Persona,CO,Premium,0.0461,0
CLI00003477,51,42977,5833,509,11,3,Persona,CO,Premium,0.0113,0
CLI00003478,50,1875,3022,352,12,1,Persona,US,Premium,0.1343,1
CLI00003479,43,1794,47828,633,18,1,Persona,CO,Mass,2.2216,0
CLI00003480,66,2285,15242,557,169,1,Persona,CO,Premium,0.5559,0
CLI00003481,67,4524,11391,541,143,2,Persona,CO,Mass,0.2098,0
CLI00003482,33,10063,5362,690,224,2,Persona,CO,Private,0.0444,0
CLI00003483,67,7887,8415,598,69,3,Persona,CO,Mass,0.0889,0
CLI00003484,32,5639,9554,478,79,4,Persona,CO,Mass,0.1412,0
CLI00003485,43,7503,12086,900,117,5,Persona,CO,Premium,0.1342,0
CLI00003486,19,2825,16887,645,187,4,Persona,CO,Premium,0.4981,0
CLI00003487,39,4042,3705,520,223,3,Empresa,CO,Mass,0.0764,0
CLI00003488,77,4836,1869,569,175,5,Persona,CO,Mass,0.0322,0
CLI00003489,45,1383,8815,629,121,3,Persona,US,Mass,0.5311,0
CLI00003490,62,1940,1412,628,234,3,Persona,MX,Mass,0.0607,0
CLI00003491,24,2003,5862,806,43,2,Persona,CO,Premium,0.2439,0
CLI00003492,57,9056,4869,640,112,3,Persona,CO,Mass,0.0448,0
CLI00003493,41,5980,13249,872,59,1,Empresa,CO,Premium,0.1846,0
CLI00003494,64,8013,58841,598,39,1,Persona,CO,Mass,0.6119,0
CLI00003495,75,1128,1159,701,95,5,Persona,US,Mass,0.0856,0
CLI00003496,50,1499,78761,772,183,1,Persona,CO,Mass,4.3783,0
CLI00003497,24,8354,6418,793,76,3,Empresa,CO,Mass,0.064,0
CLI00003498,47,532,11473,807,196,1,Persona,CO,Premium,1.7969,0
CLI00003499,25,13091,1968,617,146,4,Persona,CO,Mass,0.0125,0
CLI00003500,45,1142,21957,649,169,5,Persona,CO,Mass,1.6021,0
CLI00003501,21,9649,8446,352,58,3,Empresa,CO,Mass,0.0729,1
CLI00003502,57,2414,7620,626,207,1,Persona,CO,Private,0.263,0
CLI00003503,37,11374,1167,780,48,1,Empresa,CO,Mass,0.0086,0
CLI00003504,30,63992,8723,757,89,4,Persona,CO,Mass,0.0114,0
CLI00003505,19,797,18879,639,187,1,Persona,CO,Mass,1.9738,0
CLI00003506,73,8572,6397,853,165,2,Empresa,CO,Premium,0.0622,0
CLI00003507,69,1156,26217,603,71,5,Persona,CO,Mass,1.8898,0
CLI00003508,68,6914,25157,564,63,3,Persona,CO,Mass,0.3032,0
CLI00003509,21,4165,4268,593,103,5,Persona,CO,Mass,0.0854,0
CLI00003510,39,5452,39939,515,107,5,Persona,CO,Mass,0.6105,0
CLI00003511,78,2370,8478,724,14,4,Persona,CO,Mass,0.2981,0
CLI00003512,53,9176,8516,684,58,5,Persona,CO,Mass,0.0773,0
CLI00003513,25,1542,8946,723,37,1,Persona,CO,Mass,0.4834,0
CLI00003514,26,13270,8684,600,37,2,Persona,CO,Mass,0.0545,0
CLI00003515,34,3542,583,643,84,2,Persona,CO,Premium,0.0137,0
CLI00003516,78,1600,6731,388,8,5,Persona,CO,Mass,0.3506,0
CLI00003517,28,17605,2071,695,162,4,Persona,CO,Mass,0.0098,0
CLI00003518,73,4656,41205,661,161,2,Persona,US,Mass,0.7375,0
CLI00003519,60,22609,39580,517,52,2,Persona,CO,Mass,0.1459,1
CLI00003520,75,13057,18995,637,210,5,Persona,CO,Premium,0.1212,0
CLI00003521,69,2595,6383,619,142,5,Persona,CO,Mass,0.205,0
CLI00003522,38,4591,2957,861,75,1,Persona,CO,Premium,0.0537,0
CLI00003523,69,5414,4198,522,46,2,Persona,CO,Mass,0.0646,0
CLI00003524,28,16664,56536,689,103,3,Persona,CO,Mass,0.2827,0
CLI00003525,36,6974,4055,519,230,2,Persona,CO,Premium,0.0485,0
CLI00003526,31,5659,768,583,0,4,Persona,CO,Mass,0.0113,0
CLI00003527,26,4188,22701,683,4,4,Empresa,CO,Mass,0.4517,0
CLI00003528,23,4719,36333,624,99,5,Persona,CO,Mass,0.6416,0
CLI00003529,29,13956,42583,649,220,4,Empresa,CO,Mass,0.2543,0
CLI00003530,25,4929,22887,689,67,5,Persona,CL,Premium,0.3869,0
CLI00003531,41,3583,26944,590,179,2,Persona,CO,Mass,0.6266,0
CLI00003532,22,3128,8543,756,137,2,Persona,CO,Premium,0.2276,0
CLI00003533,21,3155,1016,613,47,2,Persona,CO,Private,0.0268,0
CLI00003534,79,1600,8332,638,218,5,Persona,CO,Mass,0.4339,0
CLI00003535,23,2696,15086,693,39,4,Empresa,CO,Premium,0.4663,0
CLI00003536,22,16296,7077,677,121,2,Persona,CO,Mass,0.0362,0
CLI00003537,19,4166,6762,727,159,4,Persona,CO,Private,0.1353,0
CLI00003538,26,8634,3089,688,162,2,Persona,CO,Mass,0.0298,0
CLI00003539,50,676,2975,706,205,2,Persona,CO,Mass,0.3667,0
CLI00003540,69,7743,50927,610,169,1,Persona,MX,Mass,0.5481,0
CLI00003541,63,4319,52804,521,157,5,Persona,CO,Mass,1.0188,0
CLI00003542,53,3343,8081,478,36,2,Persona,US,Premium,0.2014,0
CLI00003543,23,5680,10737,449,73,4,Persona,CO,Mass,0.1575,0
CLI00003544,66,3305,3038,861,83,1,Persona,CO,Mass,0.0766,0
CLI00003545,20,898,15406,384,89,1,Empresa,CO,Premium,1.4295,0
CLI00003546,57,10278,47082,793,27,4,Persona,PE,Mass,0.3817,0
CLI00003547,43,5969,1755,551,22,1,Persona,CO,Mass,0.0245,0
CLI00003548,72,3823,12885,792,105,1,Empresa,CO,Private,0.2809,0
CLI00003549,37,2268,13891,385,173,2,Persona,CO,Mass,0.5104,0
CLI00003550,57,1516,13733,621,212,3,Persona,CO,Mass,0.7549,0
CLI00003551,45,5878,41890,824,225,1,Persona,CO,Mass,0.5939,0
CLI00003552,50,17867,62070,735,115,1,Empresa,CO,Mass,0.2895,0
CLI00003553,76,5782,6415,609,215,2,Persona,MX,Mass,0.0925,0
CLI00003554,62,1625,15885,416,109,4,Persona,CO,Mass,0.8146,1
CLI00003555,43,5884,8815,491,113,1,Persona,MX,Mass,0.1248,0
CLI00003556,45,4709,4306,816,50,2,Persona,CO,Mass,0.0762,0
CLI00003557,61,9810,10623,608,150,1,Persona,CO,Premium,0.0902,0
CLI00003558,39,7985,15859,641,74,2,Persona,CO,Mass,0.1655,0
CLI00003559,28,450,10066,684,116,2,Persona,CO,Mass,1.8637,0
CLI00003560,46,7602,3357,493,224,4,Empresa,CO,Mass,0.0368,0
CLI00003561,22,2202,5097,698,131,1,Persona,CO,Premium,0.1929,0
CLI00003562,28,1575,5136,599,72,5,Persona,CO,Mass,0.2717,0
CLI00003563,44,4226,3489,685,160,2,Persona,CO,Premium,0.0688,0
CLI00003564,67,6827,11087,580,175,5,Persona,CO,Mass,0.1353,0
CLI00003565,66,1322,12309,461,145,4,Empresa,CO,Mass,0.7759,0
CLI00003566,34,8635,21579,598,10,2,Persona,CO,Mass,0.2082,0
CLI00003567,44,9051,3437,726,54,2,Persona,CL,Mass,0.0316,0
CLI00003568,27,5102,4548,697,30,5,Persona,CO,Mass,0.0743,0
CLI00003569,64,2455,38352,653,229,5,Persona,MX,Mass,1.3018,0
CLI00003570,33,2245,6874,757,74,4,Persona,PE,Mass,0.2552,0
CLI00003571,67,11167,8350,625,113,1,Persona,US,Premium,0.0623,0
CLI00003572,70,1467,6801,656,216,5,Persona,CO,Mass,0.3863,0
CLI00003573,60,11516,25160,592,237,3,Persona,CO,Premium,0.1821,0
CLI00003574,38,4306,26155,764,52,1,Persona,CO,Premium,0.5062,0
CLI00003575,77,4552,24666,684,206,5,Persona,CO,Mass,0.4516,0
CLI00003576,60,1253,8321,583,174,1,Persona,CO,Mass,0.5534,0
CLI00003577,58,4370,3386,471,147,2,Empresa,CO,Mass,0.0646,0
CLI00003578,71,8029,55559,782,40,1,Persona,CO,Mass,0.5766,0
CLI00003579,72,1687,19078,560,165,3,Persona,CO,Mass,0.9424,0
CLI00003580,22,7323,5132,658,147,5,Persona,CO,Mass,0.0584,0
CLI00003581,72,5277,33651,900,107,1,Persona,MX,Mass,0.5314,0
CLI00003582,65,2936,4742,746,140,1,Persona,CO,Mass,0.1346,0
CLI00003583,30,9737,33213,843,50,5,Persona,CO,Premium,0.2842,0
CLI00003584,37,844,35535,585,149,1,Persona,CO,Mass,3.5082,1
CLI00003585,64,6485,3224,778,36,1,Empresa,MX,Mass,0.0414,0
CLI00003586,31,17953,14497,653,68,3,Persona,CO,Mass,0.0673,0
CLI00003587,46,15552,17715,693,118,2,Persona,CO,Premium,0.0949,0
CLI00003588,60,6713,110736,892,38,5,Persona,CO,Premium,1.3746,0
CLI00003589,58,3860,3857,616,219,1,Persona,CO,Mass,0.0833,0
CLI00003590,74,2955,33946,652,212,3,Persona,CO,Premium,0.9573,0
CLI00003591,24,3857,8244,541,113,5,Persona,CO,Mass,0.1781,0
CLI00003592,36,7593,2341,756,136,4,Persona,US,Mass,0.0257,0
CLI00003593,79,2576,7186,582,69,1,Empresa,CO,Mass,0.2325,0
CLI00003594,53,9008,8123,772,50,1,Persona,CO,Premium,0.0751,0
CLI00003595,33,27079,2810,452,230,1,Persona,CO,Mass,0.0086,0
CLI00003596,35,4677,11071,715,99,5,Persona,PE,Mass,0.1973,0
CLI00003597,39,1676,21116,572,228,2,Persona,CO,Mass,1.0499,0
CLI00003598,52,1676,10282,737,16,1,Persona,MX,Premium,0.5112,0
CLI00003599,35,9147,4713,648,25,2,Persona,CO,Private,0.0429,0
CLI00003600,56,4685,6985,585,114,2,Persona,CO,Mass,0.1242,0
CLI00003601,45,9911,8066,603,187,1,Persona,CO,Mass,0.0678,0
CLI00003602,55,3207,10070,547,101,3,Persona,CO,Mass,0.2617,0
CLI00003603,27,9551,24583,750,201,5,Persona,MX,Private,0.2145,0
CLI00003604,56,4330,10635,524,31,2,Persona,CO,Mass,0.2047,0
CLI00003605,75,2735,1992,617,205,5,Persona,US,Mass,0.0607,0
CLI00003606,26,3566,4617,691,106,4,Persona,PE,Mass,0.1079,0
CLI00003607,38,1886,9566,843,68,2,Persona,CO,Mass,0.4227,0
CLI00003608,60,24136,24937,648,153,4,Empresa,CO,Mass,0.0861,0
CLI00003609,56,4550,29668,620,186,2,Persona,CO,Mass,0.5434,0
CLI00003610,59,8230,47795,682,222,2,Persona,CO,Premium,0.4839,0
CLI00003611,52,3198,9233,401,21,2,Empresa,CO,Premium,0.2406,1
CLI00003612,60,2118,17384,506,168,1,Persona,CO,Mass,0.684,0
CLI00003613,55,4076,1892,604,75,4,Persona,CO,Mass,0.0387,0
CLI00003614,22,11860,12455,564,120,1,Persona,CO,Mass,0.0875,0
CLI00003615,64,3240,2764,457,110,1,Persona,CO,Mass,0.0711,0
CLI00003616,45,2449,7611,752,184,1,Persona,CO,Mass,0.259,0
CLI00003617,21,5565,167684,681,95,1,Persona,CO,Mass,2.511,0
CLI00003618,43,7326,10976,666,67,5,Persona,CO,Mass,0.1249,0
CLI00003619,44,18293,3415,566,116,1,Persona,CO,Private,0.0156,0
CLI00003620,23,6522,12182,659,160,4,Persona,CO,Mass,0.1557,0
CLI00003621,79,8227,4831,711,203,2,Persona,CO,Mass,0.0489,0
CLI00003622,31,8737,3100,618,1,1,Persona,CO,Mass,0.0296,0
CLI00003623,38,1953,66379,703,136,2,Persona,CO,Premium,2.8322,0
CLI00003624,45,2274,23548,554,17,1,Persona,CO,Mass,0.8629,0
CLI00003625,69,2064,11447,661,148,2,Persona,CO,Mass,0.4622,0
CLI00003626,64,1693,5476,787,149,5,Persona,CO,Mass,0.2695,0
CLI00003627,65,9286,5938,797,205,4,Persona,CO,Mass,0.0533,0
CLI00003628,32,6198,37891,809,46,5,Empresa,CO,Mass,0.5094,0
CLI00003629,70,5237,11010,684,190,4,Persona,CO,Mass,0.1752,0
CLI00003630,69,617,371,653,165,5,Persona,CO,Mass,0.0501,0
CLI00003631,46,25447,91211,596,159,1,Persona,CO,Mass,0.2987,0
CLI00003632,51,2403,9730,433,152,1,Empresa,CO,Mass,0.3374,1
CLI00003633,20,25373,11422,488,131,3,Persona,CO,Mass,0.0375,0
CLI00003634,65,1541,24021,629,15,3,Persona,CO,Private,1.2989,0
CLI00003635,77,2565,12905,637,195,4,Persona,CO,Mass,0.4193,0
CLI00003636,47,843,17101,819,94,1,Persona,MX,Premium,1.6903,0
CLI00003637,51,6566,5304,807,25,1,Persona,CO,Mass,0.0673,0
CLI00003638,48,2036,2368,567,147,4,Persona,CO,Premium,0.0969,0
CLI00003639,23,2083,10723,748,227,3,Persona,CO,Mass,0.429,0
CLI00003640,56,1639,33915,592,171,3,Persona,CO,Private,1.7243,0
CLI00003641,62,9153,4239,731,59,2,Persona,CO,Mass,0.0386,0
CLI00003642,75,8683,3912,746,195,4,Persona,CO,Mass,0.0375,0
CLI00003643,75,20944,27474,799,203,5,Persona,PE,Mass,0.1093,0
CLI00003644,48,2839,5129,590,79,1,Persona,CO,Mass,0.1505,0
CLI00003645,77,5855,5374,771,125,1,Persona,CO,Mass,0.0765,0
CLI00003646,50,1752,5579,425,200,4,Persona,CO,Mass,0.2654,0
CLI00003647,57,3759,7593,805,37,5,Persona,CO,Mass,0.1683,0
CLI00003648,55,3245,1679,646,85,2,Persona,CO,Mass,0.0431,0
CLI00003649,79,7126,4725,649,109,4,Persona,CO,Mass,0.0553,0
CLI00003650,63,11087,10202,405,1,5,Empresa,MX,Premium,0.0767,1
CLI00003651,25,10860,10129,603,40,1,Persona,CO,Mass,0.0777,0
CLI00003652,22,2504,25796,812,146,1,Persona,CO,Mass,0.8585,0
CLI00003653,43,10924,50990,598,63,1,Persona,CO,Mass,0.389,0
CLI00003654,49,4744,36771,735,58,4,Persona,CO,Mass,0.6459,0
CLI00003655,59,3790,20224,654,71,4,Persona,CO,Premium,0.4447,0
CLI00003656,47,2788,6983,777,29,1,Persona,CO,Private,0.2087,0
CLI00003657,49,3140,4345,672,152,1,Persona,PE,Mass,0.1153,0
CLI00003658,75,19808,8249,538,62,4,Persona,CO,Mass,0.0347,0
CLI00003659,38,6285,14553,656,156,5,Persona,CO,Mass,0.193,0
CLI00003660,48,5651,18433,842,198,4,Persona,CO,Mass,0.2718,0
CLI00003661,52,3984,15109,709,114,1,Persona,CO,Mass,0.316,0
CLI00003662,47,34779,7178,636,219,2,Persona,CO,Premium,0.0172,0
CLI00003663,78,13960,17798,900,47,1,Persona,CO,Mass,0.1062,0
CLI00003664,77,2760,28591,789,230,2,Persona,CO,Mass,0.8632,0
CLI00003665,49,3948,19538,748,77,3,Persona,CO,Private,0.4124,0
CLI00003666,45,4140,7847,688,72,2,Empresa,MX,Mass,0.1579,0
CLI00003667,54,5523,3519,737,235,4,Persona,MX,Mass,0.0531,0
CLI00003668,29,2804,3437,741,109,2,Persona,CO,Mass,0.1021,0
CLI00003669,44,6981,4100,388,179,3,Persona,US,Mass,0.0489,0
CLI00003670,31,15703,10478,697,192,4,Persona,CO,Mass,0.0556,0
CLI00003671,26,1718,13626,630,107,1,Persona,CO,Mass,0.6609,0
CLI00003672,23,1993,1969,590,76,1,Persona,CO,Mass,0.0823,0
CLI00003673,54,3339,4895,626,117,2,Persona,CO,Premium,0.1222,0
CLI00003674,18,3465,10334,463,92,1,Empresa,CO,Mass,0.2485,0
CLI00003675,58,24313,3295,433,99,1,Persona,CO,Mass,0.0113,1
CLI00003676,44,10952,12505,799,56,2,Persona,CO,Mass,0.0951,0
CLI00003677,40,10461,5958,705,219,2,Persona,CO,Mass,0.0475,0
CLI00003678,65,3977,3930,360,137,2,Persona,CO,Mass,0.0823,0
CLI00003679,51,3908,8545,580,191,1,Persona,PE,Mass,0.1822,0
CLI00003680,63,1538,11995,755,158,1,Persona,CO,Mass,0.6499,0
CLI00003681,61,9185,3468,616,84,5,Empresa,CO,Mass,0.0315,0
CLI00003682,19,7279,6357,799,76,4,Persona,CO,Mass,0.0728,0
CLI00003683,31,13750,12934,775,235,3,Persona,PE,Mass,0.0784,0
CLI00003684,53,4151,3781,487,5,1,Persona,CO,Premium,0.0759,0
CLI00003685,78,4387,1544,632,70,2,Persona,CO,Mass,0.0293,0
CLI00003686,27,5630,1743,596,176,5,Persona,CO,Premium,0.0258,0
CLI00003687,24,10031,5334,483,131,5,Persona,CO,Mass,0.0443,0
CLI00003688,76,1515,2168,475,147,4,Persona,CO,Mass,0.1192,0
CLI00003689,77,8855,5723,553,5,2,Persona,US,Mass,0.0539,0
CLI00003690,28,4834,42827,573,52,3,Persona,CO,Mass,0.7383,0
CLI00003691,42,2107,2041,683,143,1,Persona,CO,Mass,0.0807,0
CLI00003692,56,927,6108,775,75,5,Persona,PE,Mass,0.549,0
CLI00003693,30,4406,68343,711,112,1,Persona,CO,Mass,1.2926,0
CLI00003694,38,15649,12187,740,229,4,Empresa,CO,Mass,0.0649,0
CLI00003695,42,18764,5609,618,153,2,Persona,CO,Mass,0.0249,0
CLI00003696,57,6530,6926,722,151,3,Persona,CO,Mass,0.0884,0
CLI00003697,37,23614,12448,632,47,5,Persona,CO,Mass,0.0439,0
CLI00003698,43,4748,44168,597,142,2,Persona,CO,Mass,0.7752,0
CLI00003699,35,10536,4765,877,230,1,Persona,CO,Mass,0.0377,0
CLI00003700,65,3425,3798,370,153,4,Persona,CL,Mass,0.0924,0
CLI00003701,27,3256,2040,425,188,3,Persona,CO,Mass,0.0522,0
CLI00003702,32,2858,8983,695,229,1,Persona,CO,Mass,0.2619,0
CLI00003703,33,945,1986,618,216,1,Persona,CO,Mass,0.1751,0
CLI00003704,74,13762,5096,477,81,3,Persona,CO,Premium,0.0309,0
CLI00003705,76,2941,3265,523,70,4,Persona,CO,Mass,0.0925,0
CLI00003706,49,2588,23721,539,67,1,Persona,CO,Mass,0.7638,0
CLI00003707,27,1912,4873,757,184,3,Persona,US,Mass,0.2124,0
CLI00003708,64,4173,12051,795,90,3,Persona,CO,Premium,0.2406,0
CLI00003709,48,20146,1629,846,197,1,Persona,US,Premium,0.0067,0
CLI00003710,70,26239,9241,459,192,4,Persona,CO,Mass,0.0293,0
CLI00003711,40,1301,2432,485,159,4,Persona,CO,Private,0.1558,0
CLI00003712,79,3701,5294,477,29,1,Empresa,CO,Mass,0.1192,0
CLI00003713,68,2148,73954,804,170,4,Persona,PE,Private,2.869,0
CLI00003714,31,10836,20582,700,49,2,Persona,CO,Mass,0.1583,0
CLI00003715,62,6181,7126,659,132,3,Persona,CO,Mass,0.0961,0
CLI00003716,35,2953,198578,677,54,5,Empresa,CO,Mass,5.6037,0
CLI00003717,39,5208,3244,643,14,5,Persona,CO,Mass,0.0519,0
CLI00003718,33,3354,25983,515,152,2,Persona,CO,Premium,0.6456,0
CLI00003719,60,17879,1749,711,108,2,Persona,CO,Mass,0.0082,0
CLI00003720,34,7612,6349,627,153,1,Persona,CO,Mass,0.0695,0
CLI00003721,57,8398,2105,505,117,5,Persona,CO,Mass,0.0209,0
CLI00003722,54,581,10480,718,89,2,Persona,CO,Private,1.5029,0
CLI00003723,64,4659,8569,598,3,5,Persona,CO,Private,0.1533,0
CLI00003724,79,26018,5957,677,66,5,Persona,CO,Mass,0.0191,0
CLI00003725,18,14198,24150,635,211,3,Persona,CO,Mass,0.1417,0
CLI00003726,79,1121,4595,756,181,4,Persona,CO,Mass,0.3416,0
CLI00003727,24,3824,11235,676,111,3,Persona,CO,Mass,0.2448,0
CLI00003728,50,1879,18408,543,7,3,Persona,CO,Private,0.8164,0
CLI00003729,39,19319,1838,688,236,2,Persona,CO,Premium,0.0079,0
CLI00003730,57,5975,3833,692,177,5,Persona,CO,Mass,0.0535,0
CLI00003731,62,2659,8551,711,5,1,Empresa,CO,Mass,0.268,0
CLI00003732,71,5050,15216,774,50,4,Persona,CO,Premium,0.2511,0
CLI00003733,42,610,33564,576,40,5,Persona,CO,Private,4.5846,0
CLI00003734,75,2063,6529,730,216,5,Persona,CO,Private,0.2637,0
CLI00003735,37,5060,5904,443,229,4,Empresa,CO,Mass,0.0972,0
CLI00003736,30,9667,3385,635,99,4,Persona,CO,Mass,0.0292,0
CLI00003737,41,1039,11270,617,42,5,Persona,CO,Private,0.9038,0
CLI00003738,50,3623,6020,823,154,5,Persona,CO,Mass,0.1385,0
CLI00003739,59,11023,6160,631,65,2,Persona,CO,Mass,0.0466,0
CLI00003740,69,1538,7376,722,29,4,Persona,PE,Mass,0.3996,0
CLI00003741,31,5903,14067,438,62,3,Persona,CO,Mass,0.1986,0
CLI00003742,36,5181,4611,607,60,2,Persona,CO,Premium,0.0742,0
CLI00003743,76,19370,3743,548,12,5,Persona,US,Premium,0.0161,0
CLI00003744,45,4088,12478,900,168,1,Persona,CO,Premium,0.2544,0
CLI00003745,32,4284,393,569,84,1,Persona,CO,Mass,0.0076,0
CLI00003746,79,9739,4430,658,132,1,Persona,CO,Private,0.0379,0
CLI00003747,45,1700,2562,665,132,2,Empresa,CO,Mass,0.1256,0
CLI00003748,79,4118,26990,459,184,3,Persona,CO,Mass,0.5462,0
CLI00003749,74,3413,5213,586,182,5,Persona,CO,Mass,0.1273,0
CLI00003750,74,4397,4625,698,135,5,Persona,CO,Premium,0.0877,0
CLI00003751,54,9688,7718,660,201,5,Empresa,PE,Premium,0.0664,0
CLI00003752,67,7656,4467,373,136,4,Persona,CO,Premium,0.0486,0
CLI00003753,77,2700,5417,581,6,3,Persona,CO,Premium,0.1672,0
CLI00003754,34,5482,8929,772,205,4,Persona,CO,Mass,0.1357,0
CLI00003755,20,16193,5313,720,184,2,Persona,CO,Premium,0.0273,0
CLI00003756,37,2527,5275,796,101,4,Persona,US,Mass,0.1739,0
CLI00003757,57,5520,2950,531,92,1,Persona,CO,Premium,0.0445,0
CLI00003758,51,4211,2556,803,214,5,Persona,CO,Premium,0.0506,0
CLI00003759,22,4673,8609,644,102,5,Persona,CO,Mass,0.1535,0
CLI00003760,52,1333,11010,841,89,4,Persona,CO,Mass,0.6883,0
CLI00003761,28,15193,1942,650,175,1,Persona,CO,Mass,0.0107,0
CLI00003762,49,2645,17325,404,78,2,Persona,CO,Premium,0.5458,1
CLI00003763,53,11168,17396,751,96,4,Persona,CO,Mass,0.1298,0
CLI00003764,57,2989,21475,596,187,3,Persona,CO,Mass,0.5987,0
CLI00003765,43,2979,10936,604,53,3,Persona,CO,Premium,0.3059,0
CLI00003766,43,12971,15322,475,2,3,Empresa,CO,Mass,0.0984,0
CLI00003767,60,10884,72043,844,80,5,Persona,CO,Mass,0.5516,0
CLI00003768,64,5807,5993,587,41,1,Persona,US,Premium,0.086,0
CLI00003769,68,9035,2847,839,86,3,Persona,CO,Mass,0.0263,0
CLI00003770,38,3901,1747,598,17,2,Persona,CO,Mass,0.0373,0
CLI00003771,44,4881,46895,538,141,4,Empresa,CO,Premium,0.8006,0
CLI00003772,38,2894,47514,808,122,2,Empresa,CO,Mass,1.3681,0
CLI00003773,50,10129,3214,641,65,2,Persona,CO,Mass,0.0264,0
CLI00003774,25,2822,3915,642,150,1,Persona,CO,Mass,0.1156,0
CLI00003775,44,16124,5860,496,34,5,Persona,US,Premium,0.0303,0
CLI00003776,29,3817,27563,595,2,2,Persona,CO,Mass,0.6017,0
CLI00003777,51,4996,2236,701,114,5,Persona,CO,Premium,0.0373,0
CLI00003778,70,9018,1133,494,38,5,Persona,CO,Mass,0.0105,0
CLI00003779,79,5009,70792,585,205,5,Persona,CO,Mass,1.1777,0
CLI00003780,45,3872,11074,599,72,2,Persona,CO,Mass,0.2383,0
CLI00003781,21,4798,12764,657,102,4,Persona,US,Mass,0.2217,0
CLI00003782,32,10047,6600,827,70,5,Persona,CO,Premium,0.0547,0
CLI00003783,24,2892,12910,614,104,1,Persona,US,Mass,0.372,0
CLI00003784,65,4442,1782,567,23,1,Persona,CO,Mass,0.0334,0
CLI00003785,79,4955,3494,900,224,2,Persona,CO,Premium,0.0588,0
CLI00003786,52,9815,9001,598,41,5,Persona,CO,Mass,0.0764,0
CLI00003787,28,4537,836,627,94,1,Persona,CO,Premium,0.0154,0
CLI00003788,19,20881,5987,607,203,4,Persona,CO,Mass,0.0239,0
CLI00003789,78,4336,5629,616,102,5,Persona,CO,Mass,0.1082,0
CLI00003790,37,4063,5986,659,168,5,Persona,CO,Mass,0.1228,0
CLI00003791,24,4286,4670,760,16,3,Persona,CO,Mass,0.0908,0
CLI00003792,28,1714,2993,698,71,3,Persona,CO,Premium,0.1455,0
CLI00003793,33,2144,1310,779,182,4,Persona,CO,Mass,0.0509,0
CLI00003794,58,3214,9365,775,63,4,Empresa,PE,Premium,0.2428,0
CLI00003795,73,12193,6002,675,99,4,Persona,CO,Mass,0.041,0
CLI00003796,35,4786,2048,695,19,2,Persona,CO,Mass,0.0357,0
CLI00003797,60,3335,8625,783,121,5,Persona,CO,Mass,0.2155,0
CLI00003798,22,13111,6033,516,83,3,Persona,CO,Premium,0.0383,0
CLI00003799,18,16999,5110,900,206,2,Persona,CO,Premium,0.0251,0
CLI00003800,21,13417,937,588,95,4,Persona,CL,Mass,0.0058,0
CLI00003801,75,2483,16038,607,198,4,Empresa,US,Mass,0.5382,0
CLI00003802,54,3307,2361,504,217,1,Persona,CO,Premium,0.0595,0
CLI00003803,67,20972,8632,508,201,1,Persona,CO,Mass,0.0343,0
CLI00003804,19,5960,3610,766,178,1,Persona,CO,Mass,0.0505,0
CLI00003805,19,3967,5493,900,140,3,Persona,MX,Private,0.1154,0
CLI00003806,70,8731,25649,581,114,5,Persona,CO,Mass,0.2448,0
CLI00003807,24,11002,13788,691,19,2,Persona,CO,Private,0.1044,0
CLI00003808,27,3111,25085,676,32,1,Persona,PE,Mass,0.6719,0
CLI00003809,50,5857,11275,770,91,5,Empresa,CO,Mass,0.1604,0
CLI00003810,55,10313,12041,900,157,4,Persona,CO,Mass,0.0973,0
CLI00003811,32,1942,1364,832,1,3,Persona,CO,Mass,0.0585,0
CLI00003812,45,4963,5898,621,224,1,Persona,CO,Premium,0.099,0
CLI00003813,59,2015,6471,713,238,4,Persona,CO,Mass,0.2676,0
CLI00003814,45,2237,27547,725,18,2,Persona,CO,Premium,1.0262,0
CLI00003815,41,3132,4884,647,23,2,Persona,CO,Mass,0.1299,0
CLI00003816,22,7198,10560,518,203,2,Persona,CO,Private,0.1223,0
CLI00003817,46,3798,10155,554,47,1,Persona,CO,Premium,0.2228,0
CLI00003818,67,2925,25788,787,43,3,Persona,CO,Mass,0.7347,0
CLI00003819,56,5121,7088,800,44,4,Empresa,CO,Mass,0.1153,0
CLI00003820,73,1963,18541,625,168,5,Persona,CO,Mass,0.7871,0
CLI00003821,25,6926,1473,681,31,4,Persona,CO,Mass,0.0177,0
CLI00003822,18,12150,1613,793,44,5,Empresa,CO,Premium,0.0111,0
CLI00003823,51,4613,826,445,95,5,Persona,CO,Private,0.0149,0
CLI00003824,29,4179,17782,596,144,2,Persona,CO,Mass,0.3546,0
CLI00003825,54,6625,15893,892,237,3,Persona,CO,Mass,0.1999,0
CLI00003826,74,969,19867,685,57,2,Persona,CO,Mass,1.7084,0
CLI00003827,38,7551,4116,514,61,4,Persona,CO,Premium,0.0454,0
CLI00003828,52,58777,4612,664,130,5,Persona,CO,Mass,0.0065,0
CLI00003829,60,4455,7179,772,100,5,Persona,CO,Mass,0.1343,0
CLI00003830,27,4468,34327,344,144,1,Persona,CO,Mass,0.6402,1
CLI00003831,73,8909,44082,671,59,3,Persona,CO,Private,0.4123,0
CLI00003832,30,18329,17922,605,148,1,Persona,CO,Mass,0.0815,0
CLI00003833,68,10721,11282,452,222,2,Persona,CO,Mass,0.0877,0
CLI00003834,58,876,30803,659,163,3,Empresa,CO,Mass,2.93,0
CLI00003835,26,7713,6273,633,176,4,Persona,CO,Private,0.0678,0
CLI00003836,62,38466,5481,647,16,4,Persona,PE,Premium,0.0119,0
CLI00003837,30,8086,7122,608,216,5,Persona,CO,Premium,0.0734,0
CLI00003838,55,1951,3045,527,168,2,Persona,CO,Premium,0.1301,0
CLI00003839,77,6157,6802,475,150,3,Persona,CO,Mass,0.0921,0
CLI00003840,77,1764,2650,567,37,1,Persona,CO,Mass,0.1252,0
CLI00003841,72,13177,22584,753,132,1,Persona,CO,Premium,0.1428,0
CLI00003842,48,2287,13956,677,162,5,Empresa,CO,Mass,0.5085,0
CLI00003843,52,5215,33845,641,149,5,Persona,CO,Mass,0.5408,0
CLI00003844,36,2474,1588,525,29,5,Persona,CO,Mass,0.0535,0
CLI00003845,75,3174,54268,605,9,2,Persona,MX,Premium,1.4248,0
CLI00003846,47,16137,1681,738,115,4,Persona,CO,Mass,0.0087,0
CLI00003847,65,5338,2444,710,172,2,Persona,CO,Mass,0.0382,0
CLI00003848,40,3142,4355,592,92,4,Persona,CO,Mass,0.1155,0
CLI00003849,63,1966,29963,336,165,3,Persona,CO,Mass,1.27,1
CLI00003850,31,1099,10153,569,232,5,Persona,CO,Mass,0.7698,0
CLI00003851,63,1806,6349,592,213,2,Persona,CO,Mass,0.2929,0
CLI00003852,20,5375,3667,541,151,4,Empresa,PE,Premium,0.0569,0
CLI00003853,24,10766,2046,600,174,4,Persona,CO,Private,0.0158,0
CLI00003854,39,3139,25150,747,21,4,Persona,CO,Mass,0.6677,0
CLI00003855,47,17264,18009,645,20,1,Persona,CL,Mass,0.0869,0
CLI00003856,62,2768,31333,768,168,3,Persona,CO,Premium,0.9433,0
CLI00003857,40,4062,12049,468,192,3,Persona,CO,Mass,0.2472,0
CLI00003858,19,2072,577,613,46,2,Persona,CO,Mass,0.0232,0
CLI00003859,38,10857,2334,417,142,5,Persona,CO,Mass,0.0179,0
CLI00003860,45,26318,12898,598,68,5,Persona,CO,Mass,0.0408,0
CLI00003861,51,1200,5598,524,26,1,Persona,CO,Mass,0.3887,0
CLI00003862,57,3725,4633,803,90,4,Persona,CO,Mass,0.1036,0
CLI00003863,33,13518,2688,699,107,5,Persona,CO,Mass,0.0166,0
CLI00003864,55,1544,20901,771,186,2,Persona,MX,Mass,1.128,0
CLI00003865,57,7733,12787,598,207,4,Persona,CO,Mass,0.1378,0
CLI00003866,66,13058,13375,527,226,4,Persona,CO,Mass,0.0854,0
CLI00003867,50,5232,4300,523,25,1,Persona,CO,Mass,0.0685,0
CLI00003868,68,7632,9665,681,221,5,Persona,CO,Mass,0.1055,0
CLI00003869,31,20104,2126,867,124,4,Persona,CO,Mass,0.0088,0
CLI00003870,62,23359,7116,699,40,2,Persona,CO,Mass,0.0254,0
CLI00003871,20,4677,646,605,155,2,Empresa,CO,Mass,0.0115,0
CLI00003872,24,3210,1688,627,14,4,Persona,CO,Mass,0.0438,0
CLI00003873,71,2354,5870,646,110,5,Persona,US,Mass,0.2078,0
CLI00003874,47,10738,87126,893,198,1,Persona,CO,Mass,0.6761,0
CLI00003875,56,1640,1338,798,233,2,Empresa,CO,Mass,0.068,0
CLI00003876,55,4015,2336,681,69,4,Persona,CO,Mass,0.0485,0
CLI00003877,61,5335,10064,663,41,1,Persona,CO,Mass,0.1572,0
CLI00003878,33,3286,47544,685,139,5,Persona,MX,Mass,1.2057,0
CLI00003879,29,6147,9918,709,37,2,Persona,CO,Mass,0.1345,0
CLI00003880,20,38238,16352,600,234,5,Persona,CO,Mass,0.0356,0
CLI00003881,71,4459,5781,548,78,1,Persona,CO,Premium,0.108,0
CLI00003882,31,3469,4862,773,44,5,Persona,CO,Mass,0.1168,0
CLI00003883,53,11073,8797,652,57,1,Empresa,CO,Mass,0.0662,0
CLI00003884,46,5953,4195,763,89,4,Persona,CO,Mass,0.0587,0
CLI00003885,28,15544,16718,847,177,2,Persona,CO,Mass,0.0896,0
CLI00003886,43,5606,1625,712,208,3,Persona,CO,Premium,0.0242,0
CLI00003887,23,4028,19731,693,176,1,Persona,CO,Mass,0.4082,0
CLI00003888,28,1179,8427,900,155,4,Persona,CO,Mass,0.5956,0
CLI00003889,26,1345,6537,674,64,4,Persona,US,Mass,0.405,0
CLI00003890,69,1131,1567,519,225,2,Persona,CO,Private,0.1154,0
CLI00003891,53,6657,3041,616,239,3,Persona,CO,Premium,0.0381,0
CLI00003892,75,1652,26866,836,151,3,Persona,CO,Premium,1.3552,0
CLI00003893,45,13419,6577,494,187,4,Persona,CO,Mass,0.0408,0
CLI00003894,30,5035,10704,559,72,3,Persona,CO,Mass,0.1772,0
CLI00003895,55,4042,3362,782,107,1,Persona,CO,Premium,0.0693,0
CLI00003896,75,2502,7871,617,193,3,Persona,CO,Mass,0.2621,0
CLI00003897,51,8085,2054,636,101,2,Persona,CO,Mass,0.0212,0
CLI00003898,19,2582,8954,778,182,3,Persona,US,Premium,0.289,0
CLI00003899,36,2234,11738,563,206,2,Persona,CO,Mass,0.4378,0
CLI00003900,75,12716,11165,473,224,2,Persona,CO,Premium,0.0732,0
CLI00003901,50,6526,3282,483,69,2,Persona,CO,Premium,0.0419,0
CLI00003902,77,4072,5755,719,114,2,Persona,CO,Premium,0.1178,0
CLI00003903,49,8210,13865,681,92,4,Persona,CO,Mass,0.1407,0
CLI00003904,18,4950,6558,566,120,2,Persona,CO,Mass,0.1104,0
CLI00003905,72,6676,6079,510,178,4,Persona,CO,Mass,0.0759,0
CLI00003906,65,2556,54364,617,77,3,Persona,CO,Premium,1.7724,0
CLI00003907,62,25753,3130,783,55,4,Persona,CO,Premium,0.0101,0
CLI00003908,78,3091,23870,549,64,1,Persona,CO,Premium,0.6435,0
CLI00003909,30,17065,2553,570,183,2,Empresa,MX,Private,0.0125,0
CLI00003910,74,4225,15596,507,239,5,Persona,CO,Mass,0.3076,0
CLI00003911,32,9373,16451,605,24,5,Persona,CO,Premium,0.1463,0
CLI00003912,78,8842,4864,690,234,1,Persona,CO,Mass,0.0458,0
CLI00003913,29,12301,2398,900,7,5,Empresa,CO,Private,0.0162,0
CLI00003914,52,2508,1129,676,127,5,Empresa,CO,Premium,0.0375,0
CLI00003915,66,11620,4380,643,32,1,Persona,CO,Mass,0.0314,0
CLI00003916,22,21528,13714,753,229,2,Persona,US,Mass,0.0531,0
CLI00003917,22,3995,2758,733,182,1,Persona,CO,Mass,0.0575,0
CLI00003918,70,5053,8928,580,85,5,Persona,CO,Premium,0.1472,0
CLI00003919,21,3233,1851,900,164,5,Persona,CO,Mass,0.0477,0
CLI00003920,56,3725,6413,647,203,4,Persona,MX,Mass,0.1435,0
CLI00003921,76,19324,2573,678,52,2,Persona,CO,Mass,0.0111,0
CLI00003922,56,2200,7495,716,152,5,Persona,CO,Mass,0.2839,0
CLI00003923,47,2313,4909,691,71,5,Persona,CL,Private,0.1769,0
CLI00003924,43,17831,2464,833,172,5,Persona,CO,Mass,0.0115,0
CLI00003925,57,8100,4192,579,136,2,Persona,CO,Mass,0.0431,0
CLI00003926,53,26803,3183,744,172,4,Persona,CO,Premium,0.0099,0
CLI00003927,49,3427,2177,669,152,4,Persona,CO,Mass,0.0529,0
CLI00003928,27,5437,23926,767,152,1,Persona,CO,Mass,0.3667,0
CLI00003929,59,2897,5652,624,20,3,Persona,CO,Mass,0.1626,0
CLI00003930,63,5511,895,607,204,3,Persona,CO,Premium,0.0135,0
CLI00003931,61,1188,4344,737,41,3,Persona,CO,Premium,0.3047,0
CLI00003932,22,8501,20225,692,94,2,Persona,US,Mass,0.1983,0
CLI00003933,61,6366,3784,551,122,4,Persona,CO,Mass,0.0495,0
CLI00003934,63,4693,36233,811,203,5,Persona,CO,Mass,0.6434,0
CLI00003935,29,3596,3440,737,151,4,Persona,CO,Mass,0.0797,0
CLI00003936,70,2402,13405,641,44,5,Persona,CO,Mass,0.465,0
CLI00003937,50,8797,22848,593,68,4,Persona,CO,Mass,0.2164,0
CLI00003938,47,1925,12710,693,47,2,Persona,CO,Mass,0.5502,0
CLI00003939,62,7402,2049,729,141,4,Persona,CO,Premium,0.0231,0
CLI00003940,49,25836,3157,458,172,4,Persona,CO,Mass,0.0102,0
CLI00003941,51,16129,26109,695,170,5,Empresa,CO,Mass,0.1349,0
CLI00003942,37,1474,3624,728,180,2,Persona,MX,Private,0.2049,0
CLI00003943,75,3199,21497,367,168,1,Persona,CO,Mass,0.56,0
CLI00003944,78,6885,5269,673,216,4,Persona,CO,Premium,0.0638,0
CLI00003945,26,4646,9334,733,217,4,Persona,MX,Mass,0.1674,0
CLI00003946,63,1604,2026,719,65,4,Persona,CO,Premium,0.1053,0
CLI00003947,19,6689,4410,746,73,4,Persona,CO,Mass,0.0549,0
CLI00003948,40,4875,3376,610,13,3,Persona,CO,Private,0.0577,0
CLI00003949,78,22730,10153,525,64,1,Persona,CO,Premium,0.0372,0
CLI00003950,28,4013,8894,434,121,5,Persona,CO,Mass,0.1847,0
CLI00003951,41,12511,12869,781,158,2,Persona,US,Mass,0.0857,0
CLI00003952,31,1783,4961,734,210,2,Persona,CO,Premium,0.2319,0
CLI00003953,63,2159,3196,790,142,5,Persona,CO,Mass,0.1234,0
CLI00003954,46,8754,9727,562,233,4,Persona,CO,Mass,0.0926,0
CLI00003955,54,11695,2894,746,132,3,Persona,CO,Mass,0.0206,0
CLI00003956,76,2284,23823,469,205,4,Persona,CO,Mass,0.8692,0
CLI00003957,50,5010,7226,545,193,1,Persona,CO,Mass,0.1202,0
CLI00003958,63,1627,5848,665,117,2,Persona,CO,Mass,0.2995,0
CLI00003959,24,4251,12863,729,209,2,Persona,CO,Mass,0.2522,0
CLI00003960,31,9600,7507,851,207,3,Persona,CO,Mass,0.0652,0
CLI00003961,76,3470,1543,621,74,2,Empresa,CO,Mass,0.0371,0
CLI00003962,71,4026,2803,546,51,1,Persona,US,Private,0.058,0
CLI00003963,58,1990,23334,539,29,4,Persona,CO,Mass,0.9771,0
CLI00003964,41,2925,8812,567,221,3,Persona,CO,Mass,0.251,0
CLI00003965,30,20060,1507,900,106,2,Persona,CO,Mass,0.0063,0
CLI00003966,70,5210,11523,740,136,5,Persona,CO,Premium,0.1843,0
CLI00003967,66,2204,4631,783,65,2,Empresa,CO,Mass,0.1751,0
CLI00003968,32,3820,3379,621,93,1,Persona,CO,Mass,0.0737,0
CLI00003969,54,1369,2578,649,96,5,Persona,CO,Mass,0.1569,0
CLI00003970,56,2183,22024,733,139,1,Persona,CO,Mass,0.8407,0
CLI00003971,47,14592,1135,589,42,1,Persona,CO,Premium,0.0065,0
CLI00003972,75,4385,3506,615,188,3,Empresa,CO,Mass,0.0666,0
CLI00003973,25,22305,9137,569,93,3,Persona,MX,Premium,0.0341,0
CLI00003974,33,4553,39275,596,57,2,Empresa,CO,Mass,0.7188,0
CLI00003975,23,4775,14098,655,3,5,Persona,CO,Mass,0.246,0
CLI00003976,60,8206,3477,551,24,2,Persona,CO,Mass,0.0353,0
CLI00003977,57,579,37397,684,64,5,Persona,CO,Mass,5.3816,1
CLI00003978,79,5790,2089,684,175,4,Persona,CO,Private,0.0301,0
CLI00003979,51,4725,10565,628,205,1,Persona,CO,Mass,0.1863,0
CLI00003980,27,16136,13197,550,228,3,Persona,CO,Mass,0.0682,0
CLI00003981,45,10633,3357,662,71,1,Persona,CO,Mass,0.0263,0
CLI00003982,23,1984,16278,589,152,5,Persona,CO,Premium,0.6837,0
CLI00003983,59,13275,4846,655,64,4,Persona,CO,Premium,0.0304,0
CLI00003984,59,3984,16238,781,34,3,Persona,CO,Mass,0.3396,0
CLI00003985,71,2383,1287,499,130,4,Persona,CO,Mass,0.045,0
CLI00003986,39,5754,11327,900,154,4,Persona,CO,Mass,0.164,0
CLI00003987,37,4178,5366,641,182,3,Persona,CO,Mass,0.107,0
CLI00003988,22,16827,25583,699,27,2,Persona,CO,Mass,0.1267,0
CLI00003989,43,6454,7754,559,179,2,Persona,CO,Mass,0.1001,0
CLI00003990,47,5793,28260,787,72,2,Persona,PE,Mass,0.4065,0
CLI00003991,64,10102,13461,634,66,4,Persona,PE,Mass,0.111,0
CLI00003992,64,11781,7133,602,7,3,Persona,CO,Mass,0.0505,0
CLI00003993,26,9199,17812,580,49,3,Persona,CO,Mass,0.1614,0
CLI00003994,35,15299,17926,617,117,4,Persona,CO,Mass,0.0976,0
CLI00003995,49,7997,12989,700,45,3,Persona,CO,Private,0.1354,0
CLI00003996,38,5620,818,670,77,5,Persona,CO,Mass,0.0121,0
CLI00003997,19,13244,3033,645,127,2,Persona,CO,Mass,0.0191,0
CLI00003998,70,4570,32341,564,23,1,Persona,PE,Premium,0.5897,0
CLI00003999,63,5047,2307,557,210,3,Persona,CO,Private,0.0381,0
CLI00004000,50,19482,19583,594,74,3,Persona,CO,Premium,0.0838,0
CLI00004001,37,17989,16423,705,182,5,Persona,CO,Mass,0.0761,0
CLI00004002,70,4882,3921,729,155,4,Persona,CO,Mass,0.0669,0
CLI00004003,20,3419,1101,745,180,5,Persona,MX,Mass,0.0268,0
CLI00004004,45,15843,4587,649,69,1,Persona,CO,Premium,0.0241,0
CLI00004005,67,9323,64732,696,41,3,Persona,CO,Mass,0.5786,0
CLI00004006,77,6326,3417,629,34,5,Persona,CO,Mass,0.045,0
CLI00004007,33,3799,3661,440,55,3,Persona,CO,Mass,0.0803,1
CLI00004008,58,6408,2988,624,130,2,Empresa,CO,Mass,0.0389,0
CLI00004009,29,4830,27303,604,149,4,Persona,CO,Mass,0.4711,0
CLI00004010,25,2888,6355,525,180,5,Persona,CO,Mass,0.1834,0
CLI00004011,39,5449,4333,581,231,2,Persona,CO,Mass,0.0663,0
CLI00004012,72,6077,33305,666,199,3,Persona,CO,Premium,0.4567,0
CLI00004013,60,3639,14465,514,85,5,Persona,CO,Premium,0.3312,0
CLI00004014,48,10128,3231,564,113,1,Persona,CO,Mass,0.0266,0
CLI00004015,35,13781,2383,835,229,1,Persona,CO,Mass,0.0144,0
CLI00004016,26,10677,25801,457,170,4,Persona,CO,Premium,0.2014,0
CLI00004017,34,3940,8240,628,100,4,Persona,CO,Mass,0.1743,0
CLI00004018,27,8997,1721,510,199,1,Persona,CO,Mass,0.0159,0
CLI00004019,29,5231,1362,559,32,3,Persona,CO,Mass,0.0217,0
CLI00004020,60,1828,2654,626,161,4,Persona,CO,Mass,0.121,0
CLI00004021,26,8418,2346,531,227,5,Persona,MX,Mass,0.0232,0
CLI00004022,20,5524,1047,718,126,5,Empresa,CO,Mass,0.0158,0
CLI00004023,51,39137,2698,812,147,2,Persona,CO,Mass,0.0057,0
CLI00004024,35,15769,3232,751,14,3,Persona,CO,Mass,0.0171,0
CLI00004025,46,8681,5101,772,145,4,Empresa,CO,Premium,0.049,0
CLI00004026,26,5998,44042,484,69,2,Persona,CO,Mass,0.6119,0
CLI00004027,31,5602,6205,620,238,1,Persona,CO,Mass,0.0923,0
CLI00004028,45,2201,6852,706,76,3,Empresa,US,Premium,0.2594,0
CLI00004029,60,1222,13483,754,75,4,Persona,CO,Mass,0.9194,0
CLI00004030,43,2445,6391,860,94,3,Persona,CO,Mass,0.2178,0
CLI00004031,51,4730,12090,778,167,4,Persona,PE,Mass,0.213,0
CLI00004032,50,911,10728,757,228,4,Persona,CO,Premium,0.9812,0
CLI00004033,34,3179,9159,900,83,5,Empresa,CO,Premium,0.2401,0
CLI00004034,35,4031,128857,661,50,4,Persona,CO,Mass,2.6638,0
CLI00004035,44,4136,20153,615,183,1,Persona,CO,Premium,0.406,0
CLI00004036,19,2894,2747,671,129,3,Persona,PE,Mass,0.0791,0
CLI00004037,60,3739,11733,540,109,1,Persona,CO,Premium,0.2615,0
CLI00004038,56,19518,3671,658,237,4,Persona,CO,Mass,0.0157,0
CLI00004039,36,8347,12660,442,118,5,Persona,CO,Mass,0.1264,0
CLI00004040,41,3139,2048,586,148,4,Persona,CO,Mass,0.0544,0
CLI00004041,38,4653,2676,636,235,2,Persona,CO,Mass,0.0479,0
CLI00004042,58,4804,11428,763,50,4,Empresa,CO,Mass,0.1982,0
CLI00004043,65,2658,21975,783,216,1,Empresa,CL,Premium,0.6889,0
CLI00004044,24,2656,13395,534,230,2,Persona,CO,Premium,0.4203,0
CLI00004045,43,11030,19036,899,112,2,Persona,CO,Mass,0.1438,0
CLI00004046,18,3512,11775,667,80,3,Persona,CO,Premium,0.2794,0
CLI00004047,46,2047,9628,678,38,2,Persona,CO,Premium,0.3919,0
CLI00004048,33,4748,4896,455,11,3,Persona,CO,Premium,0.0859,0
CLI00004049,38,5401,18269,575,236,1,Persona,CO,Mass,0.2819,0
CLI00004050,46,1014,22581,775,103,5,Persona,CO,Mass,1.8556,0
CLI00004051,38,4757,7607,670,160,2,Persona,CO,Premium,0.1333,0
CLI00004052,42,9841,7208,662,57,5,Persona,PE,Mass,0.061,0
CLI00004053,65,7051,39791,677,77,1,Persona,US,Mass,0.4703,0
CLI00004054,68,29255,7939,476,196,5,Persona,CO,Mass,0.0226,0
CLI00004055,18,13371,8740,638,157,4,Persona,CO,Mass,0.0545,0
CLI00004056,41,15664,13150,818,52,2,Persona,CO,Mass,0.07,0
CLI00004057,70,46169,7348,780,1,4,Persona,CO,Mass,0.0133,0
CLI00004058,50,9013,3567,634,196,4,Persona,CO,Mass,0.033,0
CLI00004059,30,5599,11824,837,19,4,Persona,CO,Mass,0.176,0
CLI00004060,54,10710,7795,498,8,5,Persona,CO,Mass,0.0607,0
CLI00004061,26,3141,51136,533,72,5,Persona,CO,Mass,1.3566,0
CLI00004062,19,5356,17826,873,222,1,Persona,CO,Mass,0.2773,0
CLI00004063,57,2927,4467,719,154,2,Persona,PE,Mass,0.1272,0
CLI00004064,49,6757,16798,615,10,1,Empresa,CO,Mass,0.2072,0
CLI00004065,64,2917,11024,643,220,1,Persona,CO,Premium,0.3149,0
CLI00004066,39,2836,30014,553,225,1,Persona,CO,Mass,0.8819,0
CLI00004067,70,6841,4796,683,167,4,Persona,CO,Mass,0.0584,0
CLI00004068,44,4402,9785,673,17,4,Persona,CL,Mass,0.1852,0
CLI00004069,63,1051,7338,652,3,1,Persona,CO,Mass,0.5818,0
CLI00004070,24,1533,8591,510,209,3,Persona,CO,Mass,0.467,0
CLI00004071,24,1962,3343,681,197,1,Persona,CO,Premium,0.142,0
CLI00004072,66,2425,14413,586,199,1,Persona,CO,Mass,0.4953,0
CLI00004073,69,6846,12307,531,116,1,Persona,CO,Mass,0.1498,0
CLI00004074,76,5855,29296,802,142,3,Persona,CL,Mass,0.417,0
CLI00004075,38,11524,8022,900,41,1,Persona,CO,Mass,0.058,0
CLI00004076,19,8975,5367,883,8,4,Persona,CO,Mass,0.0498,0
CLI00004077,78,11585,17841,728,53,5,Persona,CO,Premium,0.1283,0
CLI00004078,55,7996,3662,618,149,5,Persona,US,Mass,0.0382,0
CLI00004079,33,5812,23980,641,96,5,Persona,CO,Mass,0.3438,0
CLI00004080,65,11842,23928,698,148,4,Persona,CO,Mass,0.1684,0
CLI00004081,74,10255,28489,599,105,5,Persona,CO,Mass,0.2315,0
CLI00004082,35,6640,11809,808,133,5,Persona,CO,Mass,0.1482,0
CLI00004083,65,13586,4981,405,228,2,Persona,CO,Mass,0.0306,0
CLI00004084,66,752,9037,614,151,4,Persona,CO,Mass,1.0013,0
CLI00004085,49,3895,11849,746,228,2,Persona,CO,Premium,0.2535,0
CLI00004086,57,3848,4627,548,232,5,Empresa,CO,Mass,0.1002,0
CLI00004087,34,12359,30733,621,148,1,Persona,CO,Premium,0.2072,0
CLI00004088,75,17276,14473,721,238,3,Persona,CO,Premium,0.0698,0
CLI00004089,78,1540,3320,832,59,2,Persona,CO,Mass,0.1796,0
CLI00004090,78,15198,53256,494,124,5,Persona,CO,Mass,0.292,0
CLI00004091,63,1925,8931,485,17,2,Persona,CL,Mass,0.3866,0
CLI00004092,20,1972,2713,536,22,5,Persona,CO,Mass,0.1146,0
CLI00004093,40,4074,3532,465,31,3,Persona,CO,Mass,0.0722,0
CLI00004094,45,3810,35874,474,32,4,Persona,CO,Mass,0.7846,0
CLI00004095,77,1412,50261,533,98,3,Persona,CO,Mass,2.9661,0
CLI00004096,51,8265,22236,798,172,3,Persona,CO,Mass,0.2242,0
CLI00004097,51,8463,30312,612,236,2,Persona,CO,Mass,0.2985,0
CLI00004098,27,11421,27353,653,235,2,Persona,CO,Mass,0.1996,0
CLI00004099,67,3474,14142,535,42,4,Persona,CO,Premium,0.3392,0
CLI00004100,38,4761,11260,726,104,2,Persona,CO,Mass,0.1971,0
CLI00004101,23,4796,13903,875,103,5,Persona,CO,Premium,0.2416,0
CLI00004102,79,18965,16916,543,23,1,Persona,CO,Premium,0.0743,0
CLI00004103,29,509,3859,856,9,2,Persona,CO,Premium,0.6317,0
CLI00004104,19,2285,16847,693,84,1,Persona,US,Mass,0.6144,0
CLI00004105,22,4936,34843,652,205,5,Persona,CO,Premium,0.5882,0
CLI00004106,46,2062,6592,698,92,3,Persona,CO,Mass,0.2664,0
CLI00004107,24,3997,5923,696,92,1,Persona,CO,Mass,0.1235,0
CLI00004108,70,4443,13050,872,239,1,Persona,CO,Mass,0.2448,0
CLI00004109,49,2904,4231,712,90,5,Empresa,CO,Mass,0.1214,0
CLI00004110,38,5174,2171,714,164,5,Persona,PE,Premium,0.035,0
CLI00004111,18,8123,25532,599,235,2,Persona,MX,Mass,0.2619,0
CLI00004112,47,4068,5161,750,28,4,Persona,CO,Mass,0.1057,0
CLI00004113,27,3420,8253,535,122,2,Empresa,CO,Mass,0.2011,0
CLI00004114,78,4304,4402,663,80,5,Persona,CO,Mass,0.0852,0
CLI00004115,36,4885,29049,900,28,4,Persona,CO,Premium,0.4955,0
CLI00004116,47,1221,19018,349,11,3,Persona,CO,Premium,1.2979,1
CLI00004117,19,7109,6369,677,155,5,Persona,MX,Mass,0.0747,0
CLI00004118,26,3426,2490,682,156,2,Persona,CO,Mass,0.0606,0
CLI00004119,30,13483,5727,622,134,5,Persona,CO,Mass,0.0354,0
CLI00004120,21,7885,14330,625,161,2,Persona,CL,Mass,0.1514,0
CLI00004121,63,12532,9785,660,172,5,Persona,CO,Mass,0.0651,0
CLI00004122,76,2188,9037,619,13,5,Persona,CO,Premium,0.3442,0
CLI00004123,79,3651,10013,676,8,3,Persona,CO,Mass,0.2285,0
CLI00004124,34,1818,17305,591,80,1,Persona,CO,Mass,0.7932,0
CLI00004125,66,2795,7770,892,136,4,Persona,CO,Mass,0.2317,0
CLI00004126,49,13382,12708,619,216,4,Persona,CO,Mass,0.0791,0
CLI00004127,20,16155,3020,718,235,5,Persona,CO,Premium,0.0156,0
CLI00004128,23,1961,104177,569,198,2,Persona,CO,Mass,4.4268,0
CLI00004129,51,3406,6100,761,69,2,Persona,CO,Premium,0.1492,0
CLI00004130,44,4624,9932,738,137,2,Empresa,CO,Mass,0.179,0
CLI00004131,18,7851,14277,700,27,2,Persona,CO,Premium,0.1515,0
CLI00004132,75,1202,5373,526,116,1,Persona,PE,Mass,0.3725,0
CLI00004133,63,1363,8166,559,23,1,Persona,CL,Mass,0.4992,0
CLI00004134,49,7271,8068,852,238,3,Persona,CO,Mass,0.0925,0
CLI00004135,79,1033,3248,558,108,5,Empresa,CO,Mass,0.262,0
CLI00004136,78,3437,12563,726,173,1,Empresa,MX,Mass,0.3046,0
CLI00004137,78,5595,1557,536,24,2,Persona,CO,Mass,0.0232,0
CLI00004138,34,6853,46756,771,228,5,Persona,CO,Mass,0.5686,0
CLI00004139,72,4387,17907,567,125,1,Empresa,CO,Premium,0.3401,0
CLI00004140,49,3667,15353,534,17,1,Persona,CO,Premium,0.3489,1
CLI00004141,63,9659,1427,564,88,5,Persona,CO,Premium,0.0123,0
CLI00004142,71,6174,3668,583,50,2,Persona,CO,Premium,0.0495,0
CLI00004143,28,2928,32511,698,16,2,Persona,CO,Private,0.9253,0
CLI00004144,45,5065,514649,658,7,1,Persona,CO,Mass,8.4673,1
CLI00004145,25,6677,26760,518,170,3,Persona,CO,Private,0.334,0
CLI00004146,35,19430,22855,646,208,5,Persona,CO,Mass,0.098,0
CLI00004147,43,9219,13697,512,158,5,Empresa,CO,Mass,0.1238,0
CLI00004148,71,12986,3472,727,166,4,Persona,CO,Mass,0.0223,0
CLI00004149,71,3015,21920,749,8,4,Persona,CO,Mass,0.6058,0
CLI00004150,42,3231,2694,647,42,4,Persona,CO,Mass,0.0695,0
CLI00004151,38,4071,2414,682,8,4,Persona,CO,Mass,0.0494,0
CLI00004152,50,4381,2267,860,233,3,Persona,CO,Premium,0.0431,0
CLI00004153,74,2194,21498,631,177,2,Persona,US,Premium,0.8165,0
CLI00004154,78,13531,7650,536,229,5,Empresa,CO,Mass,0.0471,0
CLI00004155,32,9963,8962,719,217,5,Persona,CO,Mass,0.075,0
CLI00004156,29,3848,7979,514,53,1,Persona,US,Mass,0.1728,0
CLI00004157,61,8212,2628,624,122,1,Persona,PE,Mass,0.0267,0
CLI00004158,36,5874,4143,578,155,4,Persona,CO,Mass,0.0588,0
CLI00004159,30,8741,4357,565,177,1,Persona,CO,Mass,0.0415,0
CLI00004160,19,1676,1987,619,160,5,Persona,CO,Premium,0.0988,0
CLI00004161,42,4374,4894,757,108,5,Persona,CO,Mass,0.0932,0
CLI00004162,42,4691,2748,782,0,1,Empresa,CO,Mass,0.0488,0
CLI00004163,52,8094,14438,761,225,4,Persona,CO,Mass,0.1486,0
CLI00004164,30,2972,15693,690,165,1,Persona,PE,Mass,0.44,0
CLI00004165,62,665,2222,619,200,2,Persona,CO,Mass,0.2784,0
CLI00004166,60,2068,6023,367,53,3,Persona,CO,Mass,0.2427,0
CLI00004167,46,4680,51847,694,25,4,Persona,CL,Premium,0.9232,0
CLI00004168,29,5172,3038,376,216,1,Persona,CO,Mass,0.0489,0
CLI00004169,49,18901,12414,419,193,1,Persona,CO,Mass,0.0547,0
CLI00004170,59,7833,9004,630,201,2,Persona,CO,Mass,0.0958,0
CLI00004171,41,5246,24170,681,105,4,Persona,CO,Private,0.3839,0
CLI00004172,34,4789,10888,595,217,3,Persona,CO,Mass,0.1895,0
CLI00004173,49,11888,5264,834,53,2,Persona,CO,Premium,0.0369,0
CLI00004174,40,3065,8662,705,181,1,Persona,CO,Premium,0.2355,0
CLI00004175,42,4393,8789,620,118,5,Persona,CO,Private,0.1667,0
CLI00004176,39,2056,7393,816,39,4,Persona,CO,Premium,0.2996,0
CLI00004177,36,15292,2166,837,172,5,Empresa,CO,Mass,0.0118,0
CLI00004178,62,6727,28087,711,86,3,Persona,CO,Mass,0.3479,0
CLI00004179,46,2790,23539,556,38,5,Persona,CO,Private,0.7031,0
CLI00004180,46,4484,2852,583,170,4,Persona,CO,Mass,0.053,0
CLI00004181,58,7388,5998,476,185,3,Persona,CO,Premium,0.0677,0
CLI00004182,40,4021,6469,644,77,3,Persona,CO,Premium,0.1341,0
CLI00004183,24,3204,2549,523,232,3,Persona,CO,Mass,0.0663,0
CLI00004184,70,2911,1252,610,170,3,Persona,CO,Mass,0.0358,0
CLI00004185,21,6445,4143,681,5,4,Empresa,CO,Mass,0.0536,0
CLI00004186,53,3690,5673,411,80,3,Persona,CL,Mass,0.1281,0
CLI00004187,34,3418,1917,498,233,5,Persona,CO,Mass,0.0467,0
CLI00004188,31,1687,9671,589,42,5,Empresa,CO,Mass,0.4777,0
CLI00004189,20,5229,25922,643,228,3,Persona,CO,Private,0.4131,0
CLI00004190,73,4251,18809,590,124,2,Empresa,CO,Premium,0.3687,0
CLI00004191,44,3799,7138,617,162,4,Persona,CO,Mass,0.1566,0
CLI00004192,39,5761,1286,565,164,4,Persona,CO,Premium,0.0186,0
CLI00004193,63,8940,16575,476,122,2,Persona,US,Mass,0.1545,0
CLI00004194,20,8614,9380,585,124,5,Persona,CO,Mass,0.0907,0
CLI00004195,53,7647,12386,624,136,4,Persona,CO,Premium,0.135,0
CLI00004196,48,4054,56168,612,154,4,Persona,CO,Private,1.1546,0
CLI00004197,52,3122,3551,663,177,4,Persona,MX,Mass,0.0948,0
CLI00004198,25,2132,457,700,105,2,Persona,CO,Mass,0.0179,0
CLI00004199,77,3057,2825,731,104,4,Persona,CO,Mass,0.077,0
CLI00004200,32,4992,13174,573,186,1,Empresa,CO,Premium,0.2199,0
CLI00004201,60,2620,8324,460,181,4,Persona,CO,Mass,0.2647,0
CLI00004202,64,5307,2402,802,155,3,Persona,CO,Mass,0.0377,0
CLI00004203,39,2270,1959,696,110,3,Persona,CO,Premium,0.0719,0
CLI00004204,26,1301,5683,535,137,4,Persona,MX,Mass,0.364,0
CLI00004205,36,9466,2330,683,137,2,Persona,CO,Mass,0.0205,0
CLI00004206,68,3362,13638,778,104,4,Empresa,PE,Mass,0.338,0
CLI00004207,74,2515,5369,857,42,1,Persona,CO,Mass,0.1779,0
CLI00004208,76,2048,4328,680,128,4,Persona,CO,Mass,0.1761,0
CLI00004209,32,6894,3796,777,106,4,Empresa,CO,Mass,0.0459,0
CLI00004210,55,14763,10542,504,12,1,Persona,CO,Mass,0.0595,0
CLI00004211,27,3560,8455,645,229,4,Persona,CO,Mass,0.1979,0
CLI00004212,62,4136,9916,609,160,4,Empresa,CO,Mass,0.1998,0
CLI00004213,43,11583,9702,691,27,3,Persona,CO,Mass,0.0698,0
CLI00004214,62,1154,7538,843,49,4,Persona,CO,Premium,0.5443,0
CLI00004215,60,23706,2883,679,137,1,Persona,CO,Premium,0.0101,0
CLI00004216,79,34727,3903,537,206,5,Persona,CO,Mass,0.0094,0
CLI00004217,48,563,5460,498,116,5,Persona,CO,Mass,0.8081,0
CLI00004218,39,4545,63907,847,194,4,Persona,CO,Mass,1.1717,0
CLI00004219,50,2765,2103,711,30,1,Persona,CO,Mass,0.0634,0
CLI00004220,28,3976,5329,703,126,3,Persona,CO,Mass,0.1117,0
CLI00004221,24,3516,8939,608,198,5,Persona,CO,Mass,0.2119,0
CLI00004222,50,9408,5982,682,203,4,Persona,CO,Premium,0.053,0
CLI00004223,69,4491,23717,531,57,5,Persona,CO,Mass,0.4401,0
CLI00004224,51,2371,5952,696,160,4,Persona,CO,Private,0.2092,0
CLI00004225,66,4282,6409,509,9,4,Persona,MX,Mass,0.1247,0
CLI00004226,29,7419,18299,606,33,2,Persona,CO,Mass,0.2055,0
CLI00004227,45,1906,49548,572,216,5,Persona,CO,Mass,2.1662,0
CLI00004228,56,1316,33106,300,177,3,Persona,CO,Premium,2.0962,1
CLI00004229,39,24202,7068,608,49,5,Persona,US,Mass,0.0243,0
CLI00004230,18,2939,7711,542,238,2,Persona,CO,Mass,0.2186,0
CLI00004231,22,4403,8490,624,238,2,Persona,PE,Mass,0.1607,0
CLI00004232,75,3575,9386,650,9,1,Persona,CO,Mass,0.2188,0
CLI00004233,55,7619,3472,862,6,4,Persona,CO,Premium,0.038,0
CLI00004234,34,20297,20673,686,58,4,Persona,CO,Premium,0.0849,0
CLI00004235,34,7816,9962,690,190,2,Persona,CO,Mass,0.1062,0
CLI00004236,20,1458,7747,709,143,2,Persona,CO,Mass,0.4428,0
CLI00004237,76,1624,2272,754,123,3,Persona,CL,Premium,0.1166,0
CLI00004238,24,3571,8623,704,99,4,Persona,US,Premium,0.2012,0
CLI00004239,65,3965,1220,683,115,2,Persona,MX,Premium,0.0256,0
CLI00004240,32,1239,4529,735,153,3,Persona,CO,Mass,0.3046,0
CLI00004241,38,9466,4614,358,15,1,Persona,CO,Premium,0.0406,0
CLI00004242,34,2060,10796,900,140,5,Persona,CO,Premium,0.4367,0
CLI00004243,69,16230,53095,840,53,5,Persona,CO,Mass,0.2726,0
CLI00004244,20,21088,14355,676,189,4,Persona,CO,Premium,0.0567,0
CLI00004245,39,4029,34489,480,46,5,Persona,CO,Mass,0.7133,0
CLI00004246,35,6982,15447,795,17,4,Persona,CO,Mass,0.1844,0
CLI00004247,34,1834,24960,566,104,5,Persona,CO,Mass,1.1341,0
CLI00004248,29,8094,51902,714,105,3,Persona,CO,Mass,0.5344,0
CLI00004249,74,3299,3897,496,124,2,Empresa,CO,Mass,0.0984,0
CLI00004250,41,2059,3651,900,206,5,Persona,CO,Mass,0.1478,0
CLI00004251,43,3899,15816,476,167,1,Persona,CO,Private,0.338,1
CLI00004252,41,3385,8073,658,87,3,Persona,CO,Mass,0.1987,0
CLI00004253,78,3789,10100,395,174,4,Persona,CO,Mass,0.2221,0
CLI00004254,39,10506,6319,645,120,4,Persona,CO,Mass,0.0501,0
CLI00004255,39,2622,4463,598,53,4,Persona,CO,Mass,0.1418,0
CLI00004256,38,19692,40976,786,5,3,Persona,CO,Premium,0.1734,0
CLI00004257,38,1702,2697,598,0,5,Persona,CO,Mass,0.132,0
CLI00004258,23,17896,16097,786,53,2,Empresa,CO,Mass,0.075,0
CLI00004259,55,2179,13687,527,196,1,Persona,CO,Mass,0.5234,0
CLI00004260,19,4910,1670,616,111,4,Empresa,US,Private,0.0283,0
CLI00004261,32,3320,3530,618,108,2,Persona,CO,Mass,0.0886,0
CLI00004262,30,3733,4176,709,95,3,Empresa,CO,Premium,0.0932,0
CLI00004263,36,9330,14251,694,61,3,Persona,US,Mass,0.1273,0
CLI00004264,64,16315,5613,736,171,2,Persona,CO,Premium,0.0287,0
CLI00004265,55,12738,7438,682,3,5,Persona,CO,Mass,0.0487,0
CLI00004266,79,3555,1886,729,146,2,Persona,CO,Premium,0.0442,0
CLI00004267,39,5695,82943,542,224,4,Persona,CO,Mass,1.2137,0
CLI00004268,75,2628,8701,696,211,1,Persona,CO,Mass,0.2759,0
CLI00004269,20,2223,13346,842,88,5,Persona,CO,Mass,0.5003,0
CLI00004270,49,1964,4719,448,205,5,Persona,CO,Mass,0.2002,0
CLI00004271,67,3463,4219,708,57,1,Persona,CO,Mass,0.1015,0
CLI00004272,50,6001,54867,731,57,4,Persona,PE,Mass,0.7619,0
CLI00004273,75,1064,1191,825,82,3,Persona,CO,Premium,0.0933,0
CLI00004274,37,4735,10706,737,4,1,Persona,US,Mass,0.1884,0
CLI00004275,20,16528,2412,662,63,4,Persona,CO,Mass,0.0122,0
CLI00004276,65,12058,5404,701,205,4,Persona,CO,Premium,0.0373,0
CLI00004277,22,3077,4280,561,182,5,Persona,CO,Premium,0.1159,0
CLI00004278,65,1607,3023,603,78,4,Persona,CO,Mass,0.1568,0
CLI00004279,63,7100,8395,489,74,4,Persona,CO,Mass,0.0985,0
CLI00004280,70,769,621,828,83,4,Persona,CO,Mass,0.0673,0
CLI00004281,47,11945,5910,704,28,4,Persona,CO,Premium,0.0412,0
CLI00004282,73,4142,7403,540,38,3,Persona,CO,Mass,0.1489,0
CLI00004283,28,21269,2081,682,238,4,Persona,CO,Mass,0.0082,0
CLI00004284,44,1234,36798,789,166,1,Persona,CO,Premium,2.4848,0
CLI00004285,25,10244,4471,769,162,4,Persona,CO,Mass,0.0364,0
CLI00004286,65,4535,6390,538,67,2,Persona,CO,Premium,0.1174,0
CLI00004287,62,3771,4481,300,205,3,Persona,CO,Premium,0.099,1
CLI00004288,67,1642,7468,697,42,4,Persona,CO,Premium,0.379,0
CLI00004289,65,7915,29975,543,232,1,Persona,CO,Mass,0.3156,0
CLI00004290,37,8441,96087,724,120,4,Persona,CL,Mass,0.9486,0
CLI00004291,22,20498,17079,764,79,2,Persona,CO,Mass,0.0694,0
CLI00004292,75,11008,24052,783,180,4,Persona,CO,Mass,0.1821,0
CLI00004293,48,3056,45090,859,100,4,Persona,PE,Mass,1.2295,0
CLI00004294,23,2201,10392,798,64,1,Persona,CO,Mass,0.3934,0
CLI00004295,75,1644,38958,859,164,2,Persona,CO,Mass,1.9747,0
CLI00004296,79,15971,17897,815,173,5,Persona,CO,Mass,0.0934,0
CLI00004297,45,2637,9358,825,144,2,Empresa,CO,Mass,0.2957,0
CLI00004298,65,16061,11502,645,110,3,Persona,CO,Mass,0.0597,0
CLI00004299,20,7480,1311,495,78,1,Persona,MX,Mass,0.0146,0
CLI00004300,23,6399,10852,900,96,4,Persona,CO,Mass,0.1413,0
CLI00004301,35,3844,1730,657,209,1,Persona,CO,Mass,0.0375,0
CLI00004302,58,8337,1595,797,86,2,Persona,CO,Premium,0.0159,0
CLI00004303,26,4854,9826,583,232,3,Persona,CO,Premium,0.1687,0
CLI00004304,20,3657,2659,765,34,4,Persona,US,Premium,0.0606,0
CLI00004305,59,8576,8045,356,39,3,Persona,MX,Private,0.0782,0
CLI00004306,65,4380,9306,600,79,5,Persona,CO,Mass,0.1771,0
CLI00004307,63,2594,9730,638,0,3,Persona,CO,Mass,0.3126,0
CLI00004308,67,7941,3280,705,211,2,Persona,CO,Premium,0.0344,0
CLI00004309,67,4669,19904,778,81,1,Empresa,CO,Premium,0.3552,0
CLI00004310,55,7267,7411,518,24,4,Persona,CO,Mass,0.085,0
CLI00004311,50,3418,12595,729,148,3,Persona,CO,Private,0.3071,0
CLI00004312,71,1868,2449,797,229,4,Empresa,CO,Premium,0.1092,0
CLI00004313,39,19693,6779,900,238,2,Persona,CO,Premium,0.0287,0
CLI00004314,24,16937,24277,734,25,2,Persona,CO,Mass,0.1194,0
CLI00004315,64,9966,21379,594,190,3,Persona,US,Mass,0.1788,0
CLI00004316,35,3603,3650,497,86,2,Persona,CO,Mass,0.0844,0
CLI00004317,78,3865,4695,869,200,5,Persona,CO,Mass,0.1012,0
CLI00004318,43,14851,3014,738,145,4,Persona,CO,Mass,0.0169,0
CLI00004319,70,3703,4203,647,175,5,Persona,CO,Mass,0.0946,0
CLI00004320,20,2962,2000,455,201,2,Persona,CO,Premium,0.0563,0
CLI00004321,58,21977,7057,538,214,1,Persona,CO,Mass,0.0268,0
CLI00004322,45,4730,15262,725,34,1,Persona,CO,Mass,0.2689,0
CLI00004323,46,20226,3695,692,173,5,Persona,CO,Mass,0.0152,0
CLI00004324,34,1605,7401,416,33,5,Persona,PE,Premium,0.3842,0
CLI00004325,78,7439,6499,725,226,4,Persona,CO,Premium,0.0728,0
CLI00004326,42,25767,23274,461,150,3,Persona,CO,Mass,0.0753,0
CLI00004327,70,5033,4395,812,46,2,Persona,CO,Mass,0.0728,0
CLI00004328,44,3979,4558,675,70,4,Persona,CO,Mass,0.0955,0
CLI00004329,20,1931,3477,594,214,3,Persona,CO,Mass,0.15,0
CLI00004330,72,11682,2597,768,154,4,Persona,CO,Premium,0.0185,0
CLI00004331,29,2654,13755,692,55,1,Persona,CO,Private,0.4319,0
CLI00004332,34,4555,7079,808,196,3,Persona,CO,Mass,0.1295,0
CLI00004333,71,1830,8559,659,172,4,Persona,CO,Mass,0.3897,0
CLI00004334,73,17077,28988,666,18,4,Persona,CO,Mass,0.1415,0
CLI00004335,74,12380,30701,615,67,1,Persona,CO,Mass,0.2067,0
CLI00004336,44,4792,1562,681,202,1,Persona,CO,Mass,0.0272,0
CLI00004337,64,1952,15488,853,84,5,Persona,PE,Mass,0.6612,0
CLI00004338,38,16793,10154,589,9,2,Persona,CO,Premium,0.0504,0
CLI00004339,63,3667,5107,727,144,3,Persona,CO,Mass,0.1161,0
CLI00004340,49,2030,11245,544,215,4,Persona,CO,Mass,0.4616,0
CLI00004341,21,1200,1441,401,133,3,Persona,CO,Mass,0.1001,0
CLI00004342,43,2931,34983,674,234,5,Persona,CO,Premium,0.9946,0
CLI00004343,46,1535,13560,694,27,5,Persona,CO,Premium,0.7361,0
CLI00004344,33,2986,3411,636,160,2,Persona,CO,Premium,0.0952,0
CLI00004345,41,8915,4512,470,155,1,Persona,CO,Mass,0.0422,0
CLI00004346,49,3639,1475,686,236,5,Empresa,CO,Mass,0.0338,0
CLI00004347,21,6532,5919,681,125,4,Persona,CO,Premium,0.0755,0
CLI00004348,27,2755,5000,543,197,4,Persona,CO,Private,0.1512,0
CLI00004349,65,5177,2153,487,34,3,Persona,CO,Mass,0.0347,0
CLI00004350,39,22850,17618,619,10,3,Persona,CO,Mass,0.0643,0
CLI00004351,55,3719,29050,728,171,1,Persona,MX,Mass,0.6509,0
CLI00004352,53,6684,7884,699,0,3,Persona,CO,Mass,0.0983,0
CLI00004353,52,1404,5969,544,209,3,Persona,CO,Mass,0.3543,0
CLI00004354,43,16582,12518,666,4,1,Persona,CO,Mass,0.0629,0
CLI00004355,47,3355,7945,756,165,4,Persona,CO,Mass,0.1973,0
CLI00004356,69,11389,2745,509,108,4,Persona,CO,Mass,0.0201,0
CLI00004357,77,4453,4218,657,154,5,Persona,CO,Mass,0.0789,0
CLI00004358,33,8016,6024,810,149,1,Persona,CO,Mass,0.0626,0
CLI00004359,59,8406,10385,497,106,2,Persona,PE,Mass,0.103,0
CLI00004360,78,3422,8179,788,115,3,Persona,CO,Mass,0.1992,0
CLI00004361,18,11772,10000,844,120,5,Persona,CO,Mass,0.0708,0
CLI00004362,66,2677,1763,623,162,2,Persona,CO,Mass,0.0549,0
CLI00004363,48,9157,15759,608,170,5,Persona,CO,Mass,0.1434,0
CLI00004364,77,3596,8130,773,107,5,Persona,CO,Mass,0.1884,0
CLI00004365,53,6500,104058,627,84,1,Persona,CO,Mass,1.3341,0
CLI00004366,69,3396,5499,367,10,2,Persona,CO,Mass,0.1349,0
CLI00004367,28,5115,11197,638,187,2,Empresa,CO,Premium,0.1824,0
CLI00004368,26,2080,137203,706,54,3,Persona,CO,Premium,5.4967,1
CLI00004369,75,5991,9838,738,104,5,Persona,CO,Mass,0.1368,0
CLI00004370,50,5091,7573,544,238,2,Persona,CO,Mass,0.124,0
CLI00004371,52,3190,3020,617,188,4,Persona,CO,Mass,0.0789,0
CLI00004372,28,4703,37356,767,83,1,Persona,CO,Premium,0.6619,0
CLI00004373,32,5470,2542,642,113,3,Empresa,US,Mass,0.0387,0
CLI00004374,68,3001,12420,466,77,2,Persona,CO,Mass,0.3449,1
CLI00004375,36,4433,5046,798,150,5,Persona,CO,Mass,0.0949,0
CLI00004376,54,2198,6705,624,36,4,Persona,CO,Mass,0.2542,0
CLI00004377,37,32099,1950,780,228,2,Persona,CO,Mass,0.0051,0
CLI00004378,34,11467,31042,482,236,4,Persona,CO,Mass,0.2256,0
CLI00004379,28,6114,6137,635,71,2,Persona,CO,Mass,0.0836,0
CLI00004380,75,12552,2404,711,55,3,Persona,CO,Mass,0.016,0
CLI00004381,76,1008,28358,639,129,3,Persona,CO,Mass,2.3442,0
CLI00004382,25,635,4894,508,155,5,Empresa,CO,Premium,0.6422,0
CLI00004383,39,3570,11323,363,154,2,Persona,CO,Mass,0.2643,1
CLI00004384,52,1631,18796,832,10,1,Persona,MX,Mass,0.9603,0
CLI00004385,41,4067,13017,679,170,1,Persona,CO,Mass,0.2667,0
CLI00004386,62,5793,900,790,15,5,Persona,CO,Mass,0.0129,0
CLI00004387,34,10263,16242,761,82,2,Persona,PE,Premium,0.1319,0
CLI00004388,21,1977,7327,721,172,1,Persona,CO,Mass,0.3088,0
CLI00004389,38,6766,5831,611,212,3,Persona,CO,Mass,0.0718,0
CLI00004390,55,4971,7265,708,152,5,Persona,CO,Premium,0.1218,0
CLI00004391,29,6489,1619,821,38,5,Persona,CO,Premium,0.0208,0
CLI00004392,68,3242,9819,659,163,5,Persona,US,Premium,0.2524,0
CLI00004393,18,14861,2070,878,8,4,Persona,CO,Mass,0.0116,0
CLI00004394,22,4524,6088,470,55,5,Persona,CO,Mass,0.1121,0
CLI00004395,49,20319,9473,457,29,4,Persona,CO,Private,0.0389,0
CLI00004396,49,2611,23719,768,236,1,Persona,CO,Mass,0.757,0
CLI00004397,36,8904,3570,551,88,3,Persona,CO,Premium,0.0334,0
CLI00004398,34,4685,34599,895,134,3,Persona,CO,Mass,0.6154,0
CLI00004399,22,3781,20886,810,189,3,Persona,CO,Premium,0.4603,0
CLI00004400,59,8150,5274,840,232,5,Persona,CO,Mass,0.0539,0
CLI00004401,41,3868,2673,756,238,5,Persona,CO,Premium,0.0576,0
CLI00004402,25,584,1912,539,39,3,Persona,CO,Premium,0.2728,0
CLI00004403,42,423,10633,450,94,1,Persona,MX,Premium,2.0943,1
CLI00004404,76,13601,3876,829,97,2,Persona,CO,Premium,0.0237,0
CLI00004405,34,13150,26885,470,191,1,Persona,CO,Premium,0.1704,0
CLI00004406,73,22245,4107,840,80,3,Persona,CO,Mass,0.0154,0
CLI00004407,34,4846,3292,730,55,2,Persona,CO,Mass,0.0566,0
CLI00004408,29,1747,10235,640,181,1,Persona,CO,Premium,0.4882,0
CLI00004409,34,3513,4080,703,118,1,Persona,CO,Premium,0.0968,0
CLI00004410,38,4959,8172,705,179,3,Persona,CO,Mass,0.1373,0
CLI00004411,25,2195,21720,625,91,1,Persona,CO,Mass,0.8246,0
CLI00004412,54,18377,9110,821,116,1,Persona,CO,Premium,0.0413,0
CLI00004413,38,29483,9145,816,2,2,Persona,CO,Mass,0.0258,0
CLI00004414,62,7205,9948,668,3,4,Persona,CO,Premium,0.1151,0
CLI00004415,48,4872,1490,578,0,4,Persona,CO,Mass,0.0255,0
CLI00004416,45,1744,11990,806,42,2,Persona,CO,Premium,0.5729,0
CLI00004417,47,16935,9508,407,83,4,Persona,CO,Mass,0.0468,0
CLI00004418,27,5224,19789,703,12,1,Persona,CO,Mass,0.3157,0
CLI00004419,62,3899,14850,738,38,4,Persona,CO,Mass,0.3174,0
CLI00004420,24,7222,6621,550,203,1,Persona,US,Mass,0.0764,0
CLI00004421,62,3076,22751,766,205,1,Persona,CO,Premium,0.6163,0
CLI00004422,79,5527,6047,646,69,5,Persona,US,Mass,0.0912,0
CLI00004423,65,1550,10375,584,227,3,Persona,CO,Mass,0.5578,0
CLI00004424,46,11727,5936,765,28,3,Persona,CO,Mass,0.0422,0
CLI00004425,37,4520,12858,519,7,2,Persona,US,Mass,0.2371,0
CLI00004426,72,12419,5560,754,85,4,Persona,CO,Premium,0.0373,0
CLI00004427,33,4184,42089,412,63,4,Empresa,CO,Premium,0.8383,0
CLI00004428,47,4407,60922,684,18,4,Empresa,CO,Mass,1.152,0
CLI00004429,65,1863,19417,655,203,2,Persona,CO,Mass,0.8685,0
CLI00004430,75,9025,37846,585,234,4,Persona,CO,Premium,0.3495,0
CLI00004431,75,2438,1738,696,64,4,Persona,CO,Mass,0.0594,0
CLI00004432,23,3330,1955,640,75,3,Persona,PE,Mass,0.0489,0
CLI00004433,73,4918,5874,776,172,2,Persona,CO,Premium,0.0995,0
CLI00004434,25,5415,8444,717,223,4,Persona,CO,Premium,0.1299,0
CLI00004435,54,1255,6646,704,68,3,Persona,CO,Mass,0.4413,0
CLI00004436,75,4086,1568,685,163,2,Persona,CO,Mass,0.032,0
CLI00004437,58,9285,25631,593,5,5,Empresa,CO,Mass,0.23,0
CLI00004438,76,3631,69856,613,135,3,Empresa,CO,Premium,1.6032,0
CLI00004439,39,4106,29172,679,236,3,Persona,PE,Mass,0.592,0
CLI00004440,37,5596,23993,629,114,2,Persona,CO,Mass,0.3573,0
CLI00004441,38,4443,10159,783,153,4,Persona,CO,Mass,0.1905,0
CLI00004442,40,2155,3487,661,164,5,Persona,CO,Mass,0.1348,0
CLI00004443,60,4773,8712,695,151,4,Persona,CO,Mass,0.1521,0
CLI00004444,46,10886,66541,481,164,3,Persona,CO,Premium,0.5094,0
CLI00004445,63,2119,5698,763,212,4,Persona,CO,Mass,0.2241,0
CLI00004446,43,3642,5141,580,2,2,Persona,CO,Mass,0.1176,0
CLI00004447,37,1627,24521,524,212,1,Empresa,CO,Mass,1.2559,1
CLI00004448,29,10436,26204,847,217,4,Persona,CO,Mass,0.2092,0
CLI00004449,52,4564,3470,733,216,1,Persona,CO,Mass,0.0634,0
CLI00004450,73,2489,6238,767,88,1,Persona,CO,Mass,0.2088,0
CLI00004451,71,5291,4905,704,139,4,Persona,CO,Mass,0.0773,0
CLI00004452,33,1876,8687,638,84,3,Persona,CO,Mass,0.3859,0
CLI00004453,47,2149,24432,616,201,5,Persona,CO,Mass,0.9474,0
CLI00004454,61,1528,3626,743,97,5,Persona,CO,Mass,0.1977,0
CLI00004455,55,2093,24092,785,75,1,Persona,CO,Private,0.9592,0
CLI00004456,22,14557,8970,641,164,4,Persona,CO,Private,0.0513,0
CLI00004457,54,2733,82966,898,11,2,Empresa,MX,Mass,2.5297,0
CLI00004458,20,7136,11145,626,90,4,Empresa,CO,Mass,0.1301,0
CLI00004459,25,2517,7354,482,49,1,Persona,CO,Mass,0.2435,0
CLI00004460,58,9023,14396,443,89,3,Empresa,CO,Mass,0.133,0
CLI00004461,24,2162,5784,447,107,4,Persona,CO,Premium,0.2229,0
CLI00004462,39,5071,1345,600,15,3,Empresa,CO,Mass,0.0221,0
CLI00004463,54,5127,6370,622,207,3,Empresa,CO,Mass,0.1035,0
CLI00004464,58,31642,6271,731,99,1,Persona,CO,Mass,0.0165,0
CLI00004465,45,8138,1648,646,86,1,Persona,CO,Premium,0.0169,0
CLI00004466,23,3058,7532,751,35,4,Persona,MX,Mass,0.2052,0
CLI00004467,67,8501,1025,655,238,3,Persona,CO,Premium,0.01,0
CLI00004468,76,27188,5723,651,205,3,Persona,CO,Premium,0.0175,0
CLI00004469,73,1334,10338,580,115,2,Persona,US,Mass,0.6458,0
CLI00004470,64,2504,8928,820,80,1,Persona,CO,Mass,0.2971,0
CLI00004471,42,4066,5371,466,112,4,Persona,CO,Mass,0.1101,0
CLI00004472,72,3520,7438,686,230,1,Persona,CO,Mass,0.1761,0
CLI00004473,48,3766,3699,628,53,4,Persona,CO,Mass,0.0818,0
CLI00004474,26,1731,8191,743,164,1,Persona,CL,Mass,0.3943,0
CLI00004475,70,15110,8587,647,216,5,Persona,CO,Premium,0.0474,0
CLI00004476,37,1574,3293,651,181,2,Empresa,CO,Premium,0.1743,0
CLI00004477,76,4187,10590,618,208,5,Persona,MX,Mass,0.2108,0
CLI00004478,40,11346,10524,817,227,1,Persona,CO,Premium,0.0773,0
CLI00004479,71,4797,6862,650,14,3,Persona,CO,Premium,0.1192,0
CLI00004480,51,2245,91221,886,57,3,Persona,CO,Premium,3.386,0
CLI00004481,46,1670,7039,682,34,1,Persona,CO,Mass,0.3512,0
CLI00004482,36,4088,6128,652,136,3,Persona,CO,Mass,0.1249,0
CLI00004483,69,2682,5311,632,97,2,Empresa,CO,Mass,0.165,0
CLI00004484,21,5791,3068,717,9,3,Persona,CO,Mass,0.0441,0
CLI00004485,47,1601,16089,579,133,2,Persona,CO,Mass,0.8374,0
CLI00004486,40,9418,4079,667,24,1,Persona,CO,Mass,0.0361,0
CLI00004487,51,5390,4591,650,97,4,Persona,CO,Premium,0.071,0
CLI00004488,33,5720,4730,689,87,3,Empresa,CO,Private,0.0689,0
CLI00004489,59,15566,3026,692,214,5,Persona,CO,Mass,0.0162,0
CLI00004490,41,3462,1406,698,163,5,Persona,CO,Mass,0.0338,0
CLI00004491,29,2749,5100,661,149,2,Persona,CO,Mass,0.1546,0
CLI00004492,30,3170,19405,838,199,2,Persona,CO,Premium,0.5101,0
CLI00004493,61,4213,9867,700,43,5,Persona,CO,Mass,0.1952,0
CLI00004494,34,4569,38583,900,61,2,Persona,CO,Premium,0.7037,0
CLI00004495,37,2528,17170,655,180,1,Persona,CO,Premium,0.566,0
CLI00004496,56,974,13683,765,179,3,Persona,CO,Mass,1.1706,0
CLI00004497,38,3137,53244,562,5,5,Persona,CO,Premium,1.4144,0
CLI00004498,42,6554,7352,818,53,2,Persona,PE,Mass,0.0935,0
CLI00004499,33,5480,8630,565,54,4,Persona,CO,Mass,0.1312,0
CLI00004500,39,12831,8010,704,1,2,Empresa,CO,Premium,0.052,0
CLI00004501,60,23491,37940,618,158,2,Persona,CO,Mass,0.1346,0
CLI00004502,51,9022,8123,704,13,3,Empresa,CO,Mass,0.075,0
CLI00004503,79,14853,4237,621,201,1,Persona,CO,Mass,0.0238,0
CLI00004504,65,9076,14583,555,140,2,Persona,CO,Mass,0.1339,0
CLI00004505,19,19301,3582,617,182,2,Persona,CO,Mass,0.0155,0
CLI00004506,41,21605,13814,834,119,5,Persona,CO,Mass,0.0533,0
CLI00004507,35,10518,12256,706,232,2,Empresa,CO,Mass,0.0971,0
CLI00004508,54,8648,6704,495,64,5,Persona,US,Mass,0.0646,0
CLI00004509,34,4170,14268,781,133,1,Persona,CO,Mass,0.2851,0
CLI00004510,77,4754,1830,543,1,3,Persona,CO,Mass,0.0321,0
CLI00004511,36,3750,9537,739,199,2,Persona,CO,Mass,0.2119,0
CLI00004512,50,8078,5101,716,136,3,Persona,US,Premium,0.0526,0
CLI00004513,25,2762,141812,723,42,4,Empresa,CO,Mass,4.2785,0
CLI00004514,74,4217,9469,872,196,5,Persona,CO,Mass,0.1871,0
CLI00004515,74,746,4463,550,237,4,Persona,CO,Premium,0.4985,0
CLI00004516,67,19505,2042,723,16,3,Persona,PE,Mass,0.0087,0
CLI00004517,39,4120,29893,801,202,3,Persona,CO,Mass,0.6046,0
CLI00004518,21,7076,5709,572,176,5,Persona,CO,Mass,0.0672,0
CLI00004519,62,15775,3672,560,85,5,Persona,PE,Mass,0.0194,0
CLI00004520,44,6249,11342,615,152,4,Persona,CO,Mass,0.1512,0
CLI00004521,79,15607,15517,688,188,1,Persona,CO,Premium,0.0829,0
CLI00004522,61,1820,15274,480,115,2,Persona,CO,Mass,0.6993,0
CLI00004523,51,33453,8264,716,159,2,Empresa,CO,Premium,0.0206,0
CLI00004524,79,11727,9501,480,11,2,Persona,PE,Premium,0.0675,0
CLI00004525,67,5810,10219,805,222,5,Persona,CO,Mass,0.1466,0
CLI00004526,46,15368,11343,711,221,1,Empresa,CO,Premium,0.0615,0
CLI00004527,19,1929,12392,879,50,5,Persona,CO,Mass,0.5353,0
CLI00004528,23,3901,24208,730,114,5,Empresa,PE,Private,0.5171,0
CLI00004529,45,15605,8573,613,57,3,Persona,CO,Premium,0.0458,0
CLI00004530,52,1103,3580,554,95,2,Persona,CO,Mass,0.2705,0
CLI00004531,19,7695,7014,678,66,2,Persona,CO,Mass,0.076,0
CLI00004532,25,7523,17219,646,206,4,Persona,CL,Mass,0.1907,0
CLI00004533,61,23751,1357,792,166,4,Persona,MX,Premium,0.0048,0
CLI00004534,64,1385,1365,538,202,3,Persona,CO,Mass,0.0821,0
CLI00004535,19,17813,20297,892,190,3,Persona,CO,Premium,0.095,0
CLI00004536,49,3141,37053,802,174,5,Persona,CO,Mass,0.983,0
CLI00004537,23,3437,2286,625,39,4,Persona,CO,Private,0.0554,0
CLI00004538,62,1848,8959,865,199,4,Persona,CO,Mass,0.404,0
CLI00004539,69,2058,5434,556,187,2,Persona,CO,Mass,0.22,0
CLI00004540,71,6787,6242,674,29,1,Persona,CO,Mass,0.0766,0
CLI00004541,55,2018,10998,496,21,3,Persona,CO,Premium,0.4541,1
CLI00004542,56,8885,2224,871,182,2,Persona,CO,Premium,0.0209,0
CLI00004543,75,2891,2677,452,93,2,Persona,PE,Mass,0.0772,0
CLI00004544,55,1862,5995,477,78,3,Persona,CO,Premium,0.2683,1
CLI00004545,45,3221,7006,573,95,5,Persona,CO,Mass,0.1813,0
CLI00004546,64,6434,2628,808,208,5,Persona,CO,Mass,0.034,0
CLI00004547,54,3936,17848,764,87,4,Persona,CO,Mass,0.3779,0
CLI00004548,70,5051,5337,664,88,4,Persona,CO,Mass,0.0881,0
CLI00004549,50,8578,5314,772,95,3,Persona,US,Mass,0.0516,0
CLI00004550,71,11683,10749,636,13,3,Persona,CO,Mass,0.0767,0
CLI00004551,20,3834,7123,700,8,3,Persona,PE,Mass,0.1548,0
CLI00004552,20,2131,18722,848,99,5,Persona,CO,Mass,0.7321,0
CLI00004553,24,5223,3186,620,4,5,Persona,CO,Mass,0.0508,0
CLI00004554,52,7161,2003,558,181,3,Persona,MX,Mass,0.0233,0
CLI00004555,61,1527,5944,706,101,4,Persona,CO,Mass,0.3244,0
CLI00004556,31,2410,8606,738,120,1,Persona,CO,Mass,0.2976,0
CLI00004557,27,2764,2343,663,80,3,Empresa,CO,Mass,0.0706,0
CLI00004558,71,4161,2022,770,183,5,Persona,CO,Mass,0.0405,0
CLI00004559,64,2673,9723,625,102,4,Persona,CO,Premium,0.3031,0
CLI00004560,58,8652,3797,665,8,3,Persona,CO,Mass,0.0366,0
CLI00004561,48,1360,1895,694,117,2,Persona,CO,Mass,0.1161,0
CLI00004562,44,1388,21276,684,42,5,Persona,CO,Private,1.2773,0
CLI00004563,19,3762,4307,843,142,5,Persona,CO,Premium,0.0954,0
CLI00004564,29,4270,25586,694,135,2,Persona,CO,Mass,0.4993,0
CLI00004565,73,1534,8337,613,113,5,Persona,CO,Premium,0.4529,0
CLI00004566,39,3024,10880,713,92,3,Persona,CO,Mass,0.2998,0
CLI00004567,61,3565,6558,771,143,2,Persona,CO,Mass,0.1533,0
CLI00004568,61,3588,569,742,163,2,Persona,CO,Mass,0.0132,0
CLI00004569,37,5549,2599,736,210,3,Persona,CO,Mass,0.039,0
CLI00004570,30,2894,7145,470,231,3,Persona,CO,Premium,0.2057,0
CLI00004571,60,16030,11669,350,19,4,Persona,CO,Mass,0.0607,1
CLI00004572,23,7263,1353,803,158,1,Persona,CO,Mass,0.0155,0
CLI00004573,48,2576,7680,702,20,3,Persona,CO,Mass,0.2484,0
CLI00004574,73,5300,2637,647,100,4,Persona,CO,Premium,0.0415,0
CLI00004575,62,5427,10245,733,177,5,Persona,CO,Mass,0.1573,0
CLI00004576,65,12987,7947,881,130,2,Persona,CO,Mass,0.051,0
CLI00004577,23,3040,17043,819,193,4,Persona,CO,Premium,0.4672,0
CLI00004578,30,9080,23548,765,219,2,Empresa,CO,Mass,0.2161,0
CLI00004579,35,5082,12822,543,233,4,Persona,CO,Mass,0.2102,0
CLI00004580,36,16207,19156,559,161,2,Persona,CO,Mass,0.0985,0
CLI00004581,30,13803,5708,363,161,4,Persona,CO,Mass,0.0345,0
CLI00004582,78,5753,136368,726,192,3,Persona,CO,Mass,1.9753,0
CLI00004583,28,3984,2395,783,55,2,Persona,CO,Mass,0.0501,0
CLI00004584,61,7370,4780,792,72,3,Persona,CO,Mass,0.054,0
CLI00004585,54,4254,19957,731,81,4,Persona,CO,Mass,0.3909,0
CLI00004586,55,18849,17200,631,178,4,Persona,PE,Premium,0.076,0
CLI00004587,31,5233,13192,582,84,4,Persona,CO,Mass,0.2101,0
CLI00004588,37,3552,15919,550,33,4,Persona,CO,Mass,0.3735,0
CLI00004589,55,3402,1008,630,191,5,Persona,CO,Mass,0.0247,0
CLI00004590,36,1862,39707,532,179,3,Persona,CO,Private,1.777,0
CLI00004591,61,7671,6608,860,142,3,Persona,CO,Premium,0.0718,0
CLI00004592,20,2550,28166,493,211,3,Persona,CO,Mass,0.9204,0
CLI00004593,22,11831,1060,626,190,3,Persona,CO,Premium,0.0075,0
CLI00004594,63,1746,10473,417,216,1,Empresa,CO,Mass,0.4998,0
CLI00004595,56,5441,4612,685,62,5,Persona,CO,Mass,0.0706,0
CLI00004596,20,12334,14358,649,27,3,Persona,CO,Mass,0.097,0
CLI00004597,73,878,11126,607,81,3,Persona,CO,Mass,1.0559,0
CLI00004598,18,24701,11684,538,199,5,Persona,CO,Mass,0.0394,0
CLI00004599,77,3497,2810,650,221,3,Persona,CO,Mass,0.067,0
CLI00004600,63,5502,7654,584,26,3,Persona,CO,Premium,0.1159,0
CLI00004601,79,7763,6767,633,205,3,Persona,PE,Premium,0.0726,0
CLI00004602,76,8785,13297,884,114,5,Persona,CO,Premium,0.1261,0
CLI00004603,37,6118,21791,670,196,2,Empresa,CO,Mass,0.2968,0
CLI00004604,64,10915,9418,713,163,1,Persona,US,Mass,0.0719,0
CLI00004605,31,7444,2261,594,14,1,Persona,CO,Mass,0.0253,0
CLI00004606,47,20104,9023,555,116,4,Persona,CO,Mass,0.0374,0
CLI00004607,32,7464,110312,647,21,1,Persona,CO,Premium,1.2316,0
CLI00004608,48,23663,42024,900,81,4,Persona,CO,Mass,0.148,0
CLI00004609,72,10105,413,615,181,5,Persona,CO,Premium,0.0034,0
CLI00004610,45,1159,8632,693,164,4,Persona,CO,Mass,0.6206,0
CLI00004611,23,39691,20580,550,169,1,Persona,CO,Mass,0.0432,0
CLI00004612,38,3104,6752,319,158,4,Persona,CO,Mass,0.1813,1
CLI00004613,66,16259,5114,555,3,3,Persona,US,Premium,0.0262,0
CLI00004614,50,5021,6204,900,139,1,Persona,CO,Mass,0.103,0
CLI00004615,52,11485,14075,721,116,1,Persona,MX,Mass,0.1021,0
CLI00004616,44,2833,2569,846,126,4,Persona,US,Mass,0.0756,0
CLI00004617,36,8107,26600,608,51,3,Persona,CO,Mass,0.2734,0
CLI00004618,55,4013,7661,367,169,3,Persona,CO,Mass,0.1591,0
CLI00004619,57,17382,3181,516,145,4,Empresa,CO,Private,0.0153,0
CLI00004620,73,6980,24943,697,96,3,Persona,PE,Mass,0.2978,0
CLI00004621,56,10391,1728,678,13,5,Persona,CO,Mass,0.0139,0
CLI00004622,79,870,4650,648,16,1,Persona,CO,Mass,0.4454,0
CLI00004623,69,4589,4574,586,86,2,Persona,CO,Mass,0.0831,0
CLI00004624,22,6825,69143,762,128,1,Empresa,CO,Premium,0.8442,0
CLI00004625,42,5877,4084,589,239,3,Persona,CL,Mass,0.0579,0
CLI00004626,41,10603,939,686,173,5,Empresa,CO,Private,0.0074,0
CLI00004627,18,3667,4528,673,116,3,Persona,PE,Mass,0.1029,0
CLI00004628,29,5110,12778,605,71,2,Persona,CO,Premium,0.2084,0
CLI00004629,65,12644,17749,544,40,1,Persona,CO,Mass,0.117,0
CLI00004630,39,793,78947,598,33,2,Persona,MX,Premium,8.2954,1
CLI00004631,27,7875,33087,874,17,2,Persona,PE,Mass,0.3501,0
CLI00004632,35,3762,9778,783,218,1,Empresa,CO,Mass,0.2166,0
CLI00004633,35,2368,3322,772,3,1,Persona,PE,Mass,0.1169,0
CLI00004634,28,6433,41110,555,207,4,Persona,CO,Mass,0.5325,0
CLI00004635,24,13120,5605,477,140,4,Persona,US,Premium,0.0356,0
CLI00004636,65,11285,4195,781,148,4,Persona,US,Mass,0.031,0
CLI00004637,69,4411,5339,758,230,1,Persona,CO,Premium,0.1009,0
CLI00004638,48,9902,2316,666,188,5,Empresa,CO,Mass,0.0195,0
CLI00004639,56,9842,5089,605,35,3,Persona,CO,Mass,0.0431,0
CLI00004640,74,4582,6418,474,232,3,Persona,CO,Mass,0.1167,0
CLI00004641,70,2822,16825,754,42,5,Persona,CO,Mass,0.4968,0
CLI00004642,20,2956,5496,792,136,2,Persona,CO,Mass,0.1549,0
CLI00004643,77,9607,2281,568,153,3,Empresa,CO,Premium,0.0198,0
CLI00004644,22,4751,1629,558,58,1,Persona,CO,Mass,0.0286,0
CLI00004645,19,2128,9992,798,151,3,Persona,CO,Mass,0.3913,0
CLI00004646,43,1276,8713,572,153,2,Persona,CO,Mass,0.569,0
CLI00004647,64,9561,4654,863,235,1,Persona,CO,Mass,0.0406,0
CLI00004648,22,3173,5077,636,219,4,Persona,CO,Premium,0.1333,0
CLI00004649,36,6401,11950,603,95,1,Persona,CO,Premium,0.1556,0
CLI00004650,34,13250,32550,655,165,5,Persona,US,Mass,0.2047,0
CLI00004651,42,1724,3713,603,197,2,Persona,CO,Mass,0.1795,0
CLI00004652,79,4740,8856,785,6,1,Persona,CO,Mass,0.1557,0
CLI00004653,38,4287,21126,756,164,3,Persona,CL,Mass,0.4107,0
CLI00004654,30,6659,3728,780,220,2,Persona,CO,Mass,0.0467,0
CLI00004655,25,13244,7977,672,28,4,Persona,CO,Premium,0.0502,0
CLI00004656,30,1696,7800,595,180,4,Persona,CO,Mass,0.3832,0
CLI00004657,26,7753,2183,648,14,3,Persona,CO,Premium,0.0235,0
CLI00004658,53,11217,9590,598,96,3,Persona,CO,Mass,0.0712,0
CLI00004659,44,4233,8362,825,196,4,Empresa,CO,Premium,0.1646,0
CLI00004660,48,4403,14116,770,236,4,Persona,CO,Premium,0.2672,0
CLI00004661,69,6868,2472,639,174,1,Persona,CL,Premium,0.03,0
CLI00004662,53,6475,8184,538,173,3,Persona,CO,Mass,0.1053,0
CLI00004663,27,7831,32264,834,62,4,Persona,MX,Mass,0.3433,0
CLI00004664,41,7700,64698,666,198,2,Persona,CO,Mass,0.7002,0
CLI00004665,37,2240,29147,634,158,5,Persona,CO,Mass,1.0843,0
CLI00004666,69,10853,2497,835,226,3,Persona,CO,Mass,0.0192,0
CLI00004667,37,12499,12721,588,144,2,Persona,CO,Private,0.0848,0
CLI00004668,26,5703,4998,611,9,2,Persona,CO,Mass,0.073,0
CLI00004669,63,1487,10763,622,122,4,Persona,US,Mass,0.6031,0
CLI00004670,44,4483,3743,492,185,4,Persona,CO,Mass,0.0696,0
CLI00004671,23,5741,1460,687,189,2,Persona,CO,Mass,0.0212,0
CLI00004672,60,1967,5741,558,92,1,Persona,CO,Mass,0.2432,0
CLI00004673,31,3684,16690,581,41,1,Persona,CO,Mass,0.3775,0
CLI00004674,71,1591,10807,565,208,3,Persona,CO,Mass,0.566,0
CLI00004675,69,7989,12124,579,197,5,Persona,CO,Premium,0.1265,0
CLI00004676,40,5612,10060,549,210,5,Persona,US,Mass,0.1494,0
CLI00004677,52,1317,12143,679,160,3,Persona,CO,Premium,0.7683,0
CLI00004678,53,6510,13759,631,198,3,Persona,MX,Mass,0.1761,0
CLI00004679,58,4697,6156,655,96,3,Persona,CO,Mass,0.1092,0
CLI00004680,22,7428,8803,900,187,2,Persona,CO,Premium,0.0988,0
CLI00004681,38,3593,46316,631,117,3,Persona,CO,Premium,1.0742,0
CLI00004682,28,2588,9339,722,190,5,Persona,CO,Mass,0.3007,0
CLI00004683,61,2652,8455,736,35,4,Persona,CO,Mass,0.2657,0
CLI00004684,22,3195,8981,642,71,2,Persona,CO,Mass,0.2342,0
CLI00004685,50,4989,6516,682,51,1,Persona,CO,Mass,0.1088,0
CLI00004686,63,5532,5242,652,97,4,Persona,US,Mass,0.079,0
CLI00004687,76,4219,9983,674,195,5,Persona,PE,Mass,0.1972,0
CLI00004688,35,3502,4886,579,27,1,Persona,CO,Mass,0.1163,0
CLI00004689,18,3710,7005,590,175,2,Persona,CO,Private,0.1573,0
CLI00004690,62,36540,3675,652,199,5,Persona,CO,Premium,0.0084,0
CLI00004691,18,2652,9027,413,161,2,Persona,CO,Premium,0.2836,0
CLI00004692,22,3145,14533,829,155,1,Persona,CO,Mass,0.3851,0
CLI00004693,79,68533,6555,900,33,2,Persona,CO,Mass,0.008,0
CLI00004694,71,6883,1087,670,147,2,Empresa,CO,Mass,0.0132,0
CLI00004695,61,1629,14623,729,54,3,Persona,CO,Mass,0.748,0
CLI00004696,69,9644,9137,779,59,5,Persona,PE,Premium,0.079,0
CLI00004697,22,2373,3001,491,206,5,Persona,CO,Mass,0.1054,0
CLI00004698,23,10170,17558,761,147,3,Empresa,CO,Mass,0.1439,0
CLI00004699,36,4151,2001,598,238,1,Persona,CO,Premium,0.0402,0
CLI00004700,19,3457,23049,900,109,2,Persona,CO,Mass,0.5556,0
CLI00004701,73,17806,7651,627,85,1,Persona,CO,Premium,0.0358,0
CLI00004702,21,7731,838,758,238,1,Persona,CO,Premium,0.009,0
CLI00004703,51,10704,9684,628,149,2,Persona,CO,Mass,0.0754,0
CLI00004704,70,6960,5398,900,207,1,Persona,CO,Mass,0.0646,0
CLI00004705,63,3444,4643,588,10,3,Persona,CO,Mass,0.1123,0
CLI00004706,32,8015,3874,789,126,2,Persona,CO,Mass,0.0403,0
CLI00004707,47,12930,7135,725,196,4,Empresa,CO,Premium,0.046,0
CLI00004708,51,5474,4988,698,194,3,Empresa,PE,Mass,0.0759,0
CLI00004709,65,20771,1265,677,171,5,Persona,CO,Premium,0.0051,0
CLI00004710,44,9704,28913,569,39,3,Persona,CO,Private,0.2483,0
CLI00004711,35,5823,6346,339,131,1,Persona,CO,Mass,0.0908,1
CLI00004712,67,6010,3897,778,24,5,Persona,CO,Mass,0.054,0
CLI00004713,72,5485,2621,591,192,2,Empresa,PE,Mass,0.0398,0
CLI00004714,48,1806,17513,790,151,4,Persona,CO,Mass,0.8081,0
CLI00004715,19,4573,2211,692,46,4,Persona,CO,Mass,0.0403,0
CLI00004716,49,5866,9264,794,174,5,Persona,CO,Mass,0.1316,0
CLI00004717,73,3523,4520,746,172,4,Persona,CO,Mass,0.1069,0
CLI00004718,79,6439,4791,354,12,3,Persona,CL,Mass,0.062,0
CLI00004719,42,4999,2687,723,21,2,Persona,CO,Mass,0.0448,0
CLI00004720,27,9126,4357,608,48,3,Persona,CO,Mass,0.0398,0
CLI00004721,53,8353,8174,789,16,4,Persona,MX,Mass,0.0815,0
CLI00004722,69,5617,10252,720,128,3,Persona,CO,Mass,0.1521,0
CLI00004723,76,1646,3693,722,211,1,Persona,CO,Mass,0.187,0
CLI00004724,21,20590,7398,617,15,2,Persona,CO,Mass,0.0299,0
CLI00004725,36,4387,19701,540,147,5,Persona,CO,Mass,0.3742,0
CLI00004726,47,4606,1536,598,101,2,Persona,CO,Mass,0.0278,0
CLI00004727,24,3736,8052,434,200,3,Persona,CO,Mass,0.1796,0
CLI00004728,72,3325,3131,579,115,5,Persona,CO,Mass,0.0785,0
CLI00004729,24,16903,2827,474,160,2,Persona,CO,Mass,0.0139,0
CLI00004730,59,14895,10519,477,221,4,Persona,CO,Mass,0.0589,0
CLI00004731,74,7012,4697,663,32,4,Persona,CO,Premium,0.0558,0
CLI00004732,60,4509,2399,714,75,2,Persona,CO,Mass,0.0443,0
CLI00004733,65,8065,30463,646,64,5,Persona,CO,Mass,0.3148,0
CLI00004734,34,5213,20334,590,40,3,Persona,CO,Premium,0.325,0
CLI00004735,69,4220,1173,536,155,2,Persona,CO,Premium,0.0232,0
CLI00004736,43,6441,1854,611,1,2,Persona,CO,Mass,0.024,0
CLI00004737,21,3453,14668,551,92,2,Persona,CO,Mass,0.354,0
CLI00004738,40,6013,6094,642,29,3,Persona,PE,Mass,0.0845,0
CLI00004739,39,5787,36336,467,147,2,Persona,CO,Mass,0.5232,0
CLI00004740,50,7961,15007,734,180,2,Persona,US,Mass,0.1571,0
CLI00004741,34,2994,10932,581,112,4,Persona,CO,Private,0.3043,0
CLI00004742,46,8674,2916,695,106,5,Persona,CO,Private,0.028,0
CLI00004743,44,2380,13245,756,107,4,Persona,US,Mass,0.4637,0
CLI00004744,38,3108,2262,689,47,3,Persona,CO,Private,0.0606,0
CLI00004745,61,3219,29888,745,90,4,Persona,CO,Premium,0.7737,0
CLI00004746,36,2084,12358,402,223,3,Persona,CO,Mass,0.4941,0
CLI00004747,65,11075,3551,590,9,2,Empresa,CO,Premium,0.0267,0
CLI00004748,33,2263,18118,782,189,4,Persona,CO,Mass,0.6672,0
CLI00004749,71,2809,76231,711,39,1,Empresa,CO,Mass,2.2614,0
CLI00004750,40,13417,6518,871,27,5,Persona,US,Premium,0.0405,0
CLI00004751,20,3113,14050,854,68,3,Persona,CO,Mass,0.3761,0
CLI00004752,27,4228,5261,685,64,5,Persona,CO,Premium,0.1037,0
CLI00004753,67,2187,8825,619,75,1,Empresa,US,Premium,0.3363,0
CLI00004754,72,9569,1795,534,203,3,Persona,CO,Premium,0.0156,0
CLI00004755,31,9675,8098,592,217,3,Persona,US,Mass,0.0697,0
CLI00004756,55,8876,8464,601,166,2,Persona,CO,Mass,0.0795,0
CLI00004757,53,7555,48971,578,35,3,Persona,CO,Mass,0.5402,0
CLI00004758,26,5212,1346,539,226,4,Persona,CO,Premium,0.0215,0
CLI00004759,46,3230,6118,698,203,5,Persona,PE,Mass,0.1578,0
CLI00004760,61,2560,29381,853,18,5,Persona,CO,Mass,0.9564,0
CLI00004761,77,13793,6362,761,92,2,Persona,PE,Premium,0.0384,0
CLI00004762,70,9061,6827,611,186,5,Empresa,CO,Mass,0.0628,0
CLI00004763,24,2822,3521,771,21,3,Persona,CO,Mass,0.104,0
CLI00004764,32,5073,3188,691,18,3,Persona,CO,Mass,0.0524,0
CLI00004765,45,3865,1305,645,145,1,Persona,CO,Mass,0.0281,0
CLI00004766,27,1993,4319,637,80,4,Persona,CO,Premium,0.1806,0
CLI00004767,53,5665,3012,626,105,5,Persona,CO,Premium,0.0443,0
CLI00004768,18,3524,9118,728,180,2,Persona,CO,Mass,0.2156,0
CLI00004769,25,2293,3686,666,130,5,Persona,CO,Mass,0.134,0
CLI00004770,20,1505,5016,562,170,1,Persona,CO,Mass,0.2777,0
CLI00004771,36,1406,5155,556,30,5,Persona,CO,Mass,0.3055,0
CLI00004772,65,3651,7722,686,0,2,Persona,CO,Premium,0.1762,0
CLI00004773,28,4591,4776,701,60,3,Persona,CO,Mass,0.0867,0
CLI00004774,79,2440,2802,612,48,1,Persona,CO,Mass,0.0957,0
CLI00004775,34,8271,8828,514,77,5,Persona,CO,Mass,0.0889,0
CLI00004776,20,4663,23564,800,186,3,Empresa,MX,Mass,0.4211,0
CLI00004777,38,7797,9213,774,36,5,Persona,CO,Premium,0.0985,0
CLI00004778,64,4245,4403,411,30,2,Persona,MX,Mass,0.0864,0
CLI00004779,24,2618,7164,810,48,1,Empresa,CO,Mass,0.228,0
CLI00004780,22,5384,1042,624,78,4,Persona,CO,Mass,0.0161,0
CLI00004781,70,1789,7048,672,47,1,Empresa,CO,Mass,0.3283,0
CLI00004782,54,7566,5429,786,44,4,Persona,CO,Premium,0.0598,0
CLI00004783,39,2322,3186,848,139,1,Persona,CO,Mass,0.1143,0
CLI00004784,64,10245,3819,770,26,1,Persona,CO,Mass,0.0311,0
CLI00004785,70,3748,5376,678,36,4,Persona,CO,Mass,0.1195,0
CLI00004786,40,11499,21860,484,200,4,Persona,CO,Mass,0.1584,0
CLI00004787,52,2001,24150,406,4,1,Persona,CO,Premium,1.0057,1
CLI00004788,18,2857,3203,755,14,1,Persona,CO,Mass,0.0934,0
CLI00004789,36,6665,4826,811,16,5,Persona,CO,Premium,0.0603,0
CLI00004790,54,12536,4951,552,128,1,Persona,CO,Mass,0.0329,0
CLI00004791,30,18644,18206,617,166,2,Empresa,CO,Mass,0.0814,0
CLI00004792,79,5080,9372,583,166,5,Persona,CO,Mass,0.1537,0
CLI00004793,78,21379,8890,579,165,3,Persona,CO,Mass,0.0347,0
CLI00004794,33,3898,13853,778,13,1,Persona,CO,Mass,0.2961,0
CLI00004795,42,11837,4463,676,82,5,Persona,MX,Premium,0.0314,0
CLI00004796,29,2312,31694,622,152,2,Persona,CO,Mass,1.1423,0
CLI00004797,49,6878,8088,900,163,4,Persona,CO,Mass,0.098,0
CLI00004798,25,754,3442,477,80,4,Persona,CO,Mass,0.3804,0
CLI00004799,42,2003,6440,715,203,2,Persona,CO,Mass,0.2679,0
CLI00004800,52,7139,27776,524,200,2,Persona,CO,Mass,0.3242,0
CLI00004801,55,1719,5296,631,183,3,Persona,CO,Mass,0.2567,0
CLI00004802,54,6915,20942,667,191,2,Empresa,CO,Mass,0.2524,0
CLI00004803,31,10149,4335,751,234,1,Persona,CO,Premium,0.0356,0
CLI00004804,67,3290,3768,618,190,4,Persona,CO,Mass,0.0954,0
CLI00004805,60,2263,15671,605,140,4,Persona,CO,Mass,0.5771,0
CLI00004806,64,3363,3381,616,95,4,Persona,CO,Mass,0.0838,0
CLI00004807,47,2269,18444,520,86,4,Empresa,CO,Premium,0.6774,0
CLI00004808,73,4532,11517,725,197,3,Persona,CO,Premium,0.2118,0
CLI00004809,42,5333,3382,683,71,5,Empresa,CO,Mass,0.0528,0
CLI00004810,67,3847,7544,702,151,5,Persona,CO,Mass,0.1634,0
CLI00004811,30,18760,4680,641,120,5,Persona,CO,Private,0.0208,0
CLI00004812,33,2764,11487,626,90,1,Persona,CO,Mass,0.3463,0
CLI00004813,50,14960,53519,791,108,1,Persona,CO,Mass,0.2981,0
CLI00004814,52,2136,5593,772,19,3,Persona,CO,Premium,0.2182,0
CLI00004815,64,5209,13818,819,170,4,Persona,CO,Mass,0.2211,0
CLI00004816,36,12663,8303,694,16,2,Persona,CO,Mass,0.0546,0
CLI00004817,72,12150,8300,812,17,1,Persona,CO,Premium,0.0569,0
CLI00004818,38,3511,6869,600,60,1,Persona,CO,Private,0.163,0
CLI00004819,51,7662,3437,625,127,3,Persona,CO,Mass,0.0374,0
CLI00004820,75,6883,11329,793,71,5,Persona,CO,Mass,0.1372,0
CLI00004821,51,3190,6070,751,211,3,Persona,CO,Mass,0.1586,0
CLI00004822,60,8044,3278,615,222,4,Persona,MX,Premium,0.034,0
CLI00004823,74,21807,22340,524,94,1,Persona,CO,Premium,0.0854,0
CLI00004824,78,7167,8946,625,239,2,Empresa,CO,Premium,0.104,0
CLI00004825,48,7731,6450,567,21,4,Persona,CO,Mass,0.0695,0
CLI00004826,43,8414,30947,856,34,3,Persona,CO,Mass,0.3065,0
CLI00004827,30,1527,1291,741,83,1,Persona,CO,Mass,0.0705,0
CLI00004828,51,7102,28935,558,226,2,Persona,CO,Mass,0.3395,0
CLI00004829,74,2178,3360,524,120,4,Persona,CO,Mass,0.1286,0
CLI00004830,48,3065,10011,556,169,4,Empresa,MX,Mass,0.2722,0
CLI00004831,39,27710,4500,582,156,5,Persona,US,Premium,0.0135,0
CLI00004832,24,4013,3219,629,119,2,Persona,CO,Mass,0.0668,0
CLI00004833,42,2718,30148,783,223,5,Persona,PE,Premium,0.9243,0
CLI00004834,32,12358,51855,534,229,5,Persona,CO,Mass,0.3497,0
CLI00004835,78,2302,6494,900,107,2,Persona,CO,Premium,0.2351,0
CLI00004836,50,3436,11333,536,171,2,Persona,CO,Mass,0.2749,0
CLI00004837,26,13349,8578,480,149,5,Persona,CO,Mass,0.0535,0
CLI00004838,22,5085,45729,852,142,2,Persona,CO,Mass,0.7494,0
CLI00004839,70,1409,979,808,24,3,Persona,CO,Premium,0.0579,0
CLI00004840,75,7594,11814,628,50,5,Empresa,CO,Mass,0.1296,0
CLI00004841,65,3578,3916,695,237,2,Persona,CO,Premium,0.0912,0
CLI00004842,25,16846,768,698,58,5,Persona,CO,Mass,0.0038,0
CLI00004843,24,3026,5650,666,156,1,Persona,MX,Mass,0.1556,0
CLI00004844,30,11395,51433,494,218,2,Persona,CO,Premium,0.3761,0
CLI00004845,64,20344,4204,352,144,2,Persona,CO,Premium,0.0172,1
CLI00004846,65,2488,17867,548,51,3,Persona,CO,Mass,0.5984,0
CLI00004847,69,4210,26867,867,206,2,Persona,CO,Mass,0.5318,0
CLI00004848,24,6706,8000,872,7,5,Empresa,CO,Mass,0.0994,0
CLI00004849,27,2475,9140,618,173,4,Persona,CO,Premium,0.3077,0
CLI00004850,73,6101,1456,535,63,4,Persona,CO,Private,0.0199,0
CLI00004851,75,4105,3959,683,153,4,Persona,CO,Premium,0.0804,0
CLI00004852,62,4039,20070,702,115,4,Empresa,MX,Premium,0.4141,0
CLI00004853,24,5111,8609,722,136,4,Persona,CO,Mass,0.1404,0
CLI00004854,22,5203,11699,346,91,4,Persona,CO,Premium,0.1874,0
CLI00004855,21,5603,9257,900,126,4,Persona,MX,Mass,0.1377,0
CLI00004856,60,3044,72548,785,224,5,Persona,CO,Mass,1.986,0
CLI00004857,70,3152,5268,626,198,1,Persona,MX,Mass,0.1393,0
CLI00004858,57,4469,40352,563,100,3,Persona,CO,Mass,0.7524,0
CLI00004859,34,4741,9260,768,225,1,Persona,CO,Mass,0.1628,0
CLI00004860,64,3459,44099,709,213,1,Persona,CO,Private,1.0624,0
CLI00004861,21,6368,2380,661,150,5,Persona,CO,Premium,0.0311,0
CLI00004862,69,1150,9746,705,142,3,Persona,CO,Premium,0.7062,0
CLI00004863,73,2739,5466,636,8,4,Empresa,CO,Premium,0.1663,0
CLI00004864,62,3928,9315,698,125,4,Persona,CO,Premium,0.1976,0
CLI00004865,72,2477,27511,737,51,1,Persona,CO,Mass,0.9255,0
CLI00004866,54,18094,11834,691,38,3,Persona,CO,Mass,0.0545,0
CLI00004867,47,4989,27457,684,206,1,Persona,CO,Premium,0.4586,0
CLI00004868,37,5661,4145,817,65,2,Persona,CO,Mass,0.061,0
CLI00004869,75,3338,3558,458,147,1,Persona,CO,Premium,0.0888,0
CLI00004870,61,4853,8234,554,208,4,Persona,CO,Mass,0.1414,0
CLI00004871,29,1859,7795,653,143,1,Empresa,CO,Mass,0.3494,0
CLI00004872,77,4290,6728,562,187,3,Persona,CO,Mass,0.1307,0
CLI00004873,21,2322,3106,602,186,2,Persona,US,Premium,0.1115,0
CLI00004874,54,3936,26866,804,107,5,Persona,CO,Premium,0.5688,0
CLI00004875,29,634,5637,632,221,4,Persona,CO,Mass,0.7408,0
CLI00004876,59,1993,33727,430,218,2,Persona,CO,Mass,1.4102,1
CLI00004877,43,15853,8207,599,81,2,Persona,CO,Premium,0.0431,0
CLI00004878,45,9550,15497,656,196,4,Persona,CO,Mass,0.1352,0
CLI00004879,59,14118,14153,654,43,4,Persona,CO,Premium,0.0835,0
CLI00004880,64,14915,3553,716,26,3,Persona,CO,Premium,0.0199,0
CLI00004881,41,8420,11698,706,127,1,Persona,CO,Premium,0.1158,0
CLI00004882,79,3421,55733,633,145,1,Persona,PE,Mass,1.3576,0
CLI00004883,48,2143,10421,506,140,4,Persona,CO,Premium,0.4052,0
CLI00004884,27,12300,19955,597,191,3,Persona,CO,Private,0.1352,0
CLI00004885,18,5175,16208,575,93,5,Persona,CO,Mass,0.261,0
CLI00004886,30,36142,11015,615,194,1,Persona,CO,Premium,0.0254,0
CLI00004887,60,3669,9764,732,216,1,Persona,CO,Mass,0.2218,0
CLI00004888,51,23820,14007,698,21,4,Persona,CO,Private,0.049,0
CLI00004889,38,4335,17383,748,107,5,Persona,CO,Mass,0.3342,0
CLI00004890,47,14311,2096,603,53,4,Empresa,CO,Mass,0.0122,0
CLI00004891,69,19098,10376,831,157,1,Persona,CO,Mass,0.0453,0
CLI00004892,53,2168,6740,730,99,1,Persona,US,Private,0.2591,0
CLI00004893,21,3334,5477,663,67,5,Persona,MX,Mass,0.1369,0
CLI00004894,21,2150,29612,722,60,3,Persona,CO,Mass,1.1477,0
CLI00004895,47,1837,3892,568,85,3,Persona,CO,Mass,0.1765,0
CLI00004896,43,8380,2008,396,26,5,Persona,CO,Premium,0.02,0
CLI00004897,70,4199,17956,577,25,2,Persona,US,Mass,0.3563,0
CLI00004898,54,5125,1957,739,150,2,Persona,CO,Mass,0.0318,0
CLI00004899,64,7669,1178,659,226,4,Persona,CO,Mass,0.0128,0
CLI00004900,54,1112,20095,633,121,5,Persona,CO,Premium,1.5058,0
CLI00004901,39,13758,9496,548,222,2,Persona,CO,Mass,0.0575,0
CLI00004902,58,3717,13000,415,37,1,Persona,CO,Premium,0.2914,1
CLI00004903,56,7524,5206,820,233,1,Persona,US,Mass,0.0577,0
CLI00004904,62,8075,2029,625,140,1,Empresa,CO,Mass,0.0209,0
CLI00004905,29,14715,2475,598,178,2,Persona,CO,Mass,0.014,0
CLI00004906,57,4519,6172,569,14,3,Persona,CO,Mass,0.1138,0
CLI00004907,35,898,2270,800,144,3,Persona,CO,Mass,0.2106,0
CLI00004908,66,5144,11015,755,91,2,Persona,CO,Mass,0.1784,0
CLI00004909,67,5770,5102,533,215,4,Persona,CO,Premium,0.0737,0
CLI00004910,56,2148,9750,789,190,5,Persona,CO,Premium,0.3782,0
CLI00004911,76,5530,9463,632,207,2,Persona,CO,Mass,0.1426,0
CLI00004912,51,3681,11929,576,213,4,Persona,CO,Mass,0.2701,0
CLI00004913,19,1678,13352,614,172,3,Persona,CO,Premium,0.6631,0
CLI00004914,55,8410,5745,556,58,4,Persona,CO,Private,0.0569,0
CLI00004915,66,3130,9739,491,67,1,Persona,CO,Mass,0.2593,0
CLI00004916,24,3550,10260,743,206,4,Persona,CO,Mass,0.2408,0
CLI00004917,24,3394,714,623,144,4,Persona,CO,Mass,0.0175,0
CLI00004918,34,13205,15467,724,214,4,Persona,CO,Mass,0.0976,0
CLI00004919,70,4756,9413,684,190,5,Persona,CO,Mass,0.1649,0
CLI00004920,50,5235,14243,715,145,4,Persona,MX,Mass,0.2267,0
CLI00004921,78,3454,2237,404,36,5,Persona,CO,Mass,0.054,0
CLI00004922,72,7117,5908,545,235,4,Persona,CO,Premium,0.0692,0
CLI00004923,52,14464,2720,718,58,3,Persona,CO,Mass,0.0157,0
CLI00004924,60,8252,17061,497,59,5,Persona,CO,Mass,0.1723,0
CLI00004925,38,8514,1987,694,35,4,Persona,CO,Mass,0.0194,0
CLI00004926,23,7982,3201,483,16,3,Persona,CO,Mass,0.0334,0
CLI00004927,42,1629,13826,651,90,3,Persona,CO,Mass,0.7072,0
CLI00004928,54,2438,4318,843,202,2,Persona,CO,Private,0.1476,0
CLI00004929,29,4171,3202,742,207,4,Persona,CO,Mass,0.064,0
CLI00004930,31,2749,20064,427,117,3,Persona,CO,Mass,0.6082,0
CLI00004931,18,2097,20904,751,75,1,Persona,CO,Mass,0.8307,0
CLI00004932,63,1099,16681,868,83,3,Persona,CO,Mass,1.2648,0
CLI00004933,73,1673,18933,900,220,5,Persona,CO,Mass,0.943,0
CLI00004934,69,4002,6428,707,13,2,Persona,CO,Premium,0.1338,0
CLI00004935,41,4649,6603,486,13,4,Empresa,CO,Mass,0.1184,0
CLI00004936,54,2605,4238,702,15,3,Persona,CO,Mass,0.1356,0
CLI00004937,77,5235,9582,841,213,2,Empresa,CO,Premium,0.1525,0
CLI00004938,54,3473,4779,627,21,2,Empresa,CO,Premium,0.1147,0
CLI00004939,36,11759,5254,775,225,5,Persona,CO,Premium,0.0372,0
CLI00004940,38,4318,14763,549,44,1,Persona,CO,Mass,0.2849,0
CLI00004941,63,8578,26490,694,131,4,Persona,CO,Mass,0.2573,0
CLI00004942,45,5782,12067,351,232,5,Persona,CO,Mass,0.1739,0
CLI00004943,69,1600,48742,535,27,1,Persona,CO,Mass,2.5385,0
CLI00004944,71,4570,4001,649,67,4,Persona,CO,Mass,0.073,0
CLI00004945,20,1828,1289,606,174,4,Persona,PE,Premium,0.0588,0
CLI00004946,62,4507,16558,493,196,2,Persona,CO,Mass,0.3061,0
CLI00004947,40,2707,3744,590,217,1,Persona,CO,Mass,0.1153,0
CLI00004948,50,6671,6162,689,4,5,Persona,CO,Mass,0.077,0
CLI00004949,34,1679,1380,639,186,1,Persona,MX,Premium,0.0685,0
CLI00004950,40,4972,3297,657,77,5,Empresa,CO,Mass,0.0553,0
CLI00004951,38,7769,1804,737,133,4,Persona,CO,Mass,0.0194,0
CLI00004952,21,10158,5248,608,217,5,Persona,CO,Premium,0.0431,0
CLI00004953,66,2666,5461,813,216,2,Persona,CO,Mass,0.1707,0
CLI00004954,26,4985,8865,531,44,1,Persona,CO,Premium,0.1482,0
CLI00004955,41,5694,27993,881,112,4,Persona,CO,Mass,0.4097,0
CLI00004956,29,16944,15945,783,68,2,Persona,CO,Premium,0.0784,0
CLI00004957,27,1502,1600,607,147,3,Empresa,CO,Mass,0.0888,0
CLI00004958,41,2371,14883,615,198,3,Persona,CO,Mass,0.5231,0
CLI00004959,74,46331,9061,674,76,2,Empresa,US,Mass,0.0163,0
CLI00004960,76,3950,7347,721,29,4,Persona,CO,Premium,0.155,0
CLI00004961,41,1082,7921,781,15,3,Persona,CO,Mass,0.61,0
CLI00004962,49,3083,9942,489,12,4,Empresa,CO,Premium,0.2687,0
CLI00004963,79,536,4056,702,87,4,Persona,CO,Mass,0.6305,0
CLI00004964,32,5959,6752,396,231,4,Persona,CO,Premium,0.0944,0
CLI00004965,76,9394,26474,628,60,2,Persona,CO,Mass,0.2348,0
CLI00004966,24,2370,4008,824,97,4,Persona,CO,Mass,0.1409,0
CLI00004967,32,3372,2893,479,161,2,Persona,CO,Mass,0.0715,0
CLI00004968,38,10289,7618,458,157,5,Persona,CO,Mass,0.0617,0
CLI00004969,20,1211,2616,676,64,5,Persona,US,Premium,0.18,0
CLI00004970,68,1707,1446,816,30,3,Persona,CO,Premium,0.0706,0
CLI00004971,71,4094,5741,689,37,1,Persona,US,Mass,0.1169,0
CLI00004972,41,2692,34496,421,52,5,Persona,CO,Premium,1.0678,1
CLI00004973,69,3885,7796,448,20,3,Persona,MX,Mass,0.1672,1
CLI00004974,65,1788,9687,661,110,5,Persona,US,Mass,0.4515,0
CLI00004975,67,5833,962,508,154,1,Persona,CO,Premium,0.0137,0
CLI00004976,67,4361,12558,666,162,2,Persona,CO,Mass,0.24,0
CLI00004977,53,7626,8896,673,218,2,Persona,CO,Mass,0.0972,0
CLI00004978,24,5769,4167,591,70,5,Persona,CO,Premium,0.0602,0
CLI00004979,75,5798,9701,867,157,3,Persona,CO,Mass,0.1394,0
CLI00004980,55,1545,9605,720,212,1,Persona,CO,Mass,0.518,0
CLI00004981,73,7288,2808,795,6,4,Persona,CO,Premium,0.0321,0
CLI00004982,77,3771,11292,760,187,1,Empresa,CO,Mass,0.2495,0
CLI00004983,29,4301,26826,631,21,3,Persona,CO,Mass,0.5198,0
CLI00004984,42,11368,6451,626,132,5,Persona,CO,Private,0.0473,0
CLI00004985,29,2764,3402,614,199,3,Persona,CO,Mass,0.1026,0
CLI00004986,21,14486,6784,731,110,3,Persona,CL,Mass,0.039,0
CLI00004987,77,15608,19046,571,134,1,Persona,CO,Mass,0.1017,0
CLI00004988,75,8975,2377,857,148,3,Persona,CO,Private,0.0221,0
CLI00004989,75,2242,14451,560,138,5,Persona,CO,Mass,0.5371,0
CLI00004990,72,854,4113,675,175,5,Persona,CO,Mass,0.4013,0
CLI00004991,58,11650,10322,622,206,5,Persona,CO,Mass,0.0738,0
CLI00004992,50,5372,4608,595,32,2,Persona,CO,Premium,0.0715,0
CLI00004993,79,2707,4596,900,99,1,Persona,US,Mass,0.1415,0
CLI00004994,52,12567,37163,597,204,2,Empresa,CO,Mass,0.2464,0
CLI00004995,57,2466,1980,613,91,2,Persona,CO,Mass,0.0669,0
CLI00004996,31,3500,13165,570,117,1,Persona,CO,Mass,0.3134,0
CLI00004997,64,7479,45767,654,178,4,Persona,CO,Mass,0.5099,0
CLI00004998,68,2016,16083,637,224,3,Persona,CO,Mass,0.6648,0
CLI00004999,60,4502,2140,515,60,4,Persona,CO,Mass,0.0396,0
CLI00005000,48,11746,2249,599,229,1,Persona,CO,Mass,0.016,0
